{"elements":[{"from":[5.428571,7.918045,2.0084085],"to":[10.571428,14.775188,6.5798373],"rotation":{"angle":0.0,"axis":"y","origin":[8.0,7.3466163,4.2941227]},"faces":{"east":{"uv":[0.0,3.0,2.0,6.0],"rotation":0,"texture":"#0","tintindex":0},"south":{"uv":[2.25,0.0,4.5,3.0],"rotation":0,"texture":"#0","tintindex":0},"north":{"uv":[0.0,0.0,2.25,3.0],"rotation":0,"texture":"#0","tintindex":0},"west":{"uv":[2.0,3.0,4.0,6.0],"rotation":0,"texture":"#0","tintindex":0},"up":{"uv":[6.25,5.0,4.0,3.0],"rotation":0,"texture":"#0","tintindex":0},"down":{"uv":[6.75,0.0,4.5,2.0],"rotation":0,"texture":"#0","tintindex":0}}},{"from":[6.285714,7.703759,5.951266],"to":[9.714286,9.418045,7.094123],"rotation":{"angle":22.5,"axis":"x","origin":[8.0,7.918045,6.5798373]},"faces":{"east":{"uv":[2.0,9.0,2.5,9.75],"rotation":0,"texture":"#0","tintindex":0},"south":{"uv":[7.75,3.25,9.25,4.0],"rotation":0,"texture":"#0","tintindex":0},"north":{"uv":[4.5,2.0,6.0,2.75],"rotation":0,"texture":"#0","tintindex":0},"west":{"uv":[2.5,9.0,3.0,9.75],"rotation":0,"texture":"#0","tintindex":0},"up":{"uv":[9.75,1.75,8.25,1.25],"rotation":0,"texture":"#0","tintindex":0},"down":{"uv":[6.5,8.75,5.0,9.25],"rotation":0,"texture":"#0","tintindex":0}}}],"textures":{"0":"modelengine:entity/bs_vm_penguin_texture"},"display":{"head":{"translation":[0.0,-6.4,0.0],"scale":[4.0,4.0,4.0]}}}