{"elements":[{"from":[7.142857,7.428571,5.142857],"to":[8.857143,8.0,8.0],"rotation":{"angle":0.0,"axis":"y","origin":[9.142858,7.428571,8.0]},"faces":{"east":{"uv":[9.0,6.5,10.25,6.75],"rotation":0,"texture":"#0","tintindex":0},"south":{"uv":[9.25,4.25,10.0,4.5],"rotation":0,"texture":"#0","tintindex":0},"north":{"uv":[7.5,6.5,8.25,6.75],"rotation":0,"texture":"#0","tintindex":0},"west":{"uv":[9.0,6.75,10.25,7.0],"rotation":0,"texture":"#0","tintindex":0},"up":{"uv":[9.0,7.75,8.25,6.5],"rotation":0,"texture":"#0","tintindex":0},"down":{"uv":[9.0,7.75,8.25,9.0],"rotation":0,"texture":"#0","tintindex":0}}}],"textures":{"0":"modelengine:entity/bs_vm_penguin_texture"},"display":{"head":{"translation":[0.0,-6.4,0.0],"scale":[4.0,4.0,4.0]}}}