{"elements":[{"from":[7.428571,3.4285712,6.285714],"to":[8.0,8.0,9.714286],"rotation":{"angle":0.0,"axis":"y","origin":[10.571428,1.1428566,8.0]},"faces":{"east":{"uv":[6.25,2.0,7.75,4.0],"rotation":0,"texture":"#0","tintindex":0},"south":{"uv":[0.25,9.0,0.5,11.0],"rotation":0,"texture":"#0","tintindex":0},"north":{"uv":[0.0,9.0,0.25,11.0],"rotation":0,"texture":"#0","tintindex":0},"west":{"uv":[6.75,0.0,8.25,2.0],"rotation":0,"texture":"#0","tintindex":0},"up":{"uv":[1.25,10.5,1.0,9.0],"rotation":0,"texture":"#0","tintindex":0},"down":{"uv":[1.5,9.0,1.25,10.5],"rotation":0,"texture":"#0","tintindex":0}}},{"from":[7.428571,2.8571424,6.285714],"to":[8.0,3.4285712,9.142858],"rotation":{"angle":0.0,"axis":"y","origin":[10.571428,1.1428566,8.0]},"faces":{"east":{"uv":[4.5,2.75,5.75,3.0],"rotation":0,"texture":"#0","tintindex":0},"south":{"uv":[6.0,2.0,6.25,2.25],"rotation":0,"texture":"#0","tintindex":0},"north":{"uv":[5.75,2.75,6.0,3.0],"rotation":0,"texture":"#0","tintindex":0},"west":{"uv":[8.25,1.75,9.5,2.0],"rotation":0,"texture":"#0","tintindex":0},"up":{"uv":[3.25,10.25,3.0,9.0],"rotation":0,"texture":"#0","tintindex":0},"down":{"uv":[3.5,9.0,3.25,10.25],"rotation":0,"texture":"#0","tintindex":0}}}],"textures":{"0":"modelengine:entity/bs_vm_penguin_texture"},"display":{"head":{"translation":[0.0,-6.4,0.0],"scale":[4.0,4.0,4.0]}}}