{"elements":[{"from":[7.2,5.8285713,7.2],"to":[8.8,8.571428,8.8],"rotation":{"angle":0.0,"axis":"y","origin":[10.571428,3.9428568,7.142857]},"faces":{"east":{"uv":[5.0,8.5,5.75,9.75],"rotation":0,"texture":"#0","tintindex":0},"south":{"uv":[8.75,1.5,9.5,2.75],"rotation":0,"texture":"#0","tintindex":0},"north":{"uv":[4.0,8.5,4.75,9.75],"rotation":0,"texture":"#0","tintindex":0},"west":{"uv":[9.0,6.75,9.75,8.0],"rotation":0,"texture":"#0","tintindex":0},"up":{"uv":[0.75,11.25,0.0,10.5],"rotation":0,"texture":"#0","tintindex":0},"down":{"uv":[11.25,0.0,10.5,0.75],"rotation":0,"texture":"#0","tintindex":0}}}],"textures":{"0":"modelengine:entity/nocsy_otter_v2"},"display":{"head":{"translation":[0.0,-6.4,0.0],"scale":[4.0,4.0,4.0]}}}