{"elements":[{"from":[7.2,5.8285713,7.2],"to":[8.8,8.571428,8.8],"rotation":{"angle":0.0,"axis":"y","origin":[5.428571,3.9428568,7.142857]},"faces":{"east":{"uv":[9.25,4.5,10.0,5.75],"rotation":0,"texture":"#0","tintindex":0},"south":{"uv":[9.25,8.25,10.0,9.5],"rotation":0,"texture":"#0","tintindex":0},"north":{"uv":[9.25,3.0,10.0,4.25],"rotation":0,"texture":"#0","tintindex":0},"west":{"uv":[9.5,0.0,10.25,1.25],"rotation":0,"texture":"#0","tintindex":0},"up":{"uv":[10.25,11.25,9.5,10.5],"rotation":0,"texture":"#0","tintindex":0},"down":{"uv":[11.25,10.5,10.5,11.25],"rotation":0,"texture":"#0","tintindex":0}}}],"textures":{"0":"modelengine:entity/nocsy_otter_v2"},"display":{"head":{"translation":[0.0,-6.4,0.0],"scale":[4.0,4.0,4.0]}}}