{"elements":[{"from":[7.2,5.771428,7.2],"to":[8.8,8.514286,8.8],"rotation":{"angle":0.0,"axis":"y","origin":[10.571428,3.885714,10.0]},"faces":{"east":{"uv":[0.0,8.25,0.75,9.5],"rotation":0,"texture":"#0","tintindex":0},"south":{"uv":[1.0,8.25,1.75,9.5],"rotation":0,"texture":"#0","tintindex":0},"north":{"uv":[8.0,6.75,8.75,8.0],"rotation":0,"texture":"#0","tintindex":0},"west":{"uv":[2.0,8.25,2.75,9.5],"rotation":0,"texture":"#0","tintindex":0},"up":{"uv":[11.0,4.25,10.25,3.5],"rotation":0,"texture":"#0","tintindex":0},"down":{"uv":[11.0,4.5,10.25,5.25],"rotation":0,"texture":"#0","tintindex":0}}}],"textures":{"0":"modelengine:entity/nocsy_otter_v2"},"display":{"head":{"translation":[0.0,-6.4,0.0],"scale":[4.0,4.0,4.0]}}}