{"elements":[{"from":[4.285714,6.885714,1.3142858],"to":[11.714286,9.114285,14.685715],"rotation":{"angle":0.0,"axis":"y","origin":[8.0,6.885714,7.257143]},"faces":{"east":{"uv":[5.0,0.0,9.5,0.75],"rotation":0,"texture":"#0","tintindex":0},"south":{"uv":[5.0,6.25,7.5,7.0],"rotation":0,"texture":"#0","tintindex":0},"north":{"uv":[5.0,5.5,7.5,6.25],"rotation":0,"texture":"#0","tintindex":0},"west":{"uv":[5.0,0.75,9.5,1.5],"rotation":0,"texture":"#0","tintindex":0},"up":{"uv":[2.5,4.5,0.0,0.0],"rotation":0,"texture":"#0","tintindex":0},"down":{"uv":[5.0,0.0,2.5,4.5],"rotation":0,"texture":"#0","tintindex":0}}}],"textures":{"0":"modelengine:entity/babousa"},"display":{"head":{"translation":[0.0,-6.4,0.0],"scale":[4.0,4.0,4.0]}}}