{"elements":[{"from":[7.257143,6.885714,7.257143],"to":[8.742857,12.085714,8.742857],"rotation":{"angle":-22.5,"axis":"x","origin":[8.0,8.0,8.0]},"faces":{"east":{"uv":[5.5,7.0,6.0,8.75],"rotation":0,"texture":"#0","tintindex":0},"south":{"uv":[6.0,7.0,6.5,8.75],"rotation":0,"texture":"#0","tintindex":0},"north":{"uv":[5.0,7.0,5.5,8.75],"rotation":0,"texture":"#0","tintindex":0},"west":{"uv":[6.5,7.0,7.0,8.75],"rotation":0,"texture":"#0","tintindex":0},"up":{"uv":[2.0,7.75,1.5,7.25],"rotation":0,"texture":"#0","tintindex":0},"down":{"uv":[2.5,7.25,2.0,7.75],"rotation":0,"texture":"#0","tintindex":0}}}],"textures":{"0":"modelengine:entity/babousa"},"display":{"head":{"translation":[0.0,-6.4,0.0],"scale":[4.0,4.0,4.0]}}}