{"elements":[{"from":[2.818571,7.257143,-0.17142868],"to":[10.21,10.228572,8.0],"rotation":{"angle":45.0,"axis":"x","origin":[6.5142856,8.0,7.257143]},"faces":{"east":{"uv":[5.0,1.5,7.75,2.5],"rotation":0,"texture":"#0","tintindex":0},"south":{"uv":[5.0,4.5,7.5,5.5],"rotation":0,"texture":"#0","tintindex":0},"north":{"uv":[5.0,3.5,7.5,4.5],"rotation":0,"texture":"#0","tintindex":0},"west":{"uv":[5.0,2.5,7.75,3.5],"rotation":0,"texture":"#0","tintindex":0},"up":{"uv":[2.5,7.25,0.0,4.5],"rotation":0,"texture":"#0","tintindex":0},"down":{"uv":[5.0,4.5,2.5,7.25],"rotation":0,"texture":"#0","tintindex":0}}}],"textures":{"0":"modelengine:entity/babousa"},"display":{"head":{"translation":[0.0,-6.4,0.0],"scale":[4.0,4.0,4.0]}}}