{"elements":[{"from":[5.714286,1.1428566,6.857143],"to":[8.0,9.142858,9.142858],"rotation":{"angle":0.0,"axis":"y","origin":[7.428571,1.1428566,7.428571]},"faces":{"east":{"uv":[8.25,0.0,9.25,3.5],"rotation":0,"texture":"#0","tintindex":0},"south":{"uv":[2.5,8.5,3.5,12.0],"rotation":0,"texture":"#0","tintindex":0},"north":{"uv":[6.0,8.0,7.0,11.5],"rotation":0,"texture":"#0","tintindex":0},"west":{"uv":[8.5,7.5,9.5,11.0],"rotation":0,"texture":"#0","tintindex":0},"up":{"uv":[13.5,12.75,12.5,11.75],"rotation":0,"texture":"#0","tintindex":0},"down":{"uv":[13.75,0.0,12.75,1.0],"rotation":0,"texture":"#0","tintindex":0}}}],"textures":{"0":"modelengine:entity/salvaje"},"display":{"head":{"translation":[0.0,-6.4,0.0],"scale":[4.0,4.0,4.0]}}}