{"elements":[{"from":[8.0,1.1428566,6.857143],"to":[10.285714,9.142858,9.142858],"rotation":{"angle":0.0,"axis":"y","origin":[9.714286,1.1428566,7.428571]},"faces":{"east":{"uv":[7.5,7.5,8.5,11.0],"rotation":0,"texture":"#0","tintindex":0},"south":{"uv":[4.0,8.0,5.0,11.5],"rotation":0,"texture":"#0","tintindex":0},"north":{"uv":[1.5,6.5,2.5,10.0],"rotation":0,"texture":"#0","tintindex":0},"west":{"uv":[5.0,8.0,6.0,11.5],"rotation":0,"texture":"#0","tintindex":0},"up":{"uv":[1.0,13.5,0.0,12.5],"rotation":0,"texture":"#0","tintindex":0},"down":{"uv":[13.5,10.75,12.5,11.75],"rotation":0,"texture":"#0","tintindex":0}}}],"textures":{"0":"modelengine:entity/salvaje"},"display":{"head":{"translation":[0.0,-6.4,0.0],"scale":[4.0,4.0,4.0]}}}