{"elements":[{"from":[5.428571,5.142857,5.142857],"to":[10.571428,10.285714,10.285714],"rotation":{"angle":0.0,"axis":"y","origin":[8.0,3.4285712,8.0]},"faces":{"east":{"uv":[8.0,5.0,10.25,7.25],"rotation":0,"texture":"#0","tintindex":0},"south":{"uv":[7.25,8.0,9.5,10.25],"rotation":0,"texture":"#0","tintindex":0},"north":{"uv":[5.0,8.0,7.25,10.25],"rotation":0,"texture":"#0","tintindex":0},"west":{"uv":[8.25,0.0,10.5,2.25],"rotation":0,"texture":"#0","tintindex":0},"up":{"uv":[10.5,4.5,8.25,2.25],"rotation":0,"texture":"#0","tintindex":0},"down":{"uv":[2.25,8.5,0.0,10.75],"rotation":0,"texture":"#0","tintindex":0}}},{"from":[10.742857,10.457143,10.457143],"to":[5.2571425,4.9714284,4.9714284],"rotation":{"angle":0.0,"axis":"y","origin":[8.0,3.4285712,8.0]},"faces":{"east":{"uv":[5.5,5.5,8.0,8.0],"rotation":0,"texture":"#0","tintindex":0},"south":{"uv":[5.75,0.0,8.25,2.5],"rotation":0,"texture":"#0","tintindex":0},"north":{"uv":[3.0,5.5,5.5,8.0],"rotation":0,"texture":"#0","tintindex":0},"west":{"uv":[5.75,2.5,8.25,5.0],"rotation":0,"texture":"#0","tintindex":0},"up":{"uv":[2.5,8.5,0.0,6.0],"rotation":0,"texture":"#0","tintindex":0},"down":{"uv":[5.0,8.0,2.5,10.5],"rotation":0,"texture":"#0","tintindex":0}}}],"textures":{"0":"modelengine:entity/gift_pet"},"display":{"head":{"translation":[0.0,-6.4,0.0],"scale":[4.0,4.0,4.0]}}}