{"elements":[{"from":[4.8571424,8.0,5.142857],"to":[11.142858,9.714286,11.428572],"rotation":{"angle":0.0,"axis":"y","origin":[8.0,1.1428566,8.571428]},"faces":{"east":{"uv":[10.25,5.5,13.0,6.25],"rotation":0,"texture":"#0","tintindex":0},"south":{"uv":[10.25,6.25,13.0,7.0],"rotation":0,"texture":"#0","tintindex":0},"north":{"uv":[5.0,10.25,7.75,11.0],"rotation":0,"texture":"#0","tintindex":0},"west":{"uv":[7.75,10.25,10.5,11.0],"rotation":0,"texture":"#0","tintindex":0},"up":{"uv":[5.75,2.75,3.0,0.0],"rotation":0,"texture":"#0","tintindex":0},"down":{"uv":[5.75,2.75,3.0,5.5],"rotation":0,"texture":"#0","tintindex":0}}},{"from":[11.314286,9.885715,11.6],"to":[4.685714,7.8285713,4.9714284],"rotation":{"angle":0.0,"axis":"y","origin":[8.0,1.1428566,8.571428]},"faces":{"east":{"uv":[9.5,8.25,12.5,9.25],"rotation":0,"texture":"#0","tintindex":0},"south":{"uv":[9.5,9.25,12.5,10.25],"rotation":0,"texture":"#0","tintindex":0},"north":{"uv":[9.5,7.25,12.5,8.25],"rotation":0,"texture":"#0","tintindex":0},"west":{"uv":[10.25,4.5,13.25,5.5],"rotation":0,"texture":"#0","tintindex":0},"up":{"uv":[3.0,3.0,0.0,0.0],"rotation":0,"texture":"#0","tintindex":0},"down":{"uv":[3.0,3.0,0.0,6.0],"rotation":0,"texture":"#0","tintindex":0}}},{"from":[1.885714,7.028571,8.742857],"to":[-1.3142853,4.9714284,7.8285713],"rotation":{"angle":-45.0,"axis":"z","origin":[8.0,1.1428566,8.571428]},"faces":{"east":{"uv":[3.0,7.0,2.5,8.0],"rotation":0,"texture":"#0","tintindex":0},"south":{"uv":[12.0,1.0,10.5,2.0],"rotation":0,"texture":"#0","tintindex":0},"north":{"uv":[12.0,0.0,10.5,1.0],"rotation":0,"texture":"#0","tintindex":0},"west":{"uv":[3.0,6.0,2.5,7.0],"rotation":0,"texture":"#0","tintindex":0},"up":{"uv":[5.75,5.5,7.25,5.0],"rotation":0,"texture":"#0","tintindex":0},"down":{"uv":[8.25,4.5,9.75,5.0],"rotation":0,"texture":"#0","tintindex":0}}},{"from":[-1.1428576,5.142857,8.0],"to":[1.7142854,6.857143,8.571428],"rotation":{"angle":-45.0,"axis":"z","origin":[8.0,1.1428566,8.571428]},"faces":{"east":{"uv":[2.5,9.25,2.25,10.0],"rotation":0,"texture":"#0","tintindex":0},"south":{"uv":[10.5,11.0,9.25,11.75],"rotation":0,"texture":"#0","tintindex":0},"north":{"uv":[9.25,7.25,8.0,8.0],"rotation":0,"texture":"#0","tintindex":0},"west":{"uv":[2.5,8.5,2.25,9.25],"rotation":0,"texture":"#0","tintindex":0},"up":{"uv":[10.25,7.25,11.5,7.0],"rotation":0,"texture":"#0","tintindex":0},"down":{"uv":[11.5,7.0,12.75,7.25],"rotation":0,"texture":"#0","tintindex":0}}},{"from":[14.171429,9.885715,8.742857],"to":[10.971429,7.8285713,7.8285713],"rotation":{"angle":22.5,"axis":"z","origin":[8.0,1.1428566,8.571428]},"faces":{"east":{"uv":[2.5,6.0,3.0,7.0],"rotation":0,"texture":"#0","tintindex":0},"south":{"uv":[10.5,1.0,12.0,2.0],"rotation":0,"texture":"#0","tintindex":0},"north":{"uv":[10.5,0.0,12.0,1.0],"rotation":0,"texture":"#0","tintindex":0},"west":{"uv":[2.5,7.0,3.0,8.0],"rotation":0,"texture":"#0","tintindex":0},"up":{"uv":[7.25,5.5,5.75,5.0],"rotation":0,"texture":"#0","tintindex":0},"down":{"uv":[9.75,4.5,8.25,5.0],"rotation":0,"texture":"#0","tintindex":0}}},{"from":[11.142858,8.0,8.0],"to":[14.0,9.714286,8.571428],"rotation":{"angle":22.5,"axis":"z","origin":[8.0,1.1428566,8.571428]},"faces":{"east":{"uv":[2.25,8.5,2.5,9.25],"rotation":0,"texture":"#0","tintindex":0},"south":{"uv":[9.25,11.0,10.5,11.75],"rotation":0,"texture":"#0","tintindex":0},"north":{"uv":[8.0,7.25,9.25,8.0],"rotation":0,"texture":"#0","tintindex":0},"west":{"uv":[2.25,9.25,2.5,10.0],"rotation":0,"texture":"#0","tintindex":0},"up":{"uv":[11.5,7.25,10.25,7.0],"rotation":0,"texture":"#0","tintindex":0},"down":{"uv":[12.75,7.0,11.5,7.25],"rotation":0,"texture":"#0","tintindex":0}}}],"textures":{"0":"modelengine:entity/gift_pet"},"display":{"head":{"translation":[0.0,-6.4,0.0],"scale":[4.0,4.0,4.0]}}}