{"elements":[{"from":[5.285714,4.285714,7.0],"to":[7.0,7.142857,8.714286],"rotation":{"angle":-22.5,"axis":"z","origin":[10.428572,3.142857,8.142858]},"faces":{"east":{"uv":[11.5,3.25,12.25,4.5],"rotation":0,"texture":"#0","tintindex":0},"south":{"uv":[11.5,10.25,12.25,11.5],"rotation":0,"texture":"#0","tintindex":0},"north":{"uv":[11.5,2.0,12.25,3.25],"rotation":0,"texture":"#0","tintindex":0},"west":{"uv":[11.5,11.5,12.25,12.75],"rotation":0,"texture":"#0","tintindex":0},"up":{"uv":[0.75,12.5,0.0,11.75],"rotation":0,"texture":"#0","tintindex":0},"down":{"uv":[1.5,11.75,0.75,12.5],"rotation":0,"texture":"#0","tintindex":0}}},{"from":[7.1714287,7.3142858,8.885715],"to":[5.1142855,4.1142855,6.8285713],"rotation":{"angle":-22.5,"axis":"z","origin":[10.428572,3.142857,8.142858]},"faces":{"east":{"uv":[2.25,10.5,3.25,12.0],"rotation":0,"texture":"#0","tintindex":0},"south":{"uv":[3.25,10.5,4.25,12.0],"rotation":0,"texture":"#0","tintindex":0},"north":{"uv":[10.5,2.0,11.5,3.5],"rotation":0,"texture":"#0","tintindex":0},"west":{"uv":[10.5,10.25,11.5,11.75],"rotation":0,"texture":"#0","tintindex":0},"up":{"uv":[11.5,4.5,10.5,3.5],"rotation":0,"texture":"#0","tintindex":0},"down":{"uv":[1.0,10.75,0.0,11.75],"rotation":0,"texture":"#0","tintindex":0}}}],"textures":{"0":"modelengine:entity/gift_pet"},"display":{"head":{"translation":[0.0,-6.4,0.0],"scale":[4.0,4.0,4.0]}}}