{"elements":[{"from":[7.142857,6.857143,7.142857],"to":[8.857143,8.571428,8.857143],"rotation":{"angle":0.0,"axis":"y","origin":[9.428572,6.285714,8.285714]},"faces":{"east":{"uv":[9.25,11.75,10.0,12.5],"rotation":0,"texture":"#0","tintindex":0},"south":{"uv":[10.0,11.75,10.75,12.5],"rotation":0,"texture":"#0","tintindex":0},"north":{"uv":[1.5,11.75,2.25,12.5],"rotation":0,"texture":"#0","tintindex":0},"west":{"uv":[10.75,11.75,11.5,12.5],"rotation":0,"texture":"#0","tintindex":0},"up":{"uv":[12.75,0.75,12.0,0.0],"rotation":0,"texture":"#0","tintindex":0},"down":{"uv":[12.75,0.75,12.0,1.5],"rotation":0,"texture":"#0","tintindex":0}}},{"from":[9.028571,8.742857,9.028571],"to":[6.9714284,6.6857142,6.9714284],"rotation":{"angle":0.0,"axis":"y","origin":[9.428572,6.285714,8.285714]},"faces":{"east":{"uv":[4.25,11.0,5.25,12.0],"rotation":0,"texture":"#0","tintindex":0},"south":{"uv":[5.25,11.0,6.25,12.0],"rotation":0,"texture":"#0","tintindex":0},"north":{"uv":[1.0,10.75,2.0,11.75],"rotation":0,"texture":"#0","tintindex":0},"west":{"uv":[6.25,11.0,7.25,12.0],"rotation":0,"texture":"#0","tintindex":0},"up":{"uv":[8.25,12.0,7.25,11.0],"rotation":0,"texture":"#0","tintindex":0},"down":{"uv":[9.25,11.0,8.25,12.0],"rotation":0,"texture":"#0","tintindex":0}}}],"textures":{"0":"modelengine:entity/gift_pet"},"display":{"head":{"translation":[0.0,-6.4,0.0],"scale":[4.0,4.0,4.0]}}}