{"elements":[{"from":[7.142857,6.857143,7.142857],"to":[8.857143,8.571428,8.857143],"rotation":{"angle":0.0,"axis":"y","origin":[6.5714283,6.285714,8.285714]},"faces":{"east":{"uv":[11.5,11.75,10.75,12.5],"rotation":0,"texture":"#0","tintindex":0},"south":{"uv":[10.75,11.75,10.0,12.5],"rotation":0,"texture":"#0","tintindex":0},"north":{"uv":[2.25,11.75,1.5,12.5],"rotation":0,"texture":"#0","tintindex":0},"west":{"uv":[10.0,11.75,9.25,12.5],"rotation":0,"texture":"#0","tintindex":0},"up":{"uv":[12.0,0.75,12.75,0.0],"rotation":0,"texture":"#0","tintindex":0},"down":{"uv":[12.0,0.75,12.75,1.5],"rotation":0,"texture":"#0","tintindex":0}}},{"from":[9.028571,8.742857,9.028571],"to":[6.9714284,6.6857142,6.9714284],"rotation":{"angle":0.0,"axis":"y","origin":[6.5714283,6.285714,8.285714]},"faces":{"east":{"uv":[7.25,11.0,6.25,12.0],"rotation":0,"texture":"#0","tintindex":0},"south":{"uv":[6.25,11.0,5.25,12.0],"rotation":0,"texture":"#0","tintindex":0},"north":{"uv":[2.0,10.75,1.0,11.75],"rotation":0,"texture":"#0","tintindex":0},"west":{"uv":[5.25,11.0,4.25,12.0],"rotation":0,"texture":"#0","tintindex":0},"up":{"uv":[7.25,12.0,8.25,11.0],"rotation":0,"texture":"#0","tintindex":0},"down":{"uv":[8.25,11.0,9.25,12.0],"rotation":0,"texture":"#0","tintindex":0}}}],"textures":{"0":"modelengine:entity/gift_pet"},"display":{"head":{"translation":[0.0,-6.4,0.0],"scale":[4.0,4.0,4.0]}}}