{"elements":[{"from":[5.714286,2.2857141,6.857143],"to":[8.0,9.142858,9.142858],"rotation":{"angle":0.0,"axis":"y","origin":[10.285714,-4.5714293,8.0]},"faces":{"east":{"uv":[10.0,5.0,11.0,8.0],"rotation":0,"texture":"#0","tintindex":0},"south":{"uv":[13.0,5.0,14.0,8.0],"rotation":0,"texture":"#0","tintindex":0},"north":{"uv":[11.0,5.0,12.0,8.0],"rotation":0,"texture":"#0","tintindex":0},"west":{"uv":[12.0,5.0,13.0,8.0],"rotation":0,"texture":"#0","tintindex":0},"up":{"uv":[11.0,4.0,12.0,5.0],"rotation":0,"texture":"#0","tintindex":0},"down":{"uv":[12.0,4.0,13.0,5.0],"rotation":0,"texture":"#0","tintindex":0}}}],"textures":{"0":"modelengine:entity/zombie"},"display":{"head":{"translation":[0.0,-6.4,0.0],"scale":[4.0,4.0,4.0]}}}