{"elements":[{"from":[0.5714283,8.0,4.0],"to":[15.428572,18.857143,12.0],"rotation":{"angle":0.0,"axis":"y","origin":[8.0,3.4285712,8.0]},"faces":{"east":{"uv":[3.25,3.5,5.0,5.875],"rotation":0,"texture":"#0","tintindex":0},"south":{"uv":[0.0,2.375,3.25,4.75],"rotation":0,"texture":"#0","tintindex":0},"north":{"uv":[0.0,0.0,3.25,2.375],"rotation":0,"texture":"#0","tintindex":0},"west":{"uv":[0.0,4.75,1.75,7.125],"rotation":0,"texture":"#0","tintindex":0},"up":{"uv":[6.5,1.75,3.25,0.0],"rotation":0,"texture":"#0","tintindex":0},"down":{"uv":[6.5,1.75,3.25,3.5],"rotation":0,"texture":"#0","tintindex":0}}}],"textures":{"0":"modelengine:entity/ent"},"display":{"head":{"translation":[0.0,-6.4,0.0],"scale":[4.0,4.0,4.0]}}}