{"elements":[{"from":[4.5714283,1.4285712,5.714286],"to":[8.0,10.0,10.285714],"rotation":{"angle":0.0,"axis":"y","origin":[15.428572,-3.7142859,8.0]},"faces":{"east":{"uv":[1.75,4.75,2.75,6.625],"rotation":0,"texture":"#0","tintindex":0},"south":{"uv":[6.0,3.5,6.75,5.375],"rotation":0,"texture":"#0","tintindex":0},"north":{"uv":[3.75,5.875,4.5,7.75],"rotation":0,"texture":"#0","tintindex":0},"west":{"uv":[5.0,3.5,6.0,5.375],"rotation":0,"texture":"#0","tintindex":0},"up":{"uv":[1.75,8.125,1.0,7.125],"rotation":0,"texture":"#0","tintindex":0},"down":{"uv":[2.5,7.625,1.75,8.625],"rotation":0,"texture":"#0","tintindex":0}}}],"textures":{"0":"modelengine:entity/ent"},"display":{"head":{"translation":[0.0,-6.4,0.0],"scale":[4.0,4.0,4.0]}}}