{"elements":[{"from":[5.714286,3.4285712,5.714286],"to":[10.285714,8.0,10.285714],"rotation":{"angle":0.0,"axis":"y","origin":[11.428572,3.4285712,8.0]},"faces":{"east":{"uv":[0.0,7.125,1.0,8.125],"rotation":0,"texture":"#0","tintindex":0},"south":{"uv":[7.25,0.0,8.25,1.0],"rotation":0,"texture":"#0","tintindex":0},"north":{"uv":[6.75,6.875,7.75,7.875],"rotation":0,"texture":"#0","tintindex":0},"west":{"uv":[4.5,7.25,5.5,8.25],"rotation":0,"texture":"#0","tintindex":0},"up":{"uv":[6.5,8.25,5.5,7.25],"rotation":0,"texture":"#0","tintindex":0},"down":{"uv":[8.5,1.0,7.5,2.0],"rotation":0,"texture":"#0","tintindex":0}}}],"textures":{"0":"modelengine:entity/ent"},"display":{"head":{"translation":[0.0,-6.4,0.0],"scale":[4.0,4.0,4.0]}}}