{"elements":[{"from":[5.714286,3.4285712,5.714286],"to":[10.285714,8.0,10.285714],"rotation":{"angle":0.0,"axis":"y","origin":[4.5714283,3.4285712,8.0]},"faces":{"east":{"uv":[1.75,6.625,2.75,7.625],"rotation":0,"texture":"#0","tintindex":0},"south":{"uv":[6.75,2.875,7.75,3.875],"rotation":0,"texture":"#0","tintindex":0},"north":{"uv":[6.5,1.875,7.5,2.875],"rotation":0,"texture":"#0","tintindex":0},"west":{"uv":[6.75,3.875,7.75,4.875],"rotation":0,"texture":"#0","tintindex":0},"up":{"uv":[7.75,5.875,6.75,4.875],"rotation":0,"texture":"#0","tintindex":0},"down":{"uv":[7.75,5.875,6.75,6.875],"rotation":0,"texture":"#0","tintindex":0}}}],"textures":{"0":"modelengine:entity/ent"},"display":{"head":{"translation":[0.0,-6.4,0.0],"scale":[4.0,4.0,4.0]}}}