{"elements":[{"from":[8.0,1.4285712,5.714286],"to":[11.428572,10.0,10.285714],"rotation":{"angle":0.0,"axis":"y","origin":[0.5714283,-3.7142859,8.0]},"faces":{"east":{"uv":[5.0,5.375,6.0,7.25],"rotation":0,"texture":"#0","tintindex":0},"south":{"uv":[6.5,0.0,7.25,1.875],"rotation":0,"texture":"#0","tintindex":0},"north":{"uv":[6.0,5.375,6.75,7.25],"rotation":0,"texture":"#0","tintindex":0},"west":{"uv":[2.75,5.875,3.75,7.75],"rotation":0,"texture":"#0","tintindex":0},"up":{"uv":[8.5,3.0,7.75,2.0],"rotation":0,"texture":"#0","tintindex":0},"down":{"uv":[3.25,7.75,2.5,8.75],"rotation":0,"texture":"#0","tintindex":0}}}],"textures":{"0":"modelengine:entity/ent"},"display":{"head":{"translation":[0.0,-6.4,0.0],"scale":[4.0,4.0,4.0]}}}