{"elements":[{"from":[-8.0,-2.8571444,-0.2857151],"to":[24.0,26.285713,16.285715],"rotation":{"angle":0.0,"axis":"y","origin":[5.714286,-2.8571444,7.714286]},"faces":{"east":{"uv":[3.5,3.625,5.3125,6.8125],"rotation":0,"texture":"#0","tintindex":0},"south":{"uv":[0.0,3.1875,3.5,6.375],"rotation":0,"texture":"#0","tintindex":0},"north":{"uv":[0.0,0.0,3.5,3.1875],"rotation":0,"texture":"#0","tintindex":0},"west":{"uv":[5.3125,3.625,7.125,6.8125],"rotation":0,"texture":"#0","tintindex":0},"up":{"uv":[7.0,1.8125,3.5,0.0],"rotation":0,"texture":"#0","tintindex":0},"down":{"uv":[7.0,1.8125,3.5,3.625],"rotation":0,"texture":"#0","tintindex":0}}},{"from":[16.57143,26.285713,7.142857],"to":[21.714287,32.0,7.142857],"rotation":{"angle":0.0,"axis":"y","origin":[17.142857,26.285713,7.714286]},"faces":{"east":{"uv":[0.0,0.0,0.0,0.625],"rotation":0,"texture":"#0","tintindex":0},"south":{"uv":[8.5625,12.0625,9.125,12.6875],"rotation":0,"texture":"#0","tintindex":0},"north":{"uv":[8.0,12.0625,8.5625,12.6875],"rotation":0,"texture":"#0","tintindex":0},"west":{"uv":[0.0,0.0,0.0,0.625],"rotation":0,"texture":"#0","tintindex":0},"up":{"uv":[0.5625,0.0,0.0,0.0],"rotation":0,"texture":"#0","tintindex":0},"down":{"uv":[0.5625,0.0,0.0,0.0],"rotation":0,"texture":"#0","tintindex":0}}},{"from":[-8.0,26.285713,3.142857],"to":[-0.57142925,32.0,3.142857],"rotation":{"angle":0.0,"axis":"y","origin":[-4.285715,29.142857,3.142857]},"faces":{"east":{"uv":[0.0,0.0,0.0,0.625],"rotation":0,"texture":"#0","tintindex":0},"south":{"uv":[11.4375,9.8125,12.25,10.4375],"rotation":0,"texture":"#0","tintindex":0},"north":{"uv":[11.4375,9.1875,12.25,9.8125],"rotation":0,"texture":"#0","tintindex":0},"west":{"uv":[0.0,0.0,0.0,0.625],"rotation":0,"texture":"#0","tintindex":0},"up":{"uv":[0.8125,0.0,0.0,0.0],"rotation":0,"texture":"#0","tintindex":0},"down":{"uv":[0.8125,0.0,0.0,0.0],"rotation":0,"texture":"#0","tintindex":0}}},{"from":[6.857143,26.285713,14.571428],"to":[21.714287,32.0,14.571428],"rotation":{"angle":0.0,"axis":"y","origin":[14.285715,29.142857,14.571428]},"faces":{"east":{"uv":[0.0,0.0,0.0,0.625],"rotation":0,"texture":"#0","tintindex":0},"south":{"uv":[9.1875,10.875,10.8125,11.5],"rotation":0,"texture":"#0","tintindex":0},"north":{"uv":[9.9375,8.5625,11.5625,9.1875],"rotation":0,"texture":"#0","tintindex":0},"west":{"uv":[0.0,0.0,0.0,0.625],"rotation":0,"texture":"#0","tintindex":0},"up":{"uv":[1.625,0.0,0.0,0.0],"rotation":0,"texture":"#0","tintindex":0},"down":{"uv":[1.625,0.0,0.0,0.0],"rotation":0,"texture":"#0","tintindex":0}}},{"from":[9.142858,14.285713,16.285715],"to":[9.142858,24.0,21.428572],"rotation":{"angle":0.0,"axis":"y","origin":[19.428572,18.285713,16.857143]},"faces":{"east":{"uv":[10.875,9.1875,11.4375,10.25],"rotation":0,"texture":"#0","tintindex":0},"south":{"uv":[0.0,0.0,0.0,1.0625],"rotation":0,"texture":"#0","tintindex":0},"north":{"uv":[0.0,0.0,0.0,1.0625],"rotation":0,"texture":"#0","tintindex":0},"west":{"uv":[10.875,10.25,11.4375,11.3125],"rotation":0,"texture":"#0","tintindex":0},"up":{"uv":[0.0,0.5625,0.0,0.0],"rotation":0,"texture":"#0","tintindex":0},"down":{"uv":[0.0,0.0,0.0,0.5625],"rotation":0,"texture":"#0","tintindex":0}}},{"from":[18.857143,5.1428556,16.285715],"to":[18.857143,14.8571415,21.428572],"rotation":{"angle":0.0,"axis":"y","origin":[29.142859,9.142856,16.857143]},"faces":{"east":{"uv":[11.25,0.0,11.8125,1.0625],"rotation":0,"texture":"#0","tintindex":0},"south":{"uv":[0.0,0.0,0.0,1.0625],"rotation":0,"texture":"#0","tintindex":0},"north":{"uv":[0.0,0.0,0.0,1.0625],"rotation":0,"texture":"#0","tintindex":0},"west":{"uv":[11.25,1.0625,11.8125,2.125],"rotation":0,"texture":"#0","tintindex":0},"up":{"uv":[0.0,0.5625,0.0,0.0],"rotation":0,"texture":"#0","tintindex":0},"down":{"uv":[0.0,0.0,0.0,0.5625],"rotation":0,"texture":"#0","tintindex":0}}},{"from":[-2.285715,16.571428,16.285715],"to":[-2.285715,26.285713,21.428572],"rotation":{"angle":0.0,"axis":"y","origin":[8.0,20.571428,16.857143]},"faces":{"east":{"uv":[10.8125,11.3125,11.375,12.375],"rotation":0,"texture":"#0","tintindex":0},"south":{"uv":[0.0,0.0,0.0,1.0625],"rotation":0,"texture":"#0","tintindex":0},"north":{"uv":[0.0,0.0,0.0,1.0625],"rotation":0,"texture":"#0","tintindex":0},"west":{"uv":[0.0,11.375,0.5625,12.4375],"rotation":0,"texture":"#0","tintindex":0},"up":{"uv":[0.0,0.5625,0.0,0.0],"rotation":0,"texture":"#0","tintindex":0},"down":{"uv":[0.0,0.0,0.0,0.5625],"rotation":0,"texture":"#0","tintindex":0}}},{"from":[1.7142854,0.57142735,16.285715],"to":[1.7142854,10.285713,21.428572],"rotation":{"angle":0.0,"axis":"y","origin":[12.0,4.5714273,16.857143]},"faces":{"east":{"uv":[0.5625,11.375,1.125,12.4375],"rotation":0,"texture":"#0","tintindex":0},"south":{"uv":[0.0,0.0,0.0,1.0625],"rotation":0,"texture":"#0","tintindex":0},"north":{"uv":[0.0,0.0,0.0,1.0625],"rotation":0,"texture":"#0","tintindex":0},"west":{"uv":[11.375,11.3125,11.9375,12.375],"rotation":0,"texture":"#0","tintindex":0},"up":{"uv":[0.0,0.5625,0.0,0.0],"rotation":0,"texture":"#0","tintindex":0},"down":{"uv":[0.0,0.0,0.0,0.5625],"rotation":0,"texture":"#0","tintindex":0}}}],"textures":{"0":"modelengine:entity/golem"},"display":{"head":{"translation":[0.0,35.88572,0.0],"scale":[4.0,4.0,4.0]}}}