{"elements":[{"from":[0.85714245,14.285715,0.28571415],"to":[7.714286,20.0,0.28571415],"rotation":{"angle":0.0,"axis":"y","origin":[1.4285712,14.285715,0.85714245]},"faces":{"east":{"uv":[0.0,0.0,0.0,0.625],"rotation":0,"texture":"#0","tintindex":0},"south":{"uv":[11.5,7.375,12.25,8.0],"rotation":0,"texture":"#0","tintindex":0},"north":{"uv":[11.4375,10.4375,12.1875,11.0625],"rotation":0,"texture":"#0","tintindex":0},"west":{"uv":[0.0,0.0,0.0,0.625],"rotation":0,"texture":"#0","tintindex":0},"up":{"uv":[0.75,0.0,0.0,0.0],"rotation":0,"texture":"#0","tintindex":0},"down":{"uv":[0.75,0.0,0.0,0.0],"rotation":0,"texture":"#0","tintindex":0}}},{"from":[8.285714,14.285715,4.285714],"to":[15.142858,20.0,4.285714],"rotation":{"angle":0.0,"axis":"y","origin":[11.714286,17.142857,4.285714]},"faces":{"east":{"uv":[0.0,0.0,0.0,0.625],"rotation":0,"texture":"#0","tintindex":0},"south":{"uv":[9.9375,11.5,10.6875,12.125],"rotation":0,"texture":"#0","tintindex":0},"north":{"uv":[9.1875,11.5,9.9375,12.125],"rotation":0,"texture":"#0","tintindex":0},"west":{"uv":[0.0,0.0,0.0,0.625],"rotation":0,"texture":"#0","tintindex":0},"up":{"uv":[0.75,0.0,0.0,0.0],"rotation":0,"texture":"#0","tintindex":0},"down":{"uv":[0.75,0.0,0.0,0.0],"rotation":0,"texture":"#0","tintindex":0}}},{"from":[0.85714245,1.7142854,-0.8571434],"to":[15.142858,14.285715,11.714286],"rotation":{"angle":0.0,"axis":"y","origin":[5.428571,-9.714287,-0.8571434]},"faces":{"east":{"uv":[9.875,0.0,11.25,1.375],"rotation":0,"texture":"#0","tintindex":0},"south":{"uv":[8.3125,0.0,9.875,1.375],"rotation":0,"texture":"#0","tintindex":0},"north":{"uv":[7.125,7.5,8.6875,8.875],"rotation":0,"texture":"#0","tintindex":0},"west":{"uv":[9.875,1.375,11.25,2.75],"rotation":0,"texture":"#0","tintindex":0},"up":{"uv":[9.875,2.75,8.3125,1.375],"rotation":0,"texture":"#0","tintindex":0},"down":{"uv":[9.875,2.75,8.3125,4.125],"rotation":0,"texture":"#0","tintindex":0}}}],"textures":{"0":"modelengine:entity/golem"},"display":{"head":{"translation":[0.0,-6.4,0.0],"scale":[4.0,4.0,4.0]}}}