{"elements":[{"from":[6.285714,1.7142854,-1.7142859],"to":[6.285714,8.0,2.2857141],"rotation":{"angle":0.0,"axis":"y","origin":[1.7142854,-2.285715,-1.1428576]},"faces":{"east":{"uv":[9.125,12.125,9.5625,12.8125],"rotation":0,"texture":"#0","tintindex":0},"south":{"uv":[0.0,0.0,0.0,0.6875],"rotation":0,"texture":"#0","tintindex":0},"north":{"uv":[0.0,0.0,0.0,0.6875],"rotation":0,"texture":"#0","tintindex":0},"west":{"uv":[9.5625,12.125,10.0,12.8125],"rotation":0,"texture":"#0","tintindex":0},"up":{"uv":[0.0,0.4375,0.0,0.0],"rotation":0,"texture":"#0","tintindex":0},"down":{"uv":[0.0,0.0,0.0,0.4375],"rotation":0,"texture":"#0","tintindex":0}}},{"from":[6.285714,1.7142854,13.714286],"to":[6.285714,8.0,17.714287],"rotation":{"angle":0.0,"axis":"y","origin":[1.7142854,-2.285715,14.285715]},"faces":{"east":{"uv":[10.0,12.125,10.4375,12.8125],"rotation":0,"texture":"#0","tintindex":0},"south":{"uv":[0.0,0.0,0.0,0.6875],"rotation":0,"texture":"#0","tintindex":0},"north":{"uv":[0.0,0.0,0.0,0.6875],"rotation":0,"texture":"#0","tintindex":0},"west":{"uv":[11.9375,12.125,12.375,12.8125],"rotation":0,"texture":"#0","tintindex":0},"up":{"uv":[0.0,0.4375,0.0,0.0],"rotation":0,"texture":"#0","tintindex":0},"down":{"uv":[0.0,0.0,0.0,0.4375],"rotation":0,"texture":"#0","tintindex":0}}},{"from":[2.2857141,-4.5714293,2.2857141],"to":[13.714286,10.857143,13.714286],"rotation":{"angle":0.0,"axis":"y","origin":[13.142858,-4.5714293,8.0]},"faces":{"east":{"uv":[8.3125,5.8125,9.5625,7.5],"rotation":0,"texture":"#0","tintindex":0},"south":{"uv":[8.6875,7.5,9.9375,9.1875],"rotation":0,"texture":"#0","tintindex":0},"north":{"uv":[8.3125,4.125,9.5625,5.8125],"rotation":0,"texture":"#0","tintindex":0},"west":{"uv":[7.125,8.875,8.375,10.5625],"rotation":0,"texture":"#0","tintindex":0},"up":{"uv":[1.25,11.375,0.0,10.125],"rotation":0,"texture":"#0","tintindex":0},"down":{"uv":[2.5,10.5625,1.25,11.8125],"rotation":0,"texture":"#0","tintindex":0}}}],"textures":{"0":"modelengine:entity/golem"},"display":{"head":{"translation":[0.0,-6.4,0.0],"scale":[4.0,4.0,4.0]}}}