{"elements":[{"from":[-0.2857151,18.285717,7.142857],"to":[6.5714283,25.14286,7.142857],"rotation":{"angle":0.0,"axis":"y","origin":[1.9999995,18.285717,7.714286]},"faces":{"east":{"uv":[0.0,0.0,0.0,0.75],"rotation":0,"texture":"#0","tintindex":0},"south":{"uv":[11.4375,2.875,12.1875,3.625],"rotation":0,"texture":"#0","tintindex":0},"north":{"uv":[11.4375,2.125,12.1875,2.875],"rotation":0,"texture":"#0","tintindex":0},"west":{"uv":[0.0,0.0,0.0,0.75],"rotation":0,"texture":"#0","tintindex":0},"up":{"uv":[0.75,0.0,0.0,0.0],"rotation":0,"texture":"#0","tintindex":0},"down":{"uv":[0.75,0.0,0.0,0.0],"rotation":0,"texture":"#0","tintindex":0}}},{"from":[-9.428572,-7.999998,7.142857],"to":[-2.5714293,9.714288,7.142857],"rotation":{"angle":0.0,"axis":"y","origin":[-7.1428576,-0.57142735,7.714286]},"faces":{"east":{"uv":[0.0,0.0,0.0,1.9375],"rotation":0,"texture":"#0","tintindex":0},"south":{"uv":[5.75,10.5625,6.5,12.5],"rotation":0,"texture":"#0","tintindex":0},"north":{"uv":[5.0,10.5625,5.75,12.5],"rotation":0,"texture":"#0","tintindex":0},"west":{"uv":[0.0,0.0,0.0,1.9375],"rotation":0,"texture":"#0","tintindex":0},"up":{"uv":[0.75,0.0,0.0,0.0],"rotation":0,"texture":"#0","tintindex":0},"down":{"uv":[0.75,0.0,0.0,0.0],"rotation":0,"texture":"#0","tintindex":0}}},{"from":[0.85714245,6.285716,-1.4285717],"to":[0.85714245,16.000002,2.5714283],"rotation":{"angle":0.0,"axis":"y","origin":[-3.7142859,5.7142878,-0.8571434]},"faces":{"east":{"uv":[11.5625,8.0,12.0,9.0625],"rotation":0,"texture":"#0","tintindex":0},"south":{"uv":[0.0,0.0,0.0,1.0625],"rotation":0,"texture":"#0","tintindex":0},"north":{"uv":[0.0,0.0,0.0,1.0625],"rotation":0,"texture":"#0","tintindex":0},"west":{"uv":[11.8125,0.0,12.25,1.0625],"rotation":0,"texture":"#0","tintindex":0},"up":{"uv":[0.0,0.4375,0.0,0.0],"rotation":0,"texture":"#0","tintindex":0},"down":{"uv":[0.0,0.0,0.0,0.4375],"rotation":0,"texture":"#0","tintindex":0}}},{"from":[0.85714245,6.285716,13.428572],"to":[0.85714245,16.000002,17.428572],"rotation":{"angle":0.0,"axis":"y","origin":[-3.7142859,5.7142878,14.0]},"faces":{"east":{"uv":[11.8125,1.0625,12.25,2.125],"rotation":0,"texture":"#0","tintindex":0},"south":{"uv":[0.0,0.0,0.0,1.0625],"rotation":0,"texture":"#0","tintindex":0},"north":{"uv":[0.0,0.0,0.0,1.0625],"rotation":0,"texture":"#0","tintindex":0},"west":{"uv":[1.125,11.8125,1.5625,12.875],"rotation":0,"texture":"#0","tintindex":0},"up":{"uv":[0.0,0.4375,0.0,0.0],"rotation":0,"texture":"#0","tintindex":0},"down":{"uv":[0.0,0.0,0.0,0.4375],"rotation":0,"texture":"#0","tintindex":0}}},{"from":[4.285714,-11.999998,-1.4285717],"to":[4.285714,-2.2857132,2.5714283],"rotation":{"angle":0.0,"axis":"y","origin":[-0.2857151,-12.571428,-0.8571434]},"faces":{"east":{"uv":[1.5625,11.8125,2.0,12.875],"rotation":0,"texture":"#0","tintindex":0},"south":{"uv":[0.0,0.0,0.0,1.0625],"rotation":0,"texture":"#0","tintindex":0},"north":{"uv":[0.0,0.0,0.0,1.0625],"rotation":0,"texture":"#0","tintindex":0},"west":{"uv":[2.0,11.8125,2.4375,12.875],"rotation":0,"texture":"#0","tintindex":0},"up":{"uv":[0.0,0.4375,0.0,0.0],"rotation":0,"texture":"#0","tintindex":0},"down":{"uv":[0.0,0.0,0.0,0.4375],"rotation":0,"texture":"#0","tintindex":0}}},{"from":[4.285714,-11.999998,13.428572],"to":[4.285714,-2.2857132,17.428572],"rotation":{"angle":0.0,"axis":"y","origin":[-0.2857151,-12.571428,14.0]},"faces":{"east":{"uv":[2.4375,11.8125,2.875,12.875],"rotation":0,"texture":"#0","tintindex":0},"south":{"uv":[0.0,0.0,0.0,1.0625],"rotation":0,"texture":"#0","tintindex":0},"north":{"uv":[0.0,0.0,0.0,1.0625],"rotation":0,"texture":"#0","tintindex":0},"west":{"uv":[2.875,11.8125,3.3125,12.875],"rotation":0,"texture":"#0","tintindex":0},"up":{"uv":[0.0,0.4375,0.0,0.0],"rotation":0,"texture":"#0","tintindex":0},"down":{"uv":[0.0,0.0,0.0,0.4375],"rotation":0,"texture":"#0","tintindex":0}}},{"from":[-2.5714293,-16.0,2.5714283],"to":[8.285714,18.285717,13.428572],"rotation":{"angle":0.0,"axis":"y","origin":[-10.0,-5.714285,7.714286]},"faces":{"east":{"uv":[1.1875,6.375,2.375,10.125],"rotation":0,"texture":"#0","tintindex":0},"south":{"uv":[2.375,6.8125,3.5625,10.5625],"rotation":0,"texture":"#0","tintindex":0},"north":{"uv":[0.0,6.375,1.1875,10.125],"rotation":0,"texture":"#0","tintindex":0},"west":{"uv":[3.5625,6.8125,4.75,10.5625],"rotation":0,"texture":"#0","tintindex":0},"up":{"uv":[12.0,5.0,10.8125,3.8125],"rotation":0,"texture":"#0","tintindex":0},"down":{"uv":[12.0,5.0,10.8125,6.1875],"rotation":0,"texture":"#0","tintindex":0}}}],"textures":{"0":"modelengine:entity/golem"},"display":{"head":{"translation":[0.0,-20.114294,0.0],"scale":[4.0,4.0,4.0]}}}