{"elements":[{"from":[10.285714,1.7142854,-1.7142859],"to":[10.285714,8.0,2.2857141],"rotation":{"angle":0.0,"axis":"y","origin":[5.714286,-2.285715,-1.1428576]},"faces":{"east":{"uv":[12.1875,2.125,12.625,2.8125],"rotation":0,"texture":"#0","tintindex":0},"south":{"uv":[0.0,0.0,0.0,0.6875],"rotation":0,"texture":"#0","tintindex":0},"north":{"uv":[0.0,0.0,0.0,0.6875],"rotation":0,"texture":"#0","tintindex":0},"west":{"uv":[12.1875,2.8125,12.625,3.5],"rotation":0,"texture":"#0","tintindex":0},"up":{"uv":[0.0,0.4375,0.0,0.0],"rotation":0,"texture":"#0","tintindex":0},"down":{"uv":[0.0,0.0,0.0,0.4375],"rotation":0,"texture":"#0","tintindex":0}}},{"from":[10.285714,1.7142854,13.714286],"to":[10.285714,8.0,17.714287],"rotation":{"angle":0.0,"axis":"y","origin":[5.714286,-2.285715,14.285715]},"faces":{"east":{"uv":[12.25,0.0,12.6875,0.6875],"rotation":0,"texture":"#0","tintindex":0},"south":{"uv":[0.0,0.0,0.0,0.6875],"rotation":0,"texture":"#0","tintindex":0},"north":{"uv":[0.0,0.0,0.0,0.6875],"rotation":0,"texture":"#0","tintindex":0},"west":{"uv":[12.25,0.6875,12.6875,1.375],"rotation":0,"texture":"#0","tintindex":0},"up":{"uv":[0.0,0.4375,0.0,0.0],"rotation":0,"texture":"#0","tintindex":0},"down":{"uv":[0.0,0.0,0.0,0.4375],"rotation":0,"texture":"#0","tintindex":0}}},{"from":[2.2857141,-4.5714293,2.2857141],"to":[13.714286,10.857143,13.714286],"rotation":{"angle":0.0,"axis":"y","origin":[10.857143,-4.5714293,8.0]},"faces":{"east":{"uv":[9.5625,4.125,10.8125,5.8125],"rotation":0,"texture":"#0","tintindex":0},"south":{"uv":[9.5625,5.8125,10.8125,7.5],"rotation":0,"texture":"#0","tintindex":0},"north":{"uv":[8.375,9.1875,9.625,10.875],"rotation":0,"texture":"#0","tintindex":0},"west":{"uv":[9.625,9.1875,10.875,10.875],"rotation":0,"texture":"#0","tintindex":0},"up":{"uv":[3.75,11.8125,2.5,10.5625],"rotation":0,"texture":"#0","tintindex":0},"down":{"uv":[5.0,10.5625,3.75,11.8125],"rotation":0,"texture":"#0","tintindex":0}}}],"textures":{"0":"modelengine:entity/golem"},"display":{"head":{"translation":[0.0,-6.4,0.0],"scale":[4.0,4.0,4.0]}}}