{"elements":[{"from":[11.714286,-12.0,-1.4285717],"to":[11.714286,-2.2857132,2.5714283],"rotation":{"angle":0.0,"axis":"y","origin":[7.142857,-12.571428,-0.8571434]},"faces":{"east":{"uv":[3.3125,11.8125,3.75,12.875],"rotation":0,"texture":"#0","tintindex":0},"south":{"uv":[0.0,0.0,0.0,1.0625],"rotation":0,"texture":"#0","tintindex":0},"north":{"uv":[0.0,0.0,0.0,1.0625],"rotation":0,"texture":"#0","tintindex":0},"west":{"uv":[3.75,11.8125,4.1875,12.875],"rotation":0,"texture":"#0","tintindex":0},"up":{"uv":[0.0,0.4375,0.0,0.0],"rotation":0,"texture":"#0","tintindex":0},"down":{"uv":[0.0,0.0,0.0,0.4375],"rotation":0,"texture":"#0","tintindex":0}}},{"from":[11.714286,-12.0,13.428572],"to":[11.714286,-2.2857132,17.428572],"rotation":{"angle":0.0,"axis":"y","origin":[7.142857,-12.571428,14.0]},"faces":{"east":{"uv":[4.1875,11.8125,4.625,12.875],"rotation":0,"texture":"#0","tintindex":0},"south":{"uv":[0.0,0.0,0.0,1.0625],"rotation":0,"texture":"#0","tintindex":0},"north":{"uv":[0.0,0.0,0.0,1.0625],"rotation":0,"texture":"#0","tintindex":0},"west":{"uv":[11.9375,11.0625,12.375,12.125],"rotation":0,"texture":"#0","tintindex":0},"up":{"uv":[0.0,0.4375,0.0,0.0],"rotation":0,"texture":"#0","tintindex":0},"down":{"uv":[0.0,0.0,0.0,0.4375],"rotation":0,"texture":"#0","tintindex":0}}},{"from":[16.285715,6.285716,-1.4285717],"to":[16.285715,16.000002,2.5714283],"rotation":{"angle":0.0,"axis":"y","origin":[11.714286,5.7142873,-0.8571434]},"faces":{"east":{"uv":[12.0,3.625,12.4375,4.6875],"rotation":0,"texture":"#0","tintindex":0},"south":{"uv":[0.0,0.0,0.0,1.0625],"rotation":0,"texture":"#0","tintindex":0},"north":{"uv":[0.0,0.0,0.0,1.0625],"rotation":0,"texture":"#0","tintindex":0},"west":{"uv":[12.0,4.6875,12.4375,5.75],"rotation":0,"texture":"#0","tintindex":0},"up":{"uv":[0.0,0.4375,0.0,0.0],"rotation":0,"texture":"#0","tintindex":0},"down":{"uv":[0.0,0.0,0.0,0.4375],"rotation":0,"texture":"#0","tintindex":0}}},{"from":[16.285715,6.285716,13.428572],"to":[16.285715,16.000002,17.428572],"rotation":{"angle":0.0,"axis":"y","origin":[11.714286,5.7142873,14.0]},"faces":{"east":{"uv":[12.0,5.75,12.4375,6.8125],"rotation":0,"texture":"#0","tintindex":0},"south":{"uv":[0.0,0.0,0.0,1.0625],"rotation":0,"texture":"#0","tintindex":0},"north":{"uv":[0.0,0.0,0.0,1.0625],"rotation":0,"texture":"#0","tintindex":0},"west":{"uv":[12.0,8.0,12.4375,9.0625],"rotation":0,"texture":"#0","tintindex":0},"up":{"uv":[0.0,0.4375,0.0,0.0],"rotation":0,"texture":"#0","tintindex":0},"down":{"uv":[0.0,0.0,0.0,0.4375],"rotation":0,"texture":"#0","tintindex":0}}},{"from":[19.142857,-7.999998,7.142857],"to":[26.0,9.714288,7.142857],"rotation":{"angle":0.0,"axis":"y","origin":[21.428572,-0.57142735,7.714286]},"faces":{"east":{"uv":[0.0,0.0,0.0,1.9375],"rotation":0,"texture":"#0","tintindex":0},"south":{"uv":[7.25,10.5625,8.0,12.5],"rotation":0,"texture":"#0","tintindex":0},"north":{"uv":[6.5,10.5625,7.25,12.5],"rotation":0,"texture":"#0","tintindex":0},"west":{"uv":[0.0,0.0,0.0,1.9375],"rotation":0,"texture":"#0","tintindex":0},"up":{"uv":[0.75,0.0,0.0,0.0],"rotation":0,"texture":"#0","tintindex":0},"down":{"uv":[0.75,0.0,0.0,0.0],"rotation":0,"texture":"#0","tintindex":0}}},{"from":[8.285714,-16.0,2.5714283],"to":[19.142857,18.285717,13.428572],"rotation":{"angle":0.0,"axis":"y","origin":[0.85714245,-5.714285,7.714286]},"faces":{"east":{"uv":[5.9375,6.8125,7.125,10.5625],"rotation":0,"texture":"#0","tintindex":0},"south":{"uv":[7.125,0.0,8.3125,3.75],"rotation":0,"texture":"#0","tintindex":0},"north":{"uv":[4.75,6.8125,5.9375,10.5625],"rotation":0,"texture":"#0","tintindex":0},"west":{"uv":[7.125,3.75,8.3125,7.5],"rotation":0,"texture":"#0","tintindex":0},"up":{"uv":[12.0,7.375,10.8125,6.1875],"rotation":0,"texture":"#0","tintindex":0},"down":{"uv":[9.1875,10.875,8.0,12.0625],"rotation":0,"texture":"#0","tintindex":0}}}],"textures":{"0":"modelengine:entity/golem"},"display":{"head":{"translation":[0.0,-22.400007,0.0],"scale":[4.0,4.0,4.0]}}}