{"elements":[{"from":[16.0,6.857143,6.857143],"to":[18.285715,9.142858,9.142858],"rotation":{"angle":0.0,"axis":"y","origin":[17.142857,7.428571,7.428571]},"faces":{"east":{"uv":[0.0,2.0,2.0,4.0],"rotation":0,"texture":"#1","tintindex":0},"south":{"uv":[2.0,0.0,4.0,2.0],"rotation":0,"texture":"#1","tintindex":0},"north":{"uv":[0.0,0.0,2.0,2.0],"rotation":0,"texture":"#1","tintindex":0},"west":{"uv":[2.0,2.0,4.0,4.0],"rotation":0,"texture":"#1","tintindex":0},"up":{"uv":[2.0,6.0,0.0,4.0],"rotation":0,"texture":"#1","tintindex":0},"down":{"uv":[6.0,0.0,4.0,2.0],"rotation":0,"texture":"#1","tintindex":0}}},{"from":[0.0,0.0,6.857143],"to":[2.2857141,2.2857141,9.142858],"rotation":{"angle":0.0,"axis":"y","origin":[1.1428566,1.1428566,8.0]},"faces":{"east":{"uv":[4.0,2.0,6.0,4.0],"rotation":0,"texture":"#1","tintindex":0},"south":{"uv":[4.0,4.0,6.0,6.0],"rotation":0,"texture":"#1","tintindex":0},"north":{"uv":[2.0,4.0,4.0,6.0],"rotation":0,"texture":"#1","tintindex":0},"west":{"uv":[0.0,6.0,2.0,8.0],"rotation":0,"texture":"#1","tintindex":0},"up":{"uv":[8.0,2.0,6.0,0.0],"rotation":0,"texture":"#1","tintindex":0},"down":{"uv":[4.0,6.0,2.0,8.0],"rotation":0,"texture":"#1","tintindex":0}}},{"from":[13.714286,0.0,6.857143],"to":[16.0,2.2857141,9.142858],"rotation":{"angle":0.0,"axis":"y","origin":[14.857143,0.5714283,7.428571]},"faces":{"east":{"uv":[4.0,6.0,6.0,8.0],"rotation":0,"texture":"#1","tintindex":0},"south":{"uv":[6.0,4.0,8.0,6.0],"rotation":0,"texture":"#1","tintindex":0},"north":{"uv":[6.0,2.0,8.0,4.0],"rotation":0,"texture":"#1","tintindex":0},"west":{"uv":[6.0,6.0,8.0,8.0],"rotation":0,"texture":"#1","tintindex":0},"up":{"uv":[2.0,10.0,0.0,8.0],"rotation":0,"texture":"#1","tintindex":0},"down":{"uv":[10.0,0.0,8.0,2.0],"rotation":0,"texture":"#1","tintindex":0}}},{"from":[13.714286,13.714286,6.857143],"to":[16.0,16.0,9.142858],"rotation":{"angle":0.0,"axis":"y","origin":[14.857143,14.285715,7.428571]},"faces":{"east":{"uv":[8.0,2.0,10.0,4.0],"rotation":0,"texture":"#1","tintindex":0},"south":{"uv":[4.0,8.0,6.0,10.0],"rotation":0,"texture":"#1","tintindex":0},"north":{"uv":[2.0,8.0,4.0,10.0],"rotation":0,"texture":"#1","tintindex":0},"west":{"uv":[8.0,4.0,10.0,6.0],"rotation":0,"texture":"#1","tintindex":0},"up":{"uv":[8.0,10.0,6.0,8.0],"rotation":0,"texture":"#1","tintindex":0},"down":{"uv":[10.0,6.0,8.0,8.0],"rotation":0,"texture":"#1","tintindex":0}}},{"from":[0.0,13.714286,6.857143],"to":[2.2857141,16.0,9.142858],"rotation":{"angle":0.0,"axis":"y","origin":[1.1428566,14.285715,7.428571]},"faces":{"east":{"uv":[0.0,10.0,2.0,12.0],"rotation":0,"texture":"#1","tintindex":0},"south":{"uv":[10.0,0.0,12.0,2.0],"rotation":0,"texture":"#1","tintindex":0},"north":{"uv":[8.0,8.0,10.0,10.0],"rotation":0,"texture":"#1","tintindex":0},"west":{"uv":[2.0,10.0,4.0,12.0],"rotation":0,"texture":"#1","tintindex":0},"up":{"uv":[12.0,4.0,10.0,2.0],"rotation":0,"texture":"#1","tintindex":0},"down":{"uv":[6.0,10.0,4.0,12.0],"rotation":0,"texture":"#1","tintindex":0}}},{"from":[-2.285715,6.857143,6.857143],"to":[0.0,9.142858,9.142858],"rotation":{"angle":0.0,"axis":"y","origin":[-1.1428576,7.428571,7.428571]},"faces":{"east":{"uv":[6.0,10.0,8.0,12.0],"rotation":0,"texture":"#1","tintindex":0},"south":{"uv":[10.0,6.0,12.0,8.0],"rotation":0,"texture":"#1","tintindex":0},"north":{"uv":[10.0,4.0,12.0,6.0],"rotation":0,"texture":"#1","tintindex":0},"west":{"uv":[8.0,10.0,10.0,12.0],"rotation":0,"texture":"#1","tintindex":0},"up":{"uv":[12.0,10.0,10.0,8.0],"rotation":0,"texture":"#1","tintindex":0},"down":{"uv":[12.0,10.0,10.0,12.0],"rotation":0,"texture":"#1","tintindex":0}}},{"from":[6.857143,16.0,6.857143],"to":[9.142858,18.285715,9.142858],"rotation":{"angle":0.0,"axis":"y","origin":[8.0,16.57143,7.428571]},"faces":{"east":{"uv":[12.0,0.0,14.0,2.0],"rotation":0,"texture":"#1","tintindex":0},"south":{"uv":[2.0,12.0,4.0,14.0],"rotation":0,"texture":"#1","tintindex":0},"north":{"uv":[0.0,12.0,2.0,14.0],"rotation":0,"texture":"#1","tintindex":0},"west":{"uv":[12.0,2.0,14.0,4.0],"rotation":0,"texture":"#1","tintindex":0},"up":{"uv":[6.0,14.0,4.0,12.0],"rotation":0,"texture":"#1","tintindex":0},"down":{"uv":[14.0,4.0,12.0,6.0],"rotation":0,"texture":"#1","tintindex":0}}},{"from":[6.857143,-2.285715,6.857143],"to":[9.142858,0.0,9.142858],"rotation":{"angle":0.0,"axis":"y","origin":[8.0,-1.1428576,8.0]},"faces":{"east":{"uv":[12.0,6.0,14.0,8.0],"rotation":0,"texture":"#1","tintindex":0},"south":{"uv":[8.0,12.0,10.0,14.0],"rotation":0,"texture":"#1","tintindex":0},"north":{"uv":[6.0,12.0,8.0,14.0],"rotation":0,"texture":"#1","tintindex":0},"west":{"uv":[12.0,8.0,14.0,10.0],"rotation":0,"texture":"#1","tintindex":0},"up":{"uv":[12.0,14.0,10.0,12.0],"rotation":0,"texture":"#1","tintindex":0},"down":{"uv":[14.0,10.0,12.0,12.0],"rotation":0,"texture":"#1","tintindex":0}}}],"textures":{"1":"modelengine:entity/halo"},"display":{"head":{"translation":[0.0,-6.4,0.0],"scale":[4.0,4.0,4.0]}}}