{"elements":[{"from":[4.5714283,4.5714283,4.5714283],"to":[11.428572,11.428572,11.428572],"rotation":{"angle":0.0,"axis":"y","origin":[8.0,4.5714283,8.0]},"faces":{"east":{"uv":[9.75,6.25,12.75,9.25],"rotation":0,"texture":"#0","tintindex":0},"south":{"uv":[6.5,9.75,9.5,12.75],"rotation":0,"texture":"#0","tintindex":0},"north":{"uv":[9.75,3.25,12.75,6.25],"rotation":0,"texture":"#0","tintindex":0},"west":{"uv":[9.75,9.25,12.75,12.25],"rotation":0,"texture":"#0","tintindex":0},"up":{"uv":[12.5,15.25,9.5,12.25],"rotation":0,"texture":"#0","tintindex":0},"down":{"uv":[15.5,12.25,12.5,15.25],"rotation":0,"texture":"#0","tintindex":0}}},{"from":[4.428571,4.428571,4.428571],"to":[11.571428,11.571428,4.428571],"rotation":{"angle":0.0,"axis":"y","origin":[8.0,4.5714283,3.8571424]},"faces":{"east":{"uv":[0.0,0.0,0.0,3.125],"rotation":0,"texture":"#0","tintindex":0},"south":{"uv":[0.0,3.25,3.125,6.375],"rotation":0,"texture":"#0","tintindex":0},"north":{"uv":[0.0,0.0,3.125,3.125],"rotation":0,"texture":"#0","tintindex":0},"west":{"uv":[0.0,0.0,0.0,3.125],"rotation":0,"texture":"#0","tintindex":0},"up":{"uv":[3.125,0.0,0.0,0.0],"rotation":0,"texture":"#0","tintindex":0},"down":{"uv":[3.125,0.0,0.0,0.0],"rotation":0,"texture":"#0","tintindex":0}}},{"from":[4.428571,4.428571,4.428571],"to":[4.428571,11.571428,11.571428],"rotation":{"angle":0.0,"axis":"y","origin":[8.0,4.5714283,3.8571424]},"faces":{"east":{"uv":[3.25,0.0,6.375,3.125],"rotation":0,"texture":"#0","tintindex":0},"south":{"uv":[0.0,0.0,0.0,3.125],"rotation":0,"texture":"#0","tintindex":0},"north":{"uv":[0.0,0.0,0.0,3.125],"rotation":0,"texture":"#0","tintindex":0},"west":{"uv":[3.25,3.25,6.375,6.375],"rotation":0,"texture":"#0","tintindex":0},"up":{"uv":[0.0,3.125,0.0,0.0],"rotation":0,"texture":"#0","tintindex":0},"down":{"uv":[0.0,0.0,0.0,3.125],"rotation":0,"texture":"#0","tintindex":0}}},{"from":[11.571428,4.428571,4.428571],"to":[11.571428,11.571428,11.571428],"rotation":{"angle":0.0,"axis":"y","origin":[15.142858,4.5714283,3.8571424]},"faces":{"east":{"uv":[0.0,6.5,3.125,9.625],"rotation":0,"texture":"#0","tintindex":0},"south":{"uv":[0.0,0.0,0.0,3.125],"rotation":0,"texture":"#0","tintindex":0},"north":{"uv":[0.0,0.0,0.0,3.125],"rotation":0,"texture":"#0","tintindex":0},"west":{"uv":[6.5,0.0,9.625,3.125],"rotation":0,"texture":"#0","tintindex":0},"up":{"uv":[0.0,3.125,0.0,0.0],"rotation":0,"texture":"#0","tintindex":0},"down":{"uv":[0.0,0.0,0.0,3.125],"rotation":0,"texture":"#0","tintindex":0}}},{"from":[4.428571,11.571428,4.428571],"to":[11.571428,11.571428,11.571428],"rotation":{"angle":0.0,"axis":"y","origin":[15.142858,4.5714283,3.8571424]},"faces":{"east":{"uv":[0.0,0.0,3.125,0.0],"rotation":0,"texture":"#0","tintindex":0},"south":{"uv":[0.0,0.0,3.125,0.0],"rotation":0,"texture":"#0","tintindex":0},"north":{"uv":[0.0,0.0,3.125,0.0],"rotation":0,"texture":"#0","tintindex":0},"west":{"uv":[0.0,0.0,3.125,0.0],"rotation":0,"texture":"#0","tintindex":0},"up":{"uv":[6.375,9.625,3.25,6.5],"rotation":0,"texture":"#0","tintindex":0},"down":{"uv":[9.625,3.25,6.5,6.375],"rotation":0,"texture":"#0","tintindex":0}}},{"from":[4.428571,4.428571,4.428571],"to":[11.571428,4.428571,11.571428],"rotation":{"angle":0.0,"axis":"y","origin":[15.142858,-2.5714293,3.8571424]},"faces":{"east":{"uv":[0.0,0.0,3.125,0.0],"rotation":0,"texture":"#0","tintindex":0},"south":{"uv":[0.0,0.0,3.125,0.0],"rotation":0,"texture":"#0","tintindex":0},"north":{"uv":[0.0,0.0,3.125,0.0],"rotation":0,"texture":"#0","tintindex":0},"west":{"uv":[0.0,0.0,3.125,0.0],"rotation":0,"texture":"#0","tintindex":0},"up":{"uv":[9.625,9.625,6.5,6.5],"rotation":0,"texture":"#0","tintindex":0},"down":{"uv":[3.125,9.75,0.0,12.875],"rotation":0,"texture":"#0","tintindex":0}}},{"from":[4.428571,4.428571,11.571428],"to":[11.571428,11.571428,11.571428],"rotation":{"angle":0.0,"axis":"y","origin":[8.0,4.5714283,11.0]},"faces":{"east":{"uv":[0.0,0.0,0.0,3.125],"rotation":0,"texture":"#0","tintindex":0},"south":{"uv":[3.25,9.75,6.375,12.875],"rotation":0,"texture":"#0","tintindex":0},"north":{"uv":[9.75,0.0,12.875,3.125],"rotation":0,"texture":"#0","tintindex":0},"west":{"uv":[0.0,0.0,0.0,3.125],"rotation":0,"texture":"#0","tintindex":0},"up":{"uv":[3.125,0.0,0.0,0.0],"rotation":0,"texture":"#0","tintindex":0},"down":{"uv":[3.125,0.0,0.0,0.0],"rotation":0,"texture":"#0","tintindex":0}}}],"textures":{"0":"modelengine:entity/ojo"},"display":{"head":{"translation":[0.0,-6.4,0.0],"scale":[4.0,4.0,4.0]}}}