{"elements":[{"from":[6.285714,3.142857,6.285714],"to":[9.714286,12.857143,9.714286],"rotation":{"angle":0.0,"axis":"y","origin":[8.0,-4.8571434,8.0]},"faces":{"east":{"uv":[1.75,8.0,2.5,10.125],"rotation":0,"texture":"#0","tintindex":0},"south":{"uv":[8.0,2.125,8.75,4.25],"rotation":0,"texture":"#0","tintindex":0},"north":{"uv":[8.0,0.0,8.75,2.125],"rotation":0,"texture":"#0","tintindex":0},"west":{"uv":[2.5,8.0,3.25,10.125],"rotation":0,"texture":"#0","tintindex":0},"up":{"uv":[9.5,7.25,8.75,6.5],"rotation":0,"texture":"#0","tintindex":0},"down":{"uv":[9.5,7.25,8.75,8.0],"rotation":0,"texture":"#0","tintindex":0}}}],"textures":{"0":"modelengine:entity/rey_blaze"},"display":{"head":{"translation":[0.0,-6.4,0.0],"scale":[4.0,4.0,4.0]}}}