{"elements":[{"from":[14.285715,-0.8571434,5.142857],"to":[16.0,0.85714245,10.857143],"rotation":{"angle":0.0,"axis":"y","origin":[9.142858,-3.7142859,8.0]},"faces":{"east":{"uv":[8.875,9.875,10.125,10.25],"rotation":0,"texture":"#0","tintindex":0},"south":{"uv":[10.375,3.375,10.75,3.75],"rotation":0,"texture":"#0","tintindex":0},"north":{"uv":[10.375,3.0,10.75,3.375],"rotation":0,"texture":"#0","tintindex":0},"west":{"uv":[9.875,9.125,11.125,9.5],"rotation":0,"texture":"#0","tintindex":0},"up":{"uv":[1.625,11.0,1.25,9.75],"rotation":0,"texture":"#0","tintindex":0},"down":{"uv":[0.375,10.125,0.0,11.375],"rotation":0,"texture":"#0","tintindex":0}}},{"from":[14.285715,0.85714245,3.4285712],"to":[16.0,15.142858,12.571428],"rotation":{"angle":0.0,"axis":"y","origin":[9.142858,-3.7142859,8.0]},"faces":{"east":{"uv":[6.0,0.0,8.0,3.125],"rotation":0,"texture":"#0","tintindex":0},"south":{"uv":[5.875,8.75,6.25,11.875],"rotation":0,"texture":"#0","tintindex":0},"north":{"uv":[5.5,8.75,5.875,11.875],"rotation":0,"texture":"#0","tintindex":0},"west":{"uv":[6.0,3.125,8.0,6.25],"rotation":0,"texture":"#0","tintindex":0},"up":{"uv":[7.0,10.75,6.625,8.75],"rotation":0,"texture":"#0","tintindex":0},"down":{"uv":[7.375,8.75,7.0,10.75],"rotation":0,"texture":"#0","tintindex":0}}},{"from":[14.285715,15.142858,5.142857],"to":[16.0,16.857143,10.857143],"rotation":{"angle":0.0,"axis":"y","origin":[9.142858,-3.7142859,8.0]},"faces":{"east":{"uv":[10.0,5.75,11.25,6.125],"rotation":0,"texture":"#0","tintindex":0},"south":{"uv":[10.5,0.0,10.875,0.375],"rotation":0,"texture":"#0","tintindex":0},"north":{"uv":[10.375,10.25,10.75,10.625],"rotation":0,"texture":"#0","tintindex":0},"west":{"uv":[1.625,10.125,2.875,10.5],"rotation":0,"texture":"#0","tintindex":0},"up":{"uv":[0.75,11.375,0.375,10.125],"rotation":0,"texture":"#0","tintindex":0},"down":{"uv":[1.125,10.125,0.75,11.375],"rotation":0,"texture":"#0","tintindex":0}}}],"textures":{"0":"modelengine:entity/rey_blaze"},"display":{"head":{"translation":[0.0,-6.4,0.0],"scale":[4.0,4.0,4.0]}}}