{"elements":[{"from":[5.142857,-0.8571434,14.142858],"to":[10.857143,0.85714245,15.857143],"rotation":{"angle":0.0,"axis":"y","origin":[8.0,-3.7142859,9.0]},"faces":{"east":{"uv":[10.0,10.25,10.375,10.625],"rotation":0,"texture":"#0","tintindex":0},"south":{"uv":[8.875,9.5,10.125,9.875],"rotation":0,"texture":"#0","tintindex":0},"north":{"uv":[9.5,7.625,10.75,8.0],"rotation":0,"texture":"#0","tintindex":0},"west":{"uv":[10.375,1.875,10.75,2.25],"rotation":0,"texture":"#0","tintindex":0},"up":{"uv":[1.25,10.125,0.0,9.75],"rotation":0,"texture":"#0","tintindex":0},"down":{"uv":[11.0,4.25,9.75,4.625],"rotation":0,"texture":"#0","tintindex":0}}},{"from":[3.4285712,0.85714245,14.142858],"to":[12.571428,15.142858,15.857143],"rotation":{"angle":0.0,"axis":"y","origin":[8.0,-3.7142859,9.0]},"faces":{"east":{"uv":[4.75,8.75,5.125,11.875],"rotation":0,"texture":"#0","tintindex":0},"south":{"uv":[4.0,3.125,6.0,6.25],"rotation":0,"texture":"#0","tintindex":0},"north":{"uv":[4.0,0.0,6.0,3.125],"rotation":0,"texture":"#0","tintindex":0},"west":{"uv":[5.125,8.75,5.5,11.875],"rotation":0,"texture":"#0","tintindex":0},"up":{"uv":[10.75,4.25,8.75,3.875],"rotation":0,"texture":"#0","tintindex":0},"down":{"uv":[10.75,6.125,8.75,6.5],"rotation":0,"texture":"#0","tintindex":0}}},{"from":[5.142857,15.142858,14.142858],"to":[10.857143,16.857143,15.857143],"rotation":{"angle":0.0,"axis":"y","origin":[8.0,-3.7142859,9.0]},"faces":{"east":{"uv":[10.375,2.25,10.75,2.625],"rotation":0,"texture":"#0","tintindex":0},"south":{"uv":[9.75,5.0,11.0,5.375],"rotation":0,"texture":"#0","tintindex":0},"north":{"uv":[9.75,4.625,11.0,5.0],"rotation":0,"texture":"#0","tintindex":0},"west":{"uv":[10.375,2.625,10.75,3.0],"rotation":0,"texture":"#0","tintindex":0},"up":{"uv":[11.0,5.75,9.75,5.375],"rotation":0,"texture":"#0","tintindex":0},"down":{"uv":[11.125,8.75,9.875,9.125],"rotation":0,"texture":"#0","tintindex":0}}}],"textures":{"0":"modelengine:entity/rey_blaze"},"display":{"head":{"translation":[0.0,-6.4,0.0],"scale":[4.0,4.0,4.0]}}}