{"elements":[{"from":[3.4285712,0.85714245,0.0],"to":[12.571428,15.142858,1.7142854],"rotation":{"angle":0.0,"axis":"y","origin":[8.0,-3.7142859,6.857143]},"faces":{"east":{"uv":[3.25,8.75,3.625,11.875],"rotation":0,"texture":"#0","tintindex":0},"south":{"uv":[2.0,0.0,4.0,3.125],"rotation":0,"texture":"#0","tintindex":0},"north":{"uv":[0.0,0.0,2.0,3.125],"rotation":0,"texture":"#0","tintindex":0},"west":{"uv":[3.625,8.75,4.0,11.875],"rotation":0,"texture":"#0","tintindex":0},"up":{"uv":[10.0,6.125,8.0,5.75],"rotation":0,"texture":"#0","tintindex":0},"down":{"uv":[10.75,1.5,8.75,1.875],"rotation":0,"texture":"#0","tintindex":0}}},{"from":[5.142857,-0.8571434,0.0],"to":[10.857143,0.85714245,1.7142854],"rotation":{"angle":0.0,"axis":"y","origin":[8.0,-3.7142859,6.857143]},"faces":{"east":{"uv":[2.875,10.125,3.25,10.5],"rotation":0,"texture":"#0","tintindex":0},"south":{"uv":[8.625,8.75,9.875,9.125],"rotation":0,"texture":"#0","tintindex":0},"north":{"uv":[7.375,8.75,8.625,9.125],"rotation":0,"texture":"#0","tintindex":0},"west":{"uv":[10.125,9.5,10.5,9.875],"rotation":0,"texture":"#0","tintindex":0},"up":{"uv":[10.375,2.25,9.125,1.875],"rotation":0,"texture":"#0","tintindex":0},"down":{"uv":[10.375,2.25,9.125,2.625],"rotation":0,"texture":"#0","tintindex":0}}},{"from":[5.142857,15.142858,0.0],"to":[10.857143,16.857143,1.7142854],"rotation":{"angle":0.0,"axis":"y","origin":[8.0,-3.7142859,6.857143]},"faces":{"east":{"uv":[10.125,9.875,10.5,10.25],"rotation":0,"texture":"#0","tintindex":0},"south":{"uv":[9.125,3.0,10.375,3.375],"rotation":0,"texture":"#0","tintindex":0},"north":{"uv":[9.125,2.625,10.375,3.0],"rotation":0,"texture":"#0","tintindex":0},"west":{"uv":[10.25,8.0,10.625,8.375],"rotation":0,"texture":"#0","tintindex":0},"up":{"uv":[10.375,3.75,9.125,3.375],"rotation":0,"texture":"#0","tintindex":0},"down":{"uv":[8.625,9.125,7.375,9.5],"rotation":0,"texture":"#0","tintindex":0}}}],"textures":{"0":"modelengine:entity/rey_blaze"},"display":{"head":{"translation":[0.0,-6.4,0.0],"scale":[4.0,4.0,4.0]}}}