{"elements":[{"from":[0.0,0.85714245,3.4285712],"to":[1.7142854,15.142858,12.571428],"rotation":{"angle":0.0,"axis":"y","origin":[6.857143,-3.7142859,8.0]},"faces":{"east":{"uv":[0.0,3.125,2.0,6.25],"rotation":0,"texture":"#0","tintindex":0},"south":{"uv":[4.375,8.75,4.75,11.875],"rotation":0,"texture":"#0","tintindex":0},"north":{"uv":[4.0,8.75,4.375,11.875],"rotation":0,"texture":"#0","tintindex":0},"west":{"uv":[2.0,3.125,4.0,6.25],"rotation":0,"texture":"#0","tintindex":0},"up":{"uv":[9.125,3.875,8.75,1.875],"rotation":0,"texture":"#0","tintindex":0},"down":{"uv":[6.625,8.75,6.25,10.75],"rotation":0,"texture":"#0","tintindex":0}}},{"from":[0.0,-0.8571434,5.142857],"to":[1.7142854,0.85714245,10.857143],"rotation":{"angle":0.0,"axis":"y","origin":[6.857143,-3.7142859,8.0]},"faces":{"east":{"uv":[8.625,9.125,9.875,9.5],"rotation":0,"texture":"#0","tintindex":0},"south":{"uv":[8.875,10.25,9.25,10.625],"rotation":0,"texture":"#0","tintindex":0},"north":{"uv":[10.25,8.375,10.625,8.75],"rotation":0,"texture":"#0","tintindex":0},"west":{"uv":[9.5,6.5,10.75,6.875],"rotation":0,"texture":"#0","tintindex":0},"up":{"uv":[7.75,10.75,7.375,9.5],"rotation":0,"texture":"#0","tintindex":0},"down":{"uv":[8.125,9.5,7.75,10.75],"rotation":0,"texture":"#0","tintindex":0}}},{"from":[0.0,15.142858,5.142857],"to":[1.7142854,16.857143,10.857143],"rotation":{"angle":0.0,"axis":"y","origin":[6.857143,-3.7142859,8.0]},"faces":{"east":{"uv":[9.5,6.875,10.75,7.25],"rotation":0,"texture":"#0","tintindex":0},"south":{"uv":[9.625,10.25,10.0,10.625],"rotation":0,"texture":"#0","tintindex":0},"north":{"uv":[9.25,10.25,9.625,10.625],"rotation":0,"texture":"#0","tintindex":0},"west":{"uv":[9.5,7.25,10.75,7.625],"rotation":0,"texture":"#0","tintindex":0},"up":{"uv":[8.5,10.75,8.125,9.5],"rotation":0,"texture":"#0","tintindex":0},"down":{"uv":[8.875,9.5,8.5,10.75],"rotation":0,"texture":"#0","tintindex":0}}}],"textures":{"0":"modelengine:entity/rey_blaze"},"display":{"head":{"translation":[0.0,-6.4,0.0],"scale":[4.0,4.0,4.0]}}}