{"elements":[{"from":[4.0,8.0,4.0],"to":[12.0,16.0,12.0],"rotation":{"angle":0.0,"axis":"y","origin":[8.0,-13.1428585,8.0]},"faces":{"east":{"uv":[1.75,6.25,3.5,8.0],"rotation":0,"texture":"#0","tintindex":0},"south":{"uv":[3.5,6.25,5.25,8.0],"rotation":0,"texture":"#0","tintindex":0},"north":{"uv":[0.0,6.25,1.75,8.0],"rotation":0,"texture":"#0","tintindex":0},"west":{"uv":[5.25,6.25,7.0,8.0],"rotation":0,"texture":"#0","tintindex":0},"up":{"uv":[8.75,8.0,7.0,6.25],"rotation":0,"texture":"#0","tintindex":0},"down":{"uv":[1.75,8.0,0.0,9.75],"rotation":0,"texture":"#0","tintindex":0}}},{"from":[4.0,16.0,4.0],"to":[12.0,19.428572,4.0],"rotation":{"angle":0.0,"axis":"y","origin":[8.0,8.0,8.0]},"faces":{"east":{"uv":[0.0,0.0,0.0,0.75],"rotation":0,"texture":"#0","tintindex":0},"south":{"uv":[8.0,4.25,9.75,5.0],"rotation":0,"texture":"#0","tintindex":0},"north":{"uv":[3.25,8.0,5.0,8.75],"rotation":0,"texture":"#0","tintindex":0},"west":{"uv":[0.0,0.0,0.0,0.75],"rotation":0,"texture":"#0","tintindex":0},"up":{"uv":[1.75,0.0,0.0,0.0],"rotation":0,"texture":"#0","tintindex":0},"down":{"uv":[1.75,0.0,0.0,0.0],"rotation":0,"texture":"#0","tintindex":0}}},{"from":[4.0,16.0,12.0],"to":[12.0,19.428572,12.0],"rotation":{"angle":0.0,"axis":"y","origin":[8.0,8.0,8.0]},"faces":{"east":{"uv":[0.0,0.0,0.0,0.75],"rotation":0,"texture":"#0","tintindex":0},"south":{"uv":[8.0,5.0,9.75,5.75],"rotation":0,"texture":"#0","tintindex":0},"north":{"uv":[5.0,8.0,6.75,8.75],"rotation":0,"texture":"#0","tintindex":0},"west":{"uv":[0.0,0.0,0.0,0.75],"rotation":0,"texture":"#0","tintindex":0},"up":{"uv":[1.75,0.0,0.0,0.0],"rotation":0,"texture":"#0","tintindex":0},"down":{"uv":[1.75,0.0,0.0,0.0],"rotation":0,"texture":"#0","tintindex":0}}},{"from":[4.0,16.0,4.0],"to":[4.0,19.428572,12.0],"rotation":{"angle":0.0,"axis":"y","origin":[8.0,8.0,8.0]},"faces":{"east":{"uv":[6.75,8.0,8.5,8.75],"rotation":0,"texture":"#0","tintindex":0},"south":{"uv":[0.0,0.0,0.0,0.75],"rotation":0,"texture":"#0","tintindex":0},"north":{"uv":[0.0,0.0,0.0,0.75],"rotation":0,"texture":"#0","tintindex":0},"west":{"uv":[8.5,8.0,10.25,8.75],"rotation":0,"texture":"#0","tintindex":0},"up":{"uv":[0.0,1.75,0.0,0.0],"rotation":0,"texture":"#0","tintindex":0},"down":{"uv":[0.0,0.0,0.0,1.75],"rotation":0,"texture":"#0","tintindex":0}}},{"from":[12.0,16.0,4.0],"to":[12.0,19.428572,12.0],"rotation":{"angle":0.0,"axis":"y","origin":[8.0,8.0,8.0]},"faces":{"east":{"uv":[8.75,0.0,10.5,0.75],"rotation":0,"texture":"#0","tintindex":0},"south":{"uv":[0.0,0.0,0.0,0.75],"rotation":0,"texture":"#0","tintindex":0},"north":{"uv":[0.0,0.0,0.0,0.75],"rotation":0,"texture":"#0","tintindex":0},"west":{"uv":[8.75,0.75,10.5,1.5],"rotation":0,"texture":"#0","tintindex":0},"up":{"uv":[0.0,1.75,0.0,0.0],"rotation":0,"texture":"#0","tintindex":0},"down":{"uv":[0.0,0.0,0.0,1.75],"rotation":0,"texture":"#0","tintindex":0}}}],"textures":{"0":"modelengine:entity/rey_blaze"},"display":{"head":{"translation":[0.0,-6.4,0.0],"scale":[4.0,4.0,4.0]}}}