{"elements":[{"from":[7.5714283,7.5714283,4.5714283],"to":[8.428572,8.428572,11.428572],"rotation":{"angle":0.0,"axis":"y","origin":[7.5714283,7.5714283,8.0]},"faces":{"east":{"uv":[0.0,8.0,4.0,8.5],"rotation":0,"texture":"#0","tintindex":0},"south":{"uv":[7.5,8.5,8.0,9.0],"rotation":0,"texture":"#0","tintindex":0},"north":{"uv":[7.0,8.5,7.5,9.0],"rotation":0,"texture":"#0","tintindex":0},"west":{"uv":[4.0,8.0,8.0,8.5],"rotation":0,"texture":"#0","tintindex":0},"up":{"uv":[8.5,12.0,8.0,8.0],"rotation":0,"texture":"#0","tintindex":0},"down":{"uv":[0.5,8.5,0.0,12.5],"rotation":0,"texture":"#0","tintindex":0}}}],"textures":{"0":"modelengine:entity/libro_encantado"},"display":{"head":{"translation":[0.0,-6.4,0.0],"scale":[4.0,4.0,4.0]}}}