{"elements":[{"from":[3.7142854,7.5714283,4.6571426],"to":[8.0,8.0,11.342857],"rotation":{"angle":-22.5,"axis":"z","origin":[8.0,8.0,8.0]},"faces":{"east":{"uv":[0.5,8.5,4.5,9.0],"rotation":0,"texture":"#0","tintindex":0},"south":{"uv":[4.5,9.0,7.0,9.5],"rotation":0,"texture":"#0","tintindex":0},"north":{"uv":[4.5,8.5,7.0,9.0],"rotation":0,"texture":"#0","tintindex":0},"west":{"uv":[8.5,8.0,12.5,8.5],"rotation":0,"texture":"#0","tintindex":0},"up":{"uv":[2.5,4.0,0.0,0.0],"rotation":0,"texture":"#0","tintindex":0},"down":{"uv":[5.0,0.0,2.5,4.0],"rotation":0,"texture":"#0","tintindex":0}}},{"from":[3.9285712,8.0,4.6571426],"to":[8.0,8.428572,11.342857],"rotation":{"angle":-22.5,"axis":"z","origin":[8.0,8.0,8.0]},"faces":{"east":{"uv":[8.5,8.5,12.5,9.0],"rotation":0,"texture":"#0","tintindex":0},"south":{"uv":[0.5,10.0,3.0,10.5],"rotation":0,"texture":"#0","tintindex":0},"north":{"uv":[4.5,9.5,7.0,10.0],"rotation":0,"texture":"#0","tintindex":0},"west":{"uv":[0.5,9.0,4.5,9.5],"rotation":0,"texture":"#0","tintindex":0},"up":{"uv":[2.5,8.0,0.0,4.0],"rotation":0,"texture":"#0","tintindex":0},"down":{"uv":[5.0,4.0,2.5,8.0],"rotation":0,"texture":"#0","tintindex":0}}}],"textures":{"0":"modelengine:entity/libro_encantado"},"display":{"head":{"translation":[0.0,-6.4,0.0],"scale":[4.0,4.0,4.0]}}}