{"elements":[{"from":[8.0,7.785714,4.6571426],"to":[12.285715,8.214286,11.342857],"rotation":{"angle":22.5,"axis":"z","origin":[8.0,8.0,8.0]},"faces":{"east":{"uv":[8.5,9.0,12.5,9.5],"rotation":0,"texture":"#0","tintindex":0},"south":{"uv":[10.0,1.0,12.5,1.5],"rotation":0,"texture":"#0","tintindex":0},"north":{"uv":[10.0,0.5,12.5,1.0],"rotation":0,"texture":"#0","tintindex":0},"west":{"uv":[0.5,9.5,4.5,10.0],"rotation":0,"texture":"#0","tintindex":0},"up":{"uv":[7.5,4.0,5.0,0.0],"rotation":0,"texture":"#0","tintindex":0},"down":{"uv":[7.5,4.0,5.0,8.0],"rotation":0,"texture":"#0","tintindex":0}}},{"from":[8.0,8.214286,4.6571426],"to":[12.071428,8.642858,11.342857],"rotation":{"angle":22.5,"axis":"z","origin":[8.0,8.0,8.0]},"faces":{"east":{"uv":[8.5,9.5,12.5,10.0],"rotation":0,"texture":"#0","tintindex":0},"south":{"uv":[10.0,2.0,12.5,2.5],"rotation":0,"texture":"#0","tintindex":0},"north":{"uv":[10.0,1.5,12.5,2.0],"rotation":0,"texture":"#0","tintindex":0},"west":{"uv":[10.0,0.0,14.0,0.5],"rotation":0,"texture":"#0","tintindex":0},"up":{"uv":[10.0,4.0,7.5,0.0],"rotation":0,"texture":"#0","tintindex":0},"down":{"uv":[10.0,4.0,7.5,8.0],"rotation":0,"texture":"#0","tintindex":0}}}],"textures":{"0":"modelengine:entity/libro_encantado"},"display":{"head":{"translation":[0.0,-6.4,0.0],"scale":[4.0,4.0,4.0]}}}