{"elements":[{"from":[1.7142854,3.3990145,4.9753695],"to":[14.285715,5.684729,15.261084],"rotation":{"angle":0.0,"axis":"y","origin":[8.0,3.3990145,10.118227]},"faces":{"east":{"uv":[5.5,5.5,7.75,6.0],"rotation":0,"texture":"#0","tintindex":0},"south":{"uv":[5.5,3.0,8.25,3.5],"rotation":0,"texture":"#0","tintindex":0},"north":{"uv":[5.5,2.5,8.25,3.0],"rotation":0,"texture":"#0","tintindex":0},"west":{"uv":[0.0,5.75,2.25,6.25],"rotation":0,"texture":"#0","tintindex":0},"up":{"uv":[5.5,2.25,2.75,0.0],"rotation":0,"texture":"#0","tintindex":0},"down":{"uv":[5.5,2.25,2.75,4.5],"rotation":0,"texture":"#0","tintindex":0}}},{"from":[1.7142854,5.684729,4.9753695],"to":[14.285715,7.9704432,5.5467978],"rotation":{"angle":0.0,"axis":"y","origin":[8.0,3.3990145,10.118227]},"faces":{"east":{"uv":[6.875,8.25,7.0,8.75],"rotation":0,"texture":"#0","tintindex":0},"south":{"uv":[5.5,4.0,8.25,4.5],"rotation":0,"texture":"#0","tintindex":0},"north":{"uv":[5.5,3.5,8.25,4.0],"rotation":0,"texture":"#0","tintindex":0},"west":{"uv":[0.375,8.625,0.5,9.125],"rotation":0,"texture":"#0","tintindex":0},"up":{"uv":[3.5,7.875,0.75,7.75],"rotation":0,"texture":"#0","tintindex":0},"down":{"uv":[10.5,0.75,7.75,0.875],"rotation":0,"texture":"#0","tintindex":0}}},{"from":[1.7142854,5.684729,14.689655],"to":[14.285715,7.9704432,15.261084],"rotation":{"angle":0.0,"axis":"y","origin":[8.0,3.3990145,10.118227]},"faces":{"east":{"uv":[8.625,3.25,8.75,3.75],"rotation":0,"texture":"#0","tintindex":0},"south":{"uv":[5.5,5.0,8.25,5.5],"rotation":0,"texture":"#0","tintindex":0},"north":{"uv":[5.5,4.5,8.25,5.0],"rotation":0,"texture":"#0","tintindex":0},"west":{"uv":[8.625,3.75,8.75,4.25],"rotation":0,"texture":"#0","tintindex":0},"up":{"uv":[10.5,1.0,7.75,0.875],"rotation":0,"texture":"#0","tintindex":0},"down":{"uv":[10.5,1.0,7.75,1.125],"rotation":0,"texture":"#0","tintindex":0}}},{"from":[13.714286,5.684729,5.5467978],"to":[14.285715,7.9704432,14.689655],"rotation":{"angle":0.0,"axis":"y","origin":[8.0,3.3990145,10.118227]},"faces":{"east":{"uv":[2.25,5.75,4.25,6.25],"rotation":0,"texture":"#0","tintindex":0},"south":{"uv":[8.75,3.75,8.875,4.25],"rotation":0,"texture":"#0","tintindex":0},"north":{"uv":[8.75,3.25,8.875,3.75],"rotation":0,"texture":"#0","tintindex":0},"west":{"uv":[4.25,6.0,6.25,6.5],"rotation":0,"texture":"#0","tintindex":0},"up":{"uv":[7.125,9.875,7.0,7.875],"rotation":0,"texture":"#0","tintindex":0},"down":{"uv":[7.25,7.875,7.125,9.875],"rotation":0,"texture":"#0","tintindex":0}}},{"from":[1.7142854,5.684729,5.5467978],"to":[2.2857141,7.9704432,14.689655],"rotation":{"angle":0.0,"axis":"y","origin":[8.0,3.3990145,10.118227]},"faces":{"east":{"uv":[0.0,6.25,2.0,6.75],"rotation":0,"texture":"#0","tintindex":0},"south":{"uv":[5.5,8.75,5.625,9.25],"rotation":0,"texture":"#0","tintindex":0},"north":{"uv":[8.75,4.875,8.875,5.375],"rotation":0,"texture":"#0","tintindex":0},"west":{"uv":[2.0,6.25,4.0,6.75],"rotation":0,"texture":"#0","tintindex":0},"up":{"uv":[7.375,9.875,7.25,7.875],"rotation":0,"texture":"#0","tintindex":0},"down":{"uv":[7.5,7.875,7.375,9.875],"rotation":0,"texture":"#0","tintindex":0}}},{"from":[11.428572,6.2561574,3.9753695],"to":[12.571428,9.1133,5.1182265],"rotation":{"angle":0.0,"axis":"y","origin":[8.0,3.3990145,10.118227]},"faces":{"east":{"uv":[8.25,7.0,8.5,7.625],"rotation":0,"texture":"#0","tintindex":0},"south":{"uv":[8.0,8.25,8.25,8.875],"rotation":0,"texture":"#0","tintindex":0},"north":{"uv":[8.25,4.375,8.5,5.0],"rotation":0,"texture":"#0","tintindex":0},"west":{"uv":[8.25,8.25,8.5,8.875],"rotation":0,"texture":"#0","tintindex":0},"up":{"uv":[5.875,9.0,5.625,8.75],"rotation":0,"texture":"#0","tintindex":0},"down":{"uv":[6.125,8.75,5.875,9.0],"rotation":0,"texture":"#0","tintindex":0}}},{"from":[3.4285712,6.2561574,3.9753695],"to":[4.5714283,9.1133,5.1182265],"rotation":{"angle":0.0,"axis":"y","origin":[8.0,3.3990145,10.118227]},"faces":{"east":{"uv":[8.375,3.75,8.625,4.375],"rotation":0,"texture":"#0","tintindex":0},"south":{"uv":[5.0,8.375,5.25,9.0],"rotation":0,"texture":"#0","tintindex":0},"north":{"uv":[8.375,3.125,8.625,3.75],"rotation":0,"texture":"#0","tintindex":0},"west":{"uv":[5.25,8.375,5.5,9.0],"rotation":0,"texture":"#0","tintindex":0},"up":{"uv":[9.0,7.0,8.75,6.75],"rotation":0,"texture":"#0","tintindex":0},"down":{"uv":[8.75,8.75,8.5,9.0],"rotation":0,"texture":"#0","tintindex":0}}},{"from":[1.7142854,7.3990145,4.403941],"to":[14.285715,7.9704432,4.9753695],"rotation":{"angle":0.0,"axis":"y","origin":[8.0,3.3990145,10.118227]},"faces":{"east":{"uv":[9.25,8.875,9.375,9.0],"rotation":0,"texture":"#0","tintindex":0},"south":{"uv":[7.75,1.25,10.5,1.375],"rotation":0,"texture":"#0","tintindex":0},"north":{"uv":[7.75,1.125,10.5,1.25],"rotation":0,"texture":"#0","tintindex":0},"west":{"uv":[9.0,9.25,9.125,9.375],"rotation":0,"texture":"#0","tintindex":0},"up":{"uv":[10.5,1.5,7.75,1.375],"rotation":0,"texture":"#0","tintindex":0},"down":{"uv":[10.5,1.5,7.75,1.625],"rotation":0,"texture":"#0","tintindex":0}}},{"from":[1.7142854,7.3990145,15.261084],"to":[14.285715,7.9704432,15.832513],"rotation":{"angle":0.0,"axis":"y","origin":[8.0,3.3990145,10.118227]},"faces":{"east":{"uv":[9.25,9.0,9.375,9.125],"rotation":0,"texture":"#0","tintindex":0},"south":{"uv":[7.75,1.75,10.5,1.875],"rotation":0,"texture":"#0","tintindex":0},"north":{"uv":[7.75,1.625,10.5,1.75],"rotation":0,"texture":"#0","tintindex":0},"west":{"uv":[9.125,9.25,9.25,9.375],"rotation":0,"texture":"#0","tintindex":0},"up":{"uv":[10.5,2.0,7.75,1.875],"rotation":0,"texture":"#0","tintindex":0},"down":{"uv":[10.5,2.0,7.75,2.125],"rotation":0,"texture":"#0","tintindex":0}}},{"from":[1.1428566,7.3990145,4.403941],"to":[1.7142854,7.9704432,15.832513],"rotation":{"angle":0.0,"axis":"y","origin":[8.0,3.3990145,10.118227]},"faces":{"east":{"uv":[7.75,5.5,10.25,5.625],"rotation":0,"texture":"#0","tintindex":0},"south":{"uv":[9.25,9.25,9.375,9.375],"rotation":0,"texture":"#0","tintindex":0},"north":{"uv":[9.25,9.125,9.375,9.25],"rotation":0,"texture":"#0","tintindex":0},"west":{"uv":[7.75,5.625,10.25,5.75],"rotation":0,"texture":"#0","tintindex":0},"up":{"uv":[2.375,10.375,2.25,7.875],"rotation":0,"texture":"#0","tintindex":0},"down":{"uv":[2.5,7.875,2.375,10.375],"rotation":0,"texture":"#0","tintindex":0}}},{"from":[14.285715,7.3990145,4.403941],"to":[14.857143,7.9704432,15.832513],"rotation":{"angle":0.0,"axis":"y","origin":[8.0,3.3990145,10.118227]},"faces":{"east":{"uv":[7.75,5.75,10.25,5.875],"rotation":0,"texture":"#0","tintindex":0},"south":{"uv":[0.125,9.375,0.25,9.5],"rotation":0,"texture":"#0","tintindex":0},"north":{"uv":[0.0,9.375,0.125,9.5],"rotation":0,"texture":"#0","tintindex":0},"west":{"uv":[7.75,5.875,10.25,6.0],"rotation":0,"texture":"#0","tintindex":0},"up":{"uv":[2.625,10.375,2.5,7.875],"rotation":0,"texture":"#0","tintindex":0},"down":{"uv":[2.75,7.875,2.625,10.375],"rotation":0,"texture":"#0","tintindex":0}}},{"from":[1.9999995,7.9704432,5.2610836],"to":[2.5714283,9.1133,5.2610836],"rotation":{"angle":0.0,"axis":"y","origin":[8.0,3.3990145,10.118227]},"faces":{"east":{"uv":[0.0,0.0,0.0,0.25],"rotation":0,"texture":"#0","tintindex":0},"south":{"uv":[9.0,5.25,9.125,5.5],"rotation":0,"texture":"#0","tintindex":0},"north":{"uv":[5.25,9.0,5.375,9.25],"rotation":0,"texture":"#0","tintindex":0},"west":{"uv":[0.0,0.0,0.0,0.25],"rotation":0,"texture":"#0","tintindex":0},"up":{"uv":[0.125,0.0,0.0,0.0],"rotation":0,"texture":"#0","tintindex":0},"down":{"uv":[0.125,0.0,0.0,0.0],"rotation":0,"texture":"#0","tintindex":0}}},{"from":[3.7142854,7.9704432,5.2610836],"to":[4.285714,9.1133,5.2610836],"rotation":{"angle":0.0,"axis":"y","origin":[8.0,3.3990145,10.118227]},"faces":{"east":{"uv":[0.0,0.0,0.0,0.25],"rotation":0,"texture":"#0","tintindex":0},"south":{"uv":[5.625,9.0,5.75,9.25],"rotation":0,"texture":"#0","tintindex":0},"north":{"uv":[5.375,9.0,5.5,9.25],"rotation":0,"texture":"#0","tintindex":0},"west":{"uv":[0.0,0.0,0.0,0.25],"rotation":0,"texture":"#0","tintindex":0},"up":{"uv":[0.125,0.0,0.0,0.0],"rotation":0,"texture":"#0","tintindex":0},"down":{"uv":[0.125,0.0,0.0,0.0],"rotation":0,"texture":"#0","tintindex":0}}},{"from":[5.428571,7.9704432,5.2610836],"to":[6.0,9.1133,5.2610836],"rotation":{"angle":0.0,"axis":"y","origin":[8.0,3.3990145,10.118227]},"faces":{"east":{"uv":[0.0,0.0,0.0,0.25],"rotation":0,"texture":"#0","tintindex":0},"south":{"uv":[5.875,9.0,6.0,9.25],"rotation":0,"texture":"#0","tintindex":0},"north":{"uv":[5.75,9.0,5.875,9.25],"rotation":0,"texture":"#0","tintindex":0},"west":{"uv":[0.0,0.0,0.0,0.25],"rotation":0,"texture":"#0","tintindex":0},"up":{"uv":[0.125,0.0,0.0,0.0],"rotation":0,"texture":"#0","tintindex":0},"down":{"uv":[0.125,0.0,0.0,0.0],"rotation":0,"texture":"#0","tintindex":0}}},{"from":[7.142857,7.9704432,5.2610836],"to":[7.714286,9.1133,5.2610836],"rotation":{"angle":0.0,"axis":"y","origin":[8.0,3.3990145,10.118227]},"faces":{"east":{"uv":[0.0,0.0,0.0,0.25],"rotation":0,"texture":"#0","tintindex":0},"south":{"uv":[6.125,9.0,6.25,9.25],"rotation":0,"texture":"#0","tintindex":0},"north":{"uv":[6.0,9.0,6.125,9.25],"rotation":0,"texture":"#0","tintindex":0},"west":{"uv":[0.0,0.0,0.0,0.25],"rotation":0,"texture":"#0","tintindex":0},"up":{"uv":[0.125,0.0,0.0,0.0],"rotation":0,"texture":"#0","tintindex":0},"down":{"uv":[0.125,0.0,0.0,0.0],"rotation":0,"texture":"#0","tintindex":0}}},{"from":[13.428572,7.9704432,5.2610836],"to":[14.0,9.1133,5.2610836],"rotation":{"angle":0.0,"axis":"y","origin":[8.0,3.3990145,10.118227]},"faces":{"east":{"uv":[0.0,0.0,0.0,0.25],"rotation":0,"texture":"#0","tintindex":0},"south":{"uv":[9.0,6.75,9.125,7.0],"rotation":0,"texture":"#0","tintindex":0},"north":{"uv":[9.0,6.5,9.125,6.75],"rotation":0,"texture":"#0","tintindex":0},"west":{"uv":[0.0,0.0,0.0,0.25],"rotation":0,"texture":"#0","tintindex":0},"up":{"uv":[0.125,0.0,0.0,0.0],"rotation":0,"texture":"#0","tintindex":0},"down":{"uv":[0.125,0.0,0.0,0.0],"rotation":0,"texture":"#0","tintindex":0}}},{"from":[11.714286,7.9704432,5.2610836],"to":[12.285715,9.1133,5.2610836],"rotation":{"angle":0.0,"axis":"y","origin":[8.0,3.3990145,10.118227]},"faces":{"east":{"uv":[0.0,0.0,0.0,0.25],"rotation":0,"texture":"#0","tintindex":0},"south":{"uv":[9.0,7.0,9.125,7.25],"rotation":0,"texture":"#0","tintindex":0},"north":{"uv":[6.875,9.0,7.0,9.25],"rotation":0,"texture":"#0","tintindex":0},"west":{"uv":[0.0,0.0,0.0,0.25],"rotation":0,"texture":"#0","tintindex":0},"up":{"uv":[0.125,0.0,0.0,0.0],"rotation":0,"texture":"#0","tintindex":0},"down":{"uv":[0.125,0.0,0.0,0.0],"rotation":0,"texture":"#0","tintindex":0}}},{"from":[10.0,7.9704432,5.2610836],"to":[10.571428,9.1133,5.2610836],"rotation":{"angle":0.0,"axis":"y","origin":[8.0,3.3990145,10.118227]},"faces":{"east":{"uv":[0.0,0.0,0.0,0.25],"rotation":0,"texture":"#0","tintindex":0},"south":{"uv":[7.5,9.0,7.625,9.25],"rotation":0,"texture":"#0","tintindex":0},"north":{"uv":[9.0,7.25,9.125,7.5],"rotation":0,"texture":"#0","tintindex":0},"west":{"uv":[0.0,0.0,0.0,0.25],"rotation":0,"texture":"#0","tintindex":0},"up":{"uv":[0.125,0.0,0.0,0.0],"rotation":0,"texture":"#0","tintindex":0},"down":{"uv":[0.125,0.0,0.0,0.0],"rotation":0,"texture":"#0","tintindex":0}}},{"from":[8.285714,7.9704432,5.2610836],"to":[8.857143,9.1133,5.2610836],"rotation":{"angle":0.0,"axis":"y","origin":[8.0,3.3990145,10.118227]},"faces":{"east":{"uv":[0.0,0.0,0.0,0.25],"rotation":0,"texture":"#0","tintindex":0},"south":{"uv":[7.625,9.0,7.75,9.25],"rotation":0,"texture":"#0","tintindex":0},"north":{"uv":[9.0,7.5,9.125,7.75],"rotation":0,"texture":"#0","tintindex":0},"west":{"uv":[0.0,0.0,0.0,0.25],"rotation":0,"texture":"#0","tintindex":0},"up":{"uv":[0.125,0.0,0.0,0.0],"rotation":0,"texture":"#0","tintindex":0},"down":{"uv":[0.125,0.0,0.0,0.0],"rotation":0,"texture":"#0","tintindex":0}}},{"from":[1.9999995,7.9704432,5.2610836],"to":[1.9999995,9.1133,5.832512],"rotation":{"angle":0.0,"axis":"y","origin":[8.0,3.3990145,10.118227]},"faces":{"east":{"uv":[7.75,9.0,7.875,9.25],"rotation":0,"texture":"#0","tintindex":0},"south":{"uv":[0.0,0.0,0.0,0.25],"rotation":0,"texture":"#0","tintindex":0},"north":{"uv":[0.0,0.0,0.0,0.25],"rotation":0,"texture":"#0","tintindex":0},"west":{"uv":[9.0,7.75,9.125,8.0],"rotation":0,"texture":"#0","tintindex":0},"up":{"uv":[0.0,0.125,0.0,0.0],"rotation":0,"texture":"#0","tintindex":0},"down":{"uv":[0.0,0.0,0.0,0.125],"rotation":0,"texture":"#0","tintindex":0}}},{"from":[1.9999995,7.9704432,6.9753695],"to":[1.9999995,9.1133,7.5467978],"rotation":{"angle":0.0,"axis":"y","origin":[8.0,3.3990145,10.118227]},"faces":{"east":{"uv":[7.875,9.0,8.0,9.25],"rotation":0,"texture":"#0","tintindex":0},"south":{"uv":[0.0,0.0,0.0,0.25],"rotation":0,"texture":"#0","tintindex":0},"north":{"uv":[0.0,0.0,0.0,0.25],"rotation":0,"texture":"#0","tintindex":0},"west":{"uv":[9.0,8.0,9.125,8.25],"rotation":0,"texture":"#0","tintindex":0},"up":{"uv":[0.0,0.125,0.0,0.0],"rotation":0,"texture":"#0","tintindex":0},"down":{"uv":[0.0,0.0,0.0,0.125],"rotation":0,"texture":"#0","tintindex":0}}},{"from":[1.9999995,7.9704432,8.689655],"to":[1.9999995,9.1133,9.261084],"rotation":{"angle":0.0,"axis":"y","origin":[8.0,3.3990145,10.118227]},"faces":{"east":{"uv":[9.0,8.25,9.125,8.5],"rotation":0,"texture":"#0","tintindex":0},"south":{"uv":[0.0,0.0,0.0,0.25],"rotation":0,"texture":"#0","tintindex":0},"north":{"uv":[0.0,0.0,0.0,0.25],"rotation":0,"texture":"#0","tintindex":0},"west":{"uv":[8.5,9.0,8.625,9.25],"rotation":0,"texture":"#0","tintindex":0},"up":{"uv":[0.0,0.125,0.0,0.0],"rotation":0,"texture":"#0","tintindex":0},"down":{"uv":[0.0,0.0,0.0,0.125],"rotation":0,"texture":"#0","tintindex":0}}},{"from":[1.9999995,7.9704432,10.403941],"to":[1.9999995,9.1133,10.975369],"rotation":{"angle":0.0,"axis":"y","origin":[8.0,3.3990145,10.118227]},"faces":{"east":{"uv":[9.0,8.5,9.125,8.75],"rotation":0,"texture":"#0","tintindex":0},"south":{"uv":[0.0,0.0,0.0,0.25],"rotation":0,"texture":"#0","tintindex":0},"north":{"uv":[0.0,0.0,0.0,0.25],"rotation":0,"texture":"#0","tintindex":0},"west":{"uv":[8.625,9.0,8.75,9.25],"rotation":0,"texture":"#0","tintindex":0},"up":{"uv":[0.0,0.125,0.0,0.0],"rotation":0,"texture":"#0","tintindex":0},"down":{"uv":[0.0,0.0,0.0,0.125],"rotation":0,"texture":"#0","tintindex":0}}},{"from":[1.9999995,7.9704432,12.118227],"to":[1.9999995,9.1133,12.689655],"rotation":{"angle":0.0,"axis":"y","origin":[8.0,3.3990145,10.118227]},"faces":{"east":{"uv":[9.0,8.75,9.125,9.0],"rotation":0,"texture":"#0","tintindex":0},"south":{"uv":[0.0,0.0,0.0,0.25],"rotation":0,"texture":"#0","tintindex":0},"north":{"uv":[0.0,0.0,0.0,0.25],"rotation":0,"texture":"#0","tintindex":0},"west":{"uv":[9.0,9.0,9.125,9.25],"rotation":0,"texture":"#0","tintindex":0},"up":{"uv":[0.0,0.125,0.0,0.0],"rotation":0,"texture":"#0","tintindex":0},"down":{"uv":[0.0,0.0,0.0,0.125],"rotation":0,"texture":"#0","tintindex":0}}},{"from":[14.0,7.9704432,5.2610836],"to":[14.0,9.1133,5.832512],"rotation":{"angle":0.0,"axis":"y","origin":[8.0,3.3990145,10.118227]},"faces":{"east":{"uv":[0.25,9.125,0.375,9.375],"rotation":0,"texture":"#0","tintindex":0},"south":{"uv":[0.0,0.0,0.0,0.25],"rotation":0,"texture":"#0","tintindex":0},"north":{"uv":[0.0,0.0,0.0,0.25],"rotation":0,"texture":"#0","tintindex":0},"west":{"uv":[0.375,9.125,0.5,9.375],"rotation":0,"texture":"#0","tintindex":0},"up":{"uv":[0.0,0.125,0.0,0.0],"rotation":0,"texture":"#0","tintindex":0},"down":{"uv":[0.0,0.0,0.0,0.125],"rotation":0,"texture":"#0","tintindex":0}}},{"from":[14.0,7.9704432,6.9753695],"to":[14.0,9.1133,7.5467978],"rotation":{"angle":0.0,"axis":"y","origin":[8.0,3.3990145,10.118227]},"faces":{"east":{"uv":[0.75,9.125,0.875,9.375],"rotation":0,"texture":"#0","tintindex":0},"south":{"uv":[0.0,0.0,0.0,0.25],"rotation":0,"texture":"#0","tintindex":0},"north":{"uv":[0.0,0.0,0.0,0.25],"rotation":0,"texture":"#0","tintindex":0},"west":{"uv":[0.875,9.125,1.0,9.375],"rotation":0,"texture":"#0","tintindex":0},"up":{"uv":[0.0,0.125,0.0,0.0],"rotation":0,"texture":"#0","tintindex":0},"down":{"uv":[0.0,0.0,0.0,0.125],"rotation":0,"texture":"#0","tintindex":0}}},{"from":[14.0,7.9704432,8.689655],"to":[14.0,9.1133,9.261084],"rotation":{"angle":0.0,"axis":"y","origin":[8.0,3.3990145,10.118227]},"faces":{"east":{"uv":[1.0,9.125,1.125,9.375],"rotation":0,"texture":"#0","tintindex":0},"south":{"uv":[0.0,0.0,0.0,0.25],"rotation":0,"texture":"#0","tintindex":0},"north":{"uv":[0.0,0.0,0.0,0.25],"rotation":0,"texture":"#0","tintindex":0},"west":{"uv":[1.125,9.125,1.25,9.375],"rotation":0,"texture":"#0","tintindex":0},"up":{"uv":[0.0,0.125,0.0,0.0],"rotation":0,"texture":"#0","tintindex":0},"down":{"uv":[0.0,0.0,0.0,0.125],"rotation":0,"texture":"#0","tintindex":0}}},{"from":[14.0,7.9704432,10.403941],"to":[14.0,9.1133,10.975369],"rotation":{"angle":0.0,"axis":"y","origin":[8.0,3.3990145,10.118227]},"faces":{"east":{"uv":[1.25,9.125,1.375,9.375],"rotation":0,"texture":"#0","tintindex":0},"south":{"uv":[0.0,0.0,0.0,0.25],"rotation":0,"texture":"#0","tintindex":0},"north":{"uv":[0.0,0.0,0.0,0.25],"rotation":0,"texture":"#0","tintindex":0},"west":{"uv":[1.375,9.125,1.5,9.375],"rotation":0,"texture":"#0","tintindex":0},"up":{"uv":[0.0,0.125,0.0,0.0],"rotation":0,"texture":"#0","tintindex":0},"down":{"uv":[0.0,0.0,0.0,0.125],"rotation":0,"texture":"#0","tintindex":0}}},{"from":[14.0,7.9704432,12.118227],"to":[14.0,9.1133,12.689655],"rotation":{"angle":0.0,"axis":"y","origin":[8.0,3.3990145,10.118227]},"faces":{"east":{"uv":[1.5,9.125,1.625,9.375],"rotation":0,"texture":"#0","tintindex":0},"south":{"uv":[0.0,0.0,0.0,0.25],"rotation":0,"texture":"#0","tintindex":0},"north":{"uv":[0.0,0.0,0.0,0.25],"rotation":0,"texture":"#0","tintindex":0},"west":{"uv":[1.625,9.125,1.75,9.375],"rotation":0,"texture":"#0","tintindex":0},"up":{"uv":[0.0,0.125,0.0,0.0],"rotation":0,"texture":"#0","tintindex":0},"down":{"uv":[0.0,0.0,0.0,0.125],"rotation":0,"texture":"#0","tintindex":0}}},{"from":[4.0,5.714286,12.571428],"to":[12.0,6.857143,14.857143],"rotation":{"angle":22.5,"axis":"x","origin":[8.0,6.285714,14.285715]},"faces":{"east":{"uv":[8.25,5.0,8.75,5.25],"rotation":0,"texture":"#0","tintindex":0},"south":{"uv":[7.25,6.5,9.0,6.75],"rotation":0,"texture":"#0","tintindex":0},"north":{"uv":[0.75,7.25,2.5,7.5],"rotation":0,"texture":"#0","tintindex":0},"west":{"uv":[8.25,5.25,8.75,5.5],"rotation":0,"texture":"#0","tintindex":0},"up":{"uv":[8.0,6.5,6.25,6.0],"rotation":0,"texture":"#0","tintindex":0},"down":{"uv":[5.75,6.5,4.0,7.0],"rotation":0,"texture":"#0","tintindex":0}}},{"from":[4.5714283,6.285714,10.714286],"to":[11.428572,7.428571,13.0],"rotation":{"angle":0.0,"axis":"y","origin":[8.0,6.285714,14.285715]},"faces":{"east":{"uv":[8.5,2.5,9.0,2.75],"rotation":0,"texture":"#0","tintindex":0},"south":{"uv":[7.25,6.75,8.75,7.0],"rotation":0,"texture":"#0","tintindex":0},"north":{"uv":[2.5,7.25,4.0,7.5],"rotation":0,"texture":"#0","tintindex":0},"west":{"uv":[8.5,2.75,9.0,3.0],"rotation":0,"texture":"#0","tintindex":0},"up":{"uv":[7.25,7.0,5.75,6.5],"rotation":0,"texture":"#0","tintindex":0},"down":{"uv":[1.5,6.75,0.0,7.25],"rotation":0,"texture":"#0","tintindex":0}}},{"from":[5.142857,6.142857,8.714286],"to":[10.857143,7.285714,11.0],"rotation":{"angle":-22.5,"axis":"x","origin":[8.0,6.857143,10.285714]},"faces":{"east":{"uv":[8.5,4.375,9.0,4.625],"rotation":0,"texture":"#0","tintindex":0},"south":{"uv":[5.0,7.875,6.25,8.125],"rotation":0,"texture":"#0","tintindex":0},"north":{"uv":[4.25,5.75,5.5,6.0],"rotation":0,"texture":"#0","tintindex":0},"west":{"uv":[8.5,4.625,9.0,4.875],"rotation":0,"texture":"#0","tintindex":0},"up":{"uv":[2.75,7.25,1.5,6.75],"rotation":0,"texture":"#0","tintindex":0},"down":{"uv":[4.0,6.75,2.75,7.25],"rotation":0,"texture":"#0","tintindex":0}}},{"from":[5.714286,5.5714283,7.5714283],"to":[10.285714,6.714286,9.285714],"rotation":{"angle":0.0,"axis":"y","origin":[8.0,6.857143,10.285714]},"faces":{"east":{"uv":[8.5,7.25,8.875,7.5],"rotation":0,"texture":"#0","tintindex":0},"south":{"uv":[8.0,8.0,9.0,8.25],"rotation":0,"texture":"#0","tintindex":0},"north":{"uv":[8.0,7.75,9.0,8.0],"rotation":0,"texture":"#0","tintindex":0},"west":{"uv":[8.5,7.5,8.875,7.75],"rotation":0,"texture":"#0","tintindex":0},"up":{"uv":[8.25,7.375,7.25,7.0],"rotation":0,"texture":"#0","tintindex":0},"down":{"uv":[8.25,7.375,7.25,7.75],"rotation":0,"texture":"#0","tintindex":0}}},{"from":[6.285714,5.285714,6.428571],"to":[9.714286,6.428571,8.142858],"rotation":{"angle":22.5,"axis":"x","origin":[8.0,6.142857,8.428572]},"faces":{"east":{"uv":[8.5,8.25,8.875,8.5],"rotation":0,"texture":"#0","tintindex":0},"south":{"uv":[5.0,8.125,5.75,8.375],"rotation":0,"texture":"#0","tintindex":0},"north":{"uv":[0.0,8.0,0.75,8.25],"rotation":0,"texture":"#0","tintindex":0},"west":{"uv":[8.5,8.5,8.875,8.75],"rotation":0,"texture":"#0","tintindex":0},"up":{"uv":[3.5,8.25,2.75,7.875],"rotation":0,"texture":"#0","tintindex":0},"down":{"uv":[7.0,7.875,6.25,8.25],"rotation":0,"texture":"#0","tintindex":0}}},{"from":[6.857143,6.325025,5.0646515],"to":[9.142858,7.467882,6.7789373],"rotation":{"angle":45.0,"axis":"x","origin":[8.0,6.7535963,6.2075086]},"faces":{"east":{"uv":[0.0,8.625,0.375,8.875],"rotation":0,"texture":"#0","tintindex":0},"south":{"uv":[8.5,7.0,9.0,7.25],"rotation":0,"texture":"#0","tintindex":0},"north":{"uv":[5.5,8.5,6.0,8.75],"rotation":0,"texture":"#0","tintindex":0},"west":{"uv":[8.625,3.0,9.0,3.25],"rotation":0,"texture":"#0","tintindex":0},"up":{"uv":[6.25,8.5,5.75,8.125],"rotation":0,"texture":"#0","tintindex":0},"down":{"uv":[0.5,8.25,0.0,8.625],"rotation":0,"texture":"#0","tintindex":0}}}],"textures":{"0":"modelengine:entity/mimic2"},"display":{"head":{"translation":[0.0,-6.4,0.0],"scale":[4.0,4.0,4.0]}}}