{"elements":[{"from":[1.7142854,8.054375,-1.9110518],"to":[14.285715,13.768661,8.374663],"rotation":{"angle":0.0,"axis":"y","origin":[8.0,3.4829464,3.2318058]},"faces":{"east":{"uv":[5.5,0.0,7.75,1.25],"rotation":0,"texture":"#0","tintindex":0},"south":{"uv":[2.75,4.5,5.5,5.75],"rotation":0,"texture":"#0","tintindex":0},"north":{"uv":[0.0,4.5,2.75,5.75],"rotation":0,"texture":"#0","tintindex":0},"west":{"uv":[5.5,1.25,7.75,2.5],"rotation":0,"texture":"#0","tintindex":0},"up":{"uv":[2.75,2.25,0.0,0.0],"rotation":0,"texture":"#0","tintindex":0},"down":{"uv":[2.75,2.25,0.0,4.5],"rotation":0,"texture":"#0","tintindex":0}}},{"from":[7.428571,6.9115176,-2.9110518],"to":[8.571428,9.768661,-1.7681942],"rotation":{"angle":0.0,"axis":"y","origin":[8.0,3.4829464,3.2318058]},"faces":{"east":{"uv":[8.25,2.5,8.5,3.125],"rotation":0,"texture":"#0","tintindex":0},"south":{"uv":[2.75,8.25,3.0,8.875],"rotation":0,"texture":"#0","tintindex":0},"north":{"uv":[0.5,8.25,0.75,8.875],"rotation":0,"texture":"#0","tintindex":0},"west":{"uv":[3.0,8.25,3.25,8.875],"rotation":0,"texture":"#0","tintindex":0},"up":{"uv":[4.25,6.5,4.0,6.25],"rotation":0,"texture":"#0","tintindex":0},"down":{"uv":[6.25,8.5,6.0,8.75],"rotation":0,"texture":"#0","tintindex":0}}},{"from":[1.7142854,8.054375,-2.48248],"to":[14.285715,8.625804,-1.9110518],"rotation":{"angle":0.0,"axis":"y","origin":[8.0,3.4829464,3.2318058]},"faces":{"east":{"uv":[8.5,3.0,8.625,3.125],"rotation":0,"texture":"#0","tintindex":0},"south":{"uv":[0.75,7.625,3.5,7.75],"rotation":0,"texture":"#0","tintindex":0},"north":{"uv":[0.75,7.5,3.5,7.625],"rotation":0,"texture":"#0","tintindex":0},"west":{"uv":[8.875,4.25,9.0,4.375],"rotation":0,"texture":"#0","tintindex":0},"up":{"uv":[10.5,0.125,7.75,0.0],"rotation":0,"texture":"#0","tintindex":0},"down":{"uv":[10.5,0.125,7.75,0.25],"rotation":0,"texture":"#0","tintindex":0}}},{"from":[1.7142854,8.054375,8.374663],"to":[14.285715,8.625804,8.946092],"rotation":{"angle":0.0,"axis":"y","origin":[8.0,3.4829464,3.2318058]},"faces":{"east":{"uv":[1.75,9.125,1.875,9.25],"rotation":0,"texture":"#0","tintindex":0},"south":{"uv":[7.75,0.375,10.5,0.5],"rotation":0,"texture":"#0","tintindex":0},"north":{"uv":[7.75,0.25,10.5,0.375],"rotation":0,"texture":"#0","tintindex":0},"west":{"uv":[1.875,9.125,2.0,9.25],"rotation":0,"texture":"#0","tintindex":0},"up":{"uv":[10.5,0.625,7.75,0.5],"rotation":0,"texture":"#0","tintindex":0},"down":{"uv":[10.5,0.625,7.75,0.75],"rotation":0,"texture":"#0","tintindex":0}}},{"from":[1.1428566,8.054375,-2.48248],"to":[1.7142854,8.625804,8.946092],"rotation":{"angle":0.0,"axis":"y","origin":[8.0,3.4829464,3.2318058]},"faces":{"east":{"uv":[7.75,2.125,10.25,2.25],"rotation":0,"texture":"#0","tintindex":0},"south":{"uv":[2.125,9.125,2.25,9.25],"rotation":0,"texture":"#0","tintindex":0},"north":{"uv":[2.0,9.125,2.125,9.25],"rotation":0,"texture":"#0","tintindex":0},"west":{"uv":[7.75,2.25,10.25,2.375],"rotation":0,"texture":"#0","tintindex":0},"up":{"uv":[3.625,10.0,3.5,7.5],"rotation":0,"texture":"#0","tintindex":0},"down":{"uv":[3.75,7.5,3.625,10.0],"rotation":0,"texture":"#0","tintindex":0}}},{"from":[14.285715,8.054375,-2.48248],"to":[14.857143,8.625804,8.946092],"rotation":{"angle":0.0,"axis":"y","origin":[8.0,3.4829464,3.2318058]},"faces":{"east":{"uv":[7.75,2.375,10.25,2.5],"rotation":0,"texture":"#0","tintindex":0},"south":{"uv":[9.125,2.625,9.25,2.75],"rotation":0,"texture":"#0","tintindex":0},"north":{"uv":[9.125,2.5,9.25,2.625],"rotation":0,"texture":"#0","tintindex":0},"west":{"uv":[5.0,7.75,7.5,7.875],"rotation":0,"texture":"#0","tintindex":0},"up":{"uv":[3.875,10.0,3.75,7.5],"rotation":0,"texture":"#0","tintindex":0},"down":{"uv":[4.0,7.5,3.875,10.0],"rotation":0,"texture":"#0","tintindex":0}}},{"from":[5.142857,8.625804,-2.48248],"to":[6.285714,14.34009,-1.9110518],"rotation":{"angle":0.0,"axis":"y","origin":[8.0,3.4829464,3.2318058]},"faces":{"east":{"uv":[8.25,3.125,8.375,4.375],"rotation":0,"texture":"#0","tintindex":0},"south":{"uv":[7.75,7.75,8.0,9.0],"rotation":0,"texture":"#0","tintindex":0},"north":{"uv":[7.5,7.75,7.75,9.0],"rotation":0,"texture":"#0","tintindex":0},"west":{"uv":[3.25,8.25,3.375,9.5],"rotation":0,"texture":"#0","tintindex":0},"up":{"uv":[8.5,7.75,8.25,7.625],"rotation":0,"texture":"#0","tintindex":0},"down":{"uv":[5.75,8.375,5.5,8.5],"rotation":0,"texture":"#0","tintindex":0}}},{"from":[5.428571,8.911518,-3.0539083],"to":[6.0,9.482946,-2.48248],"rotation":{"angle":0.0,"axis":"y","origin":[8.0,3.4829464,3.2318058]},"faces":{"east":{"uv":[9.125,2.875,9.25,3.0],"rotation":0,"texture":"#0","tintindex":0},"south":{"uv":[9.125,3.0,9.25,3.125],"rotation":0,"texture":"#0","tintindex":0},"north":{"uv":[9.125,2.75,9.25,2.875],"rotation":0,"texture":"#0","tintindex":0},"west":{"uv":[9.125,3.125,9.25,3.25],"rotation":0,"texture":"#0","tintindex":0},"up":{"uv":[9.25,3.375,9.125,3.25],"rotation":0,"texture":"#0","tintindex":0},"down":{"uv":[9.25,3.375,9.125,3.5],"rotation":0,"texture":"#0","tintindex":0}}},{"from":[5.428571,12.34009,8.946092],"to":[6.0,12.911518,9.51752],"rotation":{"angle":0.0,"axis":"y","origin":[8.0,3.4829464,3.2318058]},"faces":{"east":{"uv":[9.125,3.625,9.25,3.75],"rotation":0,"texture":"#0","tintindex":0},"south":{"uv":[9.125,3.75,9.25,3.875],"rotation":0,"texture":"#0","tintindex":0},"north":{"uv":[9.125,3.5,9.25,3.625],"rotation":0,"texture":"#0","tintindex":0},"west":{"uv":[9.125,3.875,9.25,4.0],"rotation":0,"texture":"#0","tintindex":0},"up":{"uv":[9.25,4.125,9.125,4.0],"rotation":0,"texture":"#0","tintindex":0},"down":{"uv":[9.25,4.125,9.125,4.25],"rotation":0,"texture":"#0","tintindex":0}}},{"from":[5.428571,10.625804,8.946092],"to":[6.0,11.197232,9.51752],"rotation":{"angle":0.0,"axis":"y","origin":[8.0,3.4829464,3.2318058]},"faces":{"east":{"uv":[9.125,4.375,9.25,4.5],"rotation":0,"texture":"#0","tintindex":0},"south":{"uv":[9.125,4.5,9.25,4.625],"rotation":0,"texture":"#0","tintindex":0},"north":{"uv":[9.125,4.25,9.25,4.375],"rotation":0,"texture":"#0","tintindex":0},"west":{"uv":[9.125,4.625,9.25,4.75],"rotation":0,"texture":"#0","tintindex":0},"up":{"uv":[9.25,4.875,9.125,4.75],"rotation":0,"texture":"#0","tintindex":0},"down":{"uv":[9.25,4.875,9.125,5.0],"rotation":0,"texture":"#0","tintindex":0}}},{"from":[10.0,8.911518,8.946092],"to":[10.571428,9.482946,9.51752],"rotation":{"angle":0.0,"axis":"y","origin":[8.0,3.4829464,3.2318058]},"faces":{"east":{"uv":[9.125,5.125,9.25,5.25],"rotation":0,"texture":"#0","tintindex":0},"south":{"uv":[9.125,5.25,9.25,5.375],"rotation":0,"texture":"#0","tintindex":0},"north":{"uv":[9.125,5.0,9.25,5.125],"rotation":0,"texture":"#0","tintindex":0},"west":{"uv":[9.125,5.375,9.25,5.5],"rotation":0,"texture":"#0","tintindex":0},"up":{"uv":[9.25,6.625,9.125,6.5],"rotation":0,"texture":"#0","tintindex":0},"down":{"uv":[9.25,6.625,9.125,6.75],"rotation":0,"texture":"#0","tintindex":0}}},{"from":[10.0,10.625804,8.946092],"to":[10.571428,11.197232,9.51752],"rotation":{"angle":0.0,"axis":"y","origin":[8.0,3.4829464,3.2318058]},"faces":{"east":{"uv":[9.125,6.875,9.25,7.0],"rotation":0,"texture":"#0","tintindex":0},"south":{"uv":[9.125,7.0,9.25,7.125],"rotation":0,"texture":"#0","tintindex":0},"north":{"uv":[9.125,6.75,9.25,6.875],"rotation":0,"texture":"#0","tintindex":0},"west":{"uv":[9.125,7.125,9.25,7.25],"rotation":0,"texture":"#0","tintindex":0},"up":{"uv":[9.25,7.375,9.125,7.25],"rotation":0,"texture":"#0","tintindex":0},"down":{"uv":[9.25,7.375,9.125,7.5],"rotation":0,"texture":"#0","tintindex":0}}},{"from":[10.0,12.34009,8.946092],"to":[10.571428,12.911518,9.51752],"rotation":{"angle":0.0,"axis":"y","origin":[8.0,3.4829464,3.2318058]},"faces":{"east":{"uv":[9.125,7.625,9.25,7.75],"rotation":0,"texture":"#0","tintindex":0},"south":{"uv":[9.125,7.75,9.25,7.875],"rotation":0,"texture":"#0","tintindex":0},"north":{"uv":[9.125,7.5,9.25,7.625],"rotation":0,"texture":"#0","tintindex":0},"west":{"uv":[9.125,7.875,9.25,8.0],"rotation":0,"texture":"#0","tintindex":0},"up":{"uv":[8.125,9.25,8.0,9.125],"rotation":0,"texture":"#0","tintindex":0},"down":{"uv":[9.25,8.0,9.125,8.125],"rotation":0,"texture":"#0","tintindex":0}}},{"from":[5.428571,8.911518,8.946092],"to":[6.0,9.482946,9.51752],"rotation":{"angle":0.0,"axis":"y","origin":[8.0,3.4829464,3.2318058]},"faces":{"east":{"uv":[9.125,8.125,9.25,8.25],"rotation":0,"texture":"#0","tintindex":0},"south":{"uv":[8.25,9.125,8.375,9.25],"rotation":0,"texture":"#0","tintindex":0},"north":{"uv":[8.125,9.125,8.25,9.25],"rotation":0,"texture":"#0","tintindex":0},"west":{"uv":[9.125,8.25,9.25,8.375],"rotation":0,"texture":"#0","tintindex":0},"up":{"uv":[8.5,9.25,8.375,9.125],"rotation":0,"texture":"#0","tintindex":0},"down":{"uv":[9.25,8.375,9.125,8.5],"rotation":0,"texture":"#0","tintindex":0}}},{"from":[10.0,12.34009,-3.0539083],"to":[10.571428,12.911518,-2.48248],"rotation":{"angle":0.0,"axis":"y","origin":[8.0,3.4829464,3.2318058]},"faces":{"east":{"uv":[9.125,8.625,9.25,8.75],"rotation":0,"texture":"#0","tintindex":0},"south":{"uv":[8.75,9.125,8.875,9.25],"rotation":0,"texture":"#0","tintindex":0},"north":{"uv":[9.125,8.5,9.25,8.625],"rotation":0,"texture":"#0","tintindex":0},"west":{"uv":[9.125,8.75,9.25,8.875],"rotation":0,"texture":"#0","tintindex":0},"up":{"uv":[9.0,9.25,8.875,9.125],"rotation":0,"texture":"#0","tintindex":0},"down":{"uv":[9.25,8.875,9.125,9.0],"rotation":0,"texture":"#0","tintindex":0}}},{"from":[10.0,10.625804,-3.0539083],"to":[10.571428,11.197232,-2.48248],"rotation":{"angle":0.0,"axis":"y","origin":[8.0,3.4829464,3.2318058]},"faces":{"east":{"uv":[9.125,9.125,9.25,9.25],"rotation":0,"texture":"#0","tintindex":0},"south":{"uv":[0.0,9.25,0.125,9.375],"rotation":0,"texture":"#0","tintindex":0},"north":{"uv":[9.125,9.0,9.25,9.125],"rotation":0,"texture":"#0","tintindex":0},"west":{"uv":[0.125,9.25,0.25,9.375],"rotation":0,"texture":"#0","tintindex":0},"up":{"uv":[0.625,9.375,0.5,9.25],"rotation":0,"texture":"#0","tintindex":0},"down":{"uv":[0.75,9.25,0.625,9.375],"rotation":0,"texture":"#0","tintindex":0}}},{"from":[10.0,8.911518,-3.0539083],"to":[10.571428,9.482946,-2.48248],"rotation":{"angle":0.0,"axis":"y","origin":[8.0,3.4829464,3.2318058]},"faces":{"east":{"uv":[1.875,9.25,2.0,9.375],"rotation":0,"texture":"#0","tintindex":0},"south":{"uv":[2.0,9.25,2.125,9.375],"rotation":0,"texture":"#0","tintindex":0},"north":{"uv":[1.75,9.25,1.875,9.375],"rotation":0,"texture":"#0","tintindex":0},"west":{"uv":[2.125,9.25,2.25,9.375],"rotation":0,"texture":"#0","tintindex":0},"up":{"uv":[9.375,2.625,9.25,2.5],"rotation":0,"texture":"#0","tintindex":0},"down":{"uv":[9.375,2.625,9.25,2.75],"rotation":0,"texture":"#0","tintindex":0}}},{"from":[5.428571,10.625804,-3.0539083],"to":[6.0,11.197232,-2.48248],"rotation":{"angle":0.0,"axis":"y","origin":[8.0,3.4829464,3.2318058]},"faces":{"east":{"uv":[9.25,2.75,9.375,2.875],"rotation":0,"texture":"#0","tintindex":0},"south":{"uv":[2.875,9.25,3.0,9.375],"rotation":0,"texture":"#0","tintindex":0},"north":{"uv":[2.75,9.25,2.875,9.375],"rotation":0,"texture":"#0","tintindex":0},"west":{"uv":[9.25,2.875,9.375,3.0],"rotation":0,"texture":"#0","tintindex":0},"up":{"uv":[3.125,9.375,3.0,9.25],"rotation":0,"texture":"#0","tintindex":0},"down":{"uv":[9.375,3.0,9.25,3.125],"rotation":0,"texture":"#0","tintindex":0}}},{"from":[5.428571,12.34009,-3.0539083],"to":[6.0,12.911518,-2.48248],"rotation":{"angle":0.0,"axis":"y","origin":[8.0,3.4829464,3.2318058]},"faces":{"east":{"uv":[9.25,3.125,9.375,3.25],"rotation":0,"texture":"#0","tintindex":0},"south":{"uv":[9.25,3.25,9.375,3.375],"rotation":0,"texture":"#0","tintindex":0},"north":{"uv":[3.125,9.25,3.25,9.375],"rotation":0,"texture":"#0","tintindex":0},"west":{"uv":[9.25,3.375,9.375,3.5],"rotation":0,"texture":"#0","tintindex":0},"up":{"uv":[9.375,3.625,9.25,3.5],"rotation":0,"texture":"#0","tintindex":0},"down":{"uv":[9.375,3.625,9.25,3.75],"rotation":0,"texture":"#0","tintindex":0}}},{"from":[5.428571,14.34009,-0.6253376],"to":[6.0,14.911518,-0.053908348],"rotation":{"angle":0.0,"axis":"y","origin":[8.0,3.4829464,3.2318058]},"faces":{"east":{"uv":[9.25,3.875,9.375,4.0],"rotation":0,"texture":"#0","tintindex":0},"south":{"uv":[4.0,9.25,4.125,9.375],"rotation":0,"texture":"#0","tintindex":0},"north":{"uv":[9.25,3.75,9.375,3.875],"rotation":0,"texture":"#0","tintindex":0},"west":{"uv":[9.25,4.0,9.375,4.125],"rotation":0,"texture":"#0","tintindex":0},"up":{"uv":[4.25,9.375,4.125,9.25],"rotation":0,"texture":"#0","tintindex":0},"down":{"uv":[9.375,4.125,9.25,4.25],"rotation":0,"texture":"#0","tintindex":0}}},{"from":[10.0,14.34009,6.231806],"to":[10.571428,14.911518,6.8032346],"rotation":{"angle":0.0,"axis":"y","origin":[8.0,3.4829464,3.2318058]},"faces":{"east":{"uv":[9.25,4.25,9.375,4.375],"rotation":0,"texture":"#0","tintindex":0},"south":{"uv":[4.375,9.25,4.5,9.375],"rotation":0,"texture":"#0","tintindex":0},"north":{"uv":[4.25,9.25,4.375,9.375],"rotation":0,"texture":"#0","tintindex":0},"west":{"uv":[9.25,4.375,9.375,4.5],"rotation":0,"texture":"#0","tintindex":0},"up":{"uv":[4.625,9.375,4.5,9.25],"rotation":0,"texture":"#0","tintindex":0},"down":{"uv":[9.375,4.5,9.25,4.625],"rotation":0,"texture":"#0","tintindex":0}}},{"from":[10.0,14.34009,4.51752],"to":[10.571428,14.911518,5.0889482],"rotation":{"angle":0.0,"axis":"y","origin":[8.0,3.4829464,3.2318058]},"faces":{"east":{"uv":[9.25,4.625,9.375,4.75],"rotation":0,"texture":"#0","tintindex":0},"south":{"uv":[4.75,9.25,4.875,9.375],"rotation":0,"texture":"#0","tintindex":0},"north":{"uv":[4.625,9.25,4.75,9.375],"rotation":0,"texture":"#0","tintindex":0},"west":{"uv":[9.25,4.75,9.375,4.875],"rotation":0,"texture":"#0","tintindex":0},"up":{"uv":[5.0,9.375,4.875,9.25],"rotation":0,"texture":"#0","tintindex":0},"down":{"uv":[9.375,4.875,9.25,5.0],"rotation":0,"texture":"#0","tintindex":0}}},{"from":[10.0,14.34009,2.8032346],"to":[10.571428,14.911518,3.3746629],"rotation":{"angle":0.0,"axis":"y","origin":[8.0,3.4829464,3.2318058]},"faces":{"east":{"uv":[9.25,5.0,9.375,5.125],"rotation":0,"texture":"#0","tintindex":0},"south":{"uv":[5.125,9.25,5.25,9.375],"rotation":0,"texture":"#0","tintindex":0},"north":{"uv":[5.0,9.25,5.125,9.375],"rotation":0,"texture":"#0","tintindex":0},"west":{"uv":[9.25,5.125,9.375,5.25],"rotation":0,"texture":"#0","tintindex":0},"up":{"uv":[5.375,9.375,5.25,9.25],"rotation":0,"texture":"#0","tintindex":0},"down":{"uv":[9.375,5.25,9.25,5.375],"rotation":0,"texture":"#0","tintindex":0}}},{"from":[10.0,14.34009,1.0889487],"to":[10.571428,14.911518,1.660377],"rotation":{"angle":0.0,"axis":"y","origin":[8.0,3.4829464,3.2318058]},"faces":{"east":{"uv":[9.25,5.375,9.375,5.5],"rotation":0,"texture":"#0","tintindex":0},"south":{"uv":[5.5,9.25,5.625,9.375],"rotation":0,"texture":"#0","tintindex":0},"north":{"uv":[5.375,9.25,5.5,9.375],"rotation":0,"texture":"#0","tintindex":0},"west":{"uv":[5.625,9.25,5.75,9.375],"rotation":0,"texture":"#0","tintindex":0},"up":{"uv":[5.875,9.375,5.75,9.25],"rotation":0,"texture":"#0","tintindex":0},"down":{"uv":[6.0,9.25,5.875,9.375],"rotation":0,"texture":"#0","tintindex":0}}},{"from":[10.0,14.34009,-0.6253376],"to":[10.571428,14.911518,-0.053908348],"rotation":{"angle":0.0,"axis":"y","origin":[8.0,3.4829464,3.2318058]},"faces":{"east":{"uv":[6.125,9.25,6.25,9.375],"rotation":0,"texture":"#0","tintindex":0},"south":{"uv":[9.25,6.5,9.375,6.625],"rotation":0,"texture":"#0","tintindex":0},"north":{"uv":[6.0,9.25,6.125,9.375],"rotation":0,"texture":"#0","tintindex":0},"west":{"uv":[9.25,6.625,9.375,6.75],"rotation":0,"texture":"#0","tintindex":0},"up":{"uv":[9.375,6.875,9.25,6.75],"rotation":0,"texture":"#0","tintindex":0},"down":{"uv":[7.0,9.25,6.875,9.375],"rotation":0,"texture":"#0","tintindex":0}}},{"from":[5.428571,14.34009,1.0889487],"to":[6.0,14.911518,1.660377],"rotation":{"angle":0.0,"axis":"y","origin":[8.0,3.4829464,3.2318058]},"faces":{"east":{"uv":[9.25,7.0,9.375,7.125],"rotation":0,"texture":"#0","tintindex":0},"south":{"uv":[9.25,7.125,9.375,7.25],"rotation":0,"texture":"#0","tintindex":0},"north":{"uv":[9.25,6.875,9.375,7.0],"rotation":0,"texture":"#0","tintindex":0},"west":{"uv":[9.25,7.25,9.375,7.375],"rotation":0,"texture":"#0","tintindex":0},"up":{"uv":[9.375,7.5,9.25,7.375],"rotation":0,"texture":"#0","tintindex":0},"down":{"uv":[7.625,9.25,7.5,9.375],"rotation":0,"texture":"#0","tintindex":0}}},{"from":[5.428571,14.34009,2.8032346],"to":[6.0,14.911518,3.3746629],"rotation":{"angle":0.0,"axis":"y","origin":[8.0,3.4829464,3.2318058]},"faces":{"east":{"uv":[7.625,9.25,7.75,9.375],"rotation":0,"texture":"#0","tintindex":0},"south":{"uv":[9.25,7.625,9.375,7.75],"rotation":0,"texture":"#0","tintindex":0},"north":{"uv":[9.25,7.5,9.375,7.625],"rotation":0,"texture":"#0","tintindex":0},"west":{"uv":[7.75,9.25,7.875,9.375],"rotation":0,"texture":"#0","tintindex":0},"up":{"uv":[9.375,7.875,9.25,7.75],"rotation":0,"texture":"#0","tintindex":0},"down":{"uv":[8.0,9.25,7.875,9.375],"rotation":0,"texture":"#0","tintindex":0}}},{"from":[5.428571,14.34009,4.51752],"to":[6.0,14.911518,5.0889482],"rotation":{"angle":0.0,"axis":"y","origin":[8.0,3.4829464,3.2318058]},"faces":{"east":{"uv":[8.0,9.25,8.125,9.375],"rotation":0,"texture":"#0","tintindex":0},"south":{"uv":[9.25,8.0,9.375,8.125],"rotation":0,"texture":"#0","tintindex":0},"north":{"uv":[9.25,7.875,9.375,8.0],"rotation":0,"texture":"#0","tintindex":0},"west":{"uv":[8.125,9.25,8.25,9.375],"rotation":0,"texture":"#0","tintindex":0},"up":{"uv":[9.375,8.25,9.25,8.125],"rotation":0,"texture":"#0","tintindex":0},"down":{"uv":[8.375,9.25,8.25,9.375],"rotation":0,"texture":"#0","tintindex":0}}},{"from":[5.428571,14.34009,6.231806],"to":[6.0,14.911518,6.8032346],"rotation":{"angle":0.0,"axis":"y","origin":[8.0,3.4829464,3.2318058]},"faces":{"east":{"uv":[8.375,9.25,8.5,9.375],"rotation":0,"texture":"#0","tintindex":0},"south":{"uv":[9.25,8.375,9.375,8.5],"rotation":0,"texture":"#0","tintindex":0},"north":{"uv":[9.25,8.25,9.375,8.375],"rotation":0,"texture":"#0","tintindex":0},"west":{"uv":[8.5,9.25,8.625,9.375],"rotation":0,"texture":"#0","tintindex":0},"up":{"uv":[9.375,8.625,9.25,8.5],"rotation":0,"texture":"#0","tintindex":0},"down":{"uv":[8.75,9.25,8.625,9.375],"rotation":0,"texture":"#0","tintindex":0}}},{"from":[9.714286,8.625804,-2.48248],"to":[10.857143,14.34009,-1.9110518],"rotation":{"angle":0.0,"axis":"y","origin":[8.0,3.4829464,3.2318058]},"faces":{"east":{"uv":[3.375,8.25,3.5,9.5],"rotation":0,"texture":"#0","tintindex":0},"south":{"uv":[1.0,7.875,1.25,9.125],"rotation":0,"texture":"#0","tintindex":0},"north":{"uv":[0.75,7.875,1.0,9.125],"rotation":0,"texture":"#0","tintindex":0},"west":{"uv":[6.25,8.25,6.375,9.5],"rotation":0,"texture":"#0","tintindex":0},"up":{"uv":[8.75,5.0,8.5,4.875],"rotation":0,"texture":"#0","tintindex":0},"down":{"uv":[8.875,4.25,8.625,4.375],"rotation":0,"texture":"#0","tintindex":0}}},{"from":[9.714286,8.625804,8.374663],"to":[10.857143,14.34009,8.946092],"rotation":{"angle":0.0,"axis":"y","origin":[8.0,3.4829464,3.2318058]},"faces":{"east":{"uv":[6.375,8.25,6.5,9.5],"rotation":0,"texture":"#0","tintindex":0},"south":{"uv":[1.5,7.875,1.75,9.125],"rotation":0,"texture":"#0","tintindex":0},"north":{"uv":[1.25,7.875,1.5,9.125],"rotation":0,"texture":"#0","tintindex":0},"west":{"uv":[6.5,8.25,6.625,9.5],"rotation":0,"texture":"#0","tintindex":0},"up":{"uv":[9.0,5.5,8.75,5.375],"rotation":0,"texture":"#0","tintindex":0},"down":{"uv":[9.0,8.75,8.75,8.875],"rotation":0,"texture":"#0","tintindex":0}}},{"from":[9.714286,13.768661,-1.9110518],"to":[10.857143,14.34009,8.374663],"rotation":{"angle":0.0,"axis":"y","origin":[8.0,3.4829464,3.2318058]},"faces":{"east":{"uv":[8.0,6.0,10.25,6.125],"rotation":0,"texture":"#0","tintindex":0},"south":{"uv":[0.5,8.875,0.75,9.0],"rotation":0,"texture":"#0","tintindex":0},"north":{"uv":[0.0,8.875,0.25,9.0],"rotation":0,"texture":"#0","tintindex":0},"west":{"uv":[8.0,6.125,10.25,6.25],"rotation":0,"texture":"#0","tintindex":0},"up":{"uv":[4.25,9.25,4.0,7.0],"rotation":0,"texture":"#0","tintindex":0},"down":{"uv":[4.5,7.0,4.25,9.25],"rotation":0,"texture":"#0","tintindex":0}}},{"from":[5.142857,13.768661,-1.9110518],"to":[6.285714,14.34009,8.374663],"rotation":{"angle":0.0,"axis":"y","origin":[8.0,3.4829464,3.2318058]},"faces":{"east":{"uv":[8.0,6.25,10.25,6.375],"rotation":0,"texture":"#0","tintindex":0},"south":{"uv":[3.0,8.875,3.25,9.0],"rotation":0,"texture":"#0","tintindex":0},"north":{"uv":[2.75,8.875,3.0,9.0],"rotation":0,"texture":"#0","tintindex":0},"west":{"uv":[8.0,6.375,10.25,6.5],"rotation":0,"texture":"#0","tintindex":0},"up":{"uv":[4.75,9.25,4.5,7.0],"rotation":0,"texture":"#0","tintindex":0},"down":{"uv":[5.0,7.0,4.75,9.25],"rotation":0,"texture":"#0","tintindex":0}}},{"from":[5.142857,8.625804,8.374663],"to":[6.285714,14.34009,8.946092],"rotation":{"angle":0.0,"axis":"y","origin":[8.0,3.4829464,3.2318058]},"faces":{"east":{"uv":[6.625,8.25,6.75,9.5],"rotation":0,"texture":"#0","tintindex":0},"south":{"uv":[2.0,7.875,2.25,9.125],"rotation":0,"texture":"#0","tintindex":0},"north":{"uv":[1.75,7.875,2.0,9.125],"rotation":0,"texture":"#0","tintindex":0},"west":{"uv":[6.75,8.25,6.875,9.5],"rotation":0,"texture":"#0","tintindex":0},"up":{"uv":[9.125,3.375,8.875,3.25],"rotation":0,"texture":"#0","tintindex":0},"down":{"uv":[9.125,3.375,8.875,3.5],"rotation":0,"texture":"#0","tintindex":0}}},{"from":[0.5714283,7.7686605,2.660377],"to":[1.1428566,8.340089,3.803234],"rotation":{"angle":0.0,"axis":"y","origin":[8.0,3.4829464,3.2318058]},"faces":{"east":{"uv":[8.875,3.5,9.125,3.625],"rotation":0,"texture":"#0","tintindex":0},"south":{"uv":[8.75,9.25,8.875,9.375],"rotation":0,"texture":"#0","tintindex":0},"north":{"uv":[9.25,8.625,9.375,8.75],"rotation":0,"texture":"#0","tintindex":0},"west":{"uv":[8.875,3.625,9.125,3.75],"rotation":0,"texture":"#0","tintindex":0},"up":{"uv":[6.25,9.0,6.125,8.75],"rotation":0,"texture":"#0","tintindex":0},"down":{"uv":[7.0,8.75,6.875,9.0],"rotation":0,"texture":"#0","tintindex":0}}},{"from":[14.857143,7.7686605,2.660377],"to":[15.428572,8.340089,3.803234],"rotation":{"angle":0.0,"axis":"y","origin":[8.0,3.4829464,3.2318058]},"faces":{"east":{"uv":[8.875,3.75,9.125,3.875],"rotation":0,"texture":"#0","tintindex":0},"south":{"uv":[8.875,9.25,9.0,9.375],"rotation":0,"texture":"#0","tintindex":0},"north":{"uv":[9.25,8.75,9.375,8.875],"rotation":0,"texture":"#0","tintindex":0},"west":{"uv":[8.875,3.875,9.125,4.0],"rotation":0,"texture":"#0","tintindex":0},"up":{"uv":[0.375,9.125,0.25,8.875],"rotation":0,"texture":"#0","tintindex":0},"down":{"uv":[9.0,4.0,8.875,4.25],"rotation":0,"texture":"#0","tintindex":0}}},{"from":[0.5714283,4.6258035,1.51752],"to":[0.5714283,8.054375,4.9460917],"rotation":{"angle":-22.5,"axis":"z","origin":[0.5714283,8.054375,3.2318058]},"faces":{"east":{"uv":[5.0,7.0,5.75,7.75],"rotation":0,"texture":"#0","tintindex":0},"south":{"uv":[0.0,0.0,0.0,0.75],"rotation":0,"texture":"#0","tintindex":0},"north":{"uv":[0.0,0.0,0.0,0.75],"rotation":0,"texture":"#0","tintindex":0},"west":{"uv":[5.75,7.0,6.5,7.75],"rotation":0,"texture":"#0","tintindex":0},"up":{"uv":[0.0,0.75,0.0,0.0],"rotation":0,"texture":"#0","tintindex":0},"down":{"uv":[0.0,0.0,0.0,0.75],"rotation":0,"texture":"#0","tintindex":0}}},{"from":[15.428572,4.6258035,1.51752],"to":[15.428572,8.054375,4.9460917],"rotation":{"angle":22.5,"axis":"z","origin":[15.428572,8.054375,3.2318058]},"faces":{"east":{"uv":[6.5,7.0,7.25,7.75],"rotation":0,"texture":"#0","tintindex":0},"south":{"uv":[0.0,0.0,0.0,0.75],"rotation":0,"texture":"#0","tintindex":0},"north":{"uv":[0.0,0.0,0.0,0.75],"rotation":0,"texture":"#0","tintindex":0},"west":{"uv":[0.0,7.25,0.75,8.0],"rotation":0,"texture":"#0","tintindex":0},"up":{"uv":[0.0,0.75,0.0,0.0],"rotation":0,"texture":"#0","tintindex":0},"down":{"uv":[0.0,0.0,0.0,0.75],"rotation":0,"texture":"#0","tintindex":0}}},{"from":[12.571428,6.9115176,-1.6253376],"to":[13.142858,8.054375,-1.6253376],"rotation":{"angle":0.0,"axis":"y","origin":[8.0,3.4829464,3.2318058]},"faces":{"east":{"uv":[0.0,0.0,0.0,0.25],"rotation":0,"texture":"#0","tintindex":0},"south":{"uv":[8.875,5.125,9.0,5.375],"rotation":0,"texture":"#0","tintindex":0},"north":{"uv":[8.875,4.875,9.0,5.125],"rotation":0,"texture":"#0","tintindex":0},"west":{"uv":[0.0,0.0,0.0,0.25],"rotation":0,"texture":"#0","tintindex":0},"up":{"uv":[0.125,0.0,0.0,0.0],"rotation":0,"texture":"#0","tintindex":0},"down":{"uv":[0.125,0.0,0.0,0.0],"rotation":0,"texture":"#0","tintindex":0}}},{"from":[10.857143,6.9115176,-1.6253376],"to":[11.428572,8.054375,-1.6253376],"rotation":{"angle":0.0,"axis":"y","origin":[8.0,3.4829464,3.2318058]},"faces":{"east":{"uv":[0.0,0.0,0.0,0.25],"rotation":0,"texture":"#0","tintindex":0},"south":{"uv":[8.875,7.5,9.0,7.75],"rotation":0,"texture":"#0","tintindex":0},"north":{"uv":[8.875,7.25,9.0,7.5],"rotation":0,"texture":"#0","tintindex":0},"west":{"uv":[0.0,0.0,0.0,0.25],"rotation":0,"texture":"#0","tintindex":0},"up":{"uv":[0.125,0.0,0.0,0.0],"rotation":0,"texture":"#0","tintindex":0},"down":{"uv":[0.125,0.0,0.0,0.0],"rotation":0,"texture":"#0","tintindex":0}}},{"from":[9.142858,6.9115176,-1.6253376],"to":[9.714286,8.054375,-1.6253376],"rotation":{"angle":0.0,"axis":"y","origin":[8.0,3.4829464,3.2318058]},"faces":{"east":{"uv":[0.0,0.0,0.0,0.25],"rotation":0,"texture":"#0","tintindex":0},"south":{"uv":[8.125,8.875,8.25,9.125],"rotation":0,"texture":"#0","tintindex":0},"north":{"uv":[8.0,8.875,8.125,9.125],"rotation":0,"texture":"#0","tintindex":0},"west":{"uv":[0.0,0.0,0.0,0.25],"rotation":0,"texture":"#0","tintindex":0},"up":{"uv":[0.125,0.0,0.0,0.0],"rotation":0,"texture":"#0","tintindex":0},"down":{"uv":[0.125,0.0,0.0,0.0],"rotation":0,"texture":"#0","tintindex":0}}},{"from":[6.285714,6.9115176,-1.6253376],"to":[6.857143,8.054375,-1.6253376],"rotation":{"angle":0.0,"axis":"y","origin":[8.0,3.4829464,3.2318058]},"faces":{"east":{"uv":[0.0,0.0,0.0,0.25],"rotation":0,"texture":"#0","tintindex":0},"south":{"uv":[8.875,8.25,9.0,8.5],"rotation":0,"texture":"#0","tintindex":0},"north":{"uv":[8.25,8.875,8.375,9.125],"rotation":0,"texture":"#0","tintindex":0},"west":{"uv":[0.0,0.0,0.0,0.25],"rotation":0,"texture":"#0","tintindex":0},"up":{"uv":[0.125,0.0,0.0,0.0],"rotation":0,"texture":"#0","tintindex":0},"down":{"uv":[0.125,0.0,0.0,0.0],"rotation":0,"texture":"#0","tintindex":0}}},{"from":[4.5714283,6.9115176,-1.6253376],"to":[5.142857,8.054375,-1.6253376],"rotation":{"angle":0.0,"axis":"y","origin":[8.0,3.4829464,3.2318058]},"faces":{"east":{"uv":[0.0,0.0,0.0,0.25],"rotation":0,"texture":"#0","tintindex":0},"south":{"uv":[8.875,8.5,9.0,8.75],"rotation":0,"texture":"#0","tintindex":0},"north":{"uv":[8.375,8.875,8.5,9.125],"rotation":0,"texture":"#0","tintindex":0},"west":{"uv":[0.0,0.0,0.0,0.25],"rotation":0,"texture":"#0","tintindex":0},"up":{"uv":[0.125,0.0,0.0,0.0],"rotation":0,"texture":"#0","tintindex":0},"down":{"uv":[0.125,0.0,0.0,0.0],"rotation":0,"texture":"#0","tintindex":0}}},{"from":[2.8571424,6.9115176,-1.6253376],"to":[3.4285712,8.054375,-1.6253376],"rotation":{"angle":0.0,"axis":"y","origin":[8.0,3.4829464,3.2318058]},"faces":{"east":{"uv":[0.0,0.0,0.0,0.25],"rotation":0,"texture":"#0","tintindex":0},"south":{"uv":[8.875,8.875,9.0,9.125],"rotation":0,"texture":"#0","tintindex":0},"north":{"uv":[8.75,8.875,8.875,9.125],"rotation":0,"texture":"#0","tintindex":0},"west":{"uv":[0.0,0.0,0.0,0.25],"rotation":0,"texture":"#0","tintindex":0},"up":{"uv":[0.125,0.0,0.0,0.0],"rotation":0,"texture":"#0","tintindex":0},"down":{"uv":[0.125,0.0,0.0,0.0],"rotation":0,"texture":"#0","tintindex":0}}},{"from":[7.714286,6.9115176,-1.6253376],"to":[8.285714,8.054375,-1.6253376],"rotation":{"angle":0.0,"axis":"y","origin":[8.0,3.4829464,3.2318058]},"faces":{"east":{"uv":[0.0,0.0,0.0,0.25],"rotation":0,"texture":"#0","tintindex":0},"south":{"uv":[0.125,9.0,0.25,9.25],"rotation":0,"texture":"#0","tintindex":0},"north":{"uv":[0.0,9.0,0.125,9.25],"rotation":0,"texture":"#0","tintindex":0},"west":{"uv":[0.0,0.0,0.0,0.25],"rotation":0,"texture":"#0","tintindex":0},"up":{"uv":[0.125,0.0,0.0,0.0],"rotation":0,"texture":"#0","tintindex":0},"down":{"uv":[0.125,0.0,0.0,0.0],"rotation":0,"texture":"#0","tintindex":0}}},{"from":[1.9999995,6.9115176,-0.7681942],"to":[1.9999995,8.054375,-0.1967659],"rotation":{"angle":0.0,"axis":"y","origin":[8.0,3.4829464,3.2318058]},"faces":{"east":{"uv":[0.5,9.0,0.625,9.25],"rotation":0,"texture":"#0","tintindex":0},"south":{"uv":[0.0,0.0,0.0,0.25],"rotation":0,"texture":"#0","tintindex":0},"north":{"uv":[0.0,0.0,0.0,0.25],"rotation":0,"texture":"#0","tintindex":0},"west":{"uv":[0.625,9.0,0.75,9.25],"rotation":0,"texture":"#0","tintindex":0},"up":{"uv":[0.0,0.125,0.0,0.0],"rotation":0,"texture":"#0","tintindex":0},"down":{"uv":[0.0,0.0,0.0,0.125],"rotation":0,"texture":"#0","tintindex":0}}},{"from":[1.9999995,6.9115176,0.94609165],"to":[1.9999995,8.054375,1.51752],"rotation":{"angle":0.0,"axis":"y","origin":[8.0,3.4829464,3.2318058]},"faces":{"east":{"uv":[9.0,2.5,9.125,2.75],"rotation":0,"texture":"#0","tintindex":0},"south":{"uv":[0.0,0.0,0.0,0.25],"rotation":0,"texture":"#0","tintindex":0},"north":{"uv":[0.0,0.0,0.0,0.25],"rotation":0,"texture":"#0","tintindex":0},"west":{"uv":[2.75,9.0,2.875,9.25],"rotation":0,"texture":"#0","tintindex":0},"up":{"uv":[0.0,0.125,0.0,0.0],"rotation":0,"texture":"#0","tintindex":0},"down":{"uv":[0.0,0.0,0.0,0.125],"rotation":0,"texture":"#0","tintindex":0}}},{"from":[1.9999995,6.9115176,2.660377],"to":[1.9999995,8.054375,3.2318058],"rotation":{"angle":0.0,"axis":"y","origin":[8.0,3.4829464,3.2318058]},"faces":{"east":{"uv":[9.0,2.75,9.125,3.0],"rotation":0,"texture":"#0","tintindex":0},"south":{"uv":[0.0,0.0,0.0,0.25],"rotation":0,"texture":"#0","tintindex":0},"north":{"uv":[0.0,0.0,0.0,0.25],"rotation":0,"texture":"#0","tintindex":0},"west":{"uv":[2.875,9.0,3.0,9.25],"rotation":0,"texture":"#0","tintindex":0},"up":{"uv":[0.0,0.125,0.0,0.0],"rotation":0,"texture":"#0","tintindex":0},"down":{"uv":[0.0,0.0,0.0,0.125],"rotation":0,"texture":"#0","tintindex":0}}},{"from":[1.9999995,6.9115176,4.374663],"to":[1.9999995,8.054375,4.9460917],"rotation":{"angle":0.0,"axis":"y","origin":[8.0,3.4829464,3.2318058]},"faces":{"east":{"uv":[3.0,9.0,3.125,9.25],"rotation":0,"texture":"#0","tintindex":0},"south":{"uv":[0.0,0.0,0.0,0.25],"rotation":0,"texture":"#0","tintindex":0},"north":{"uv":[0.0,0.0,0.0,0.25],"rotation":0,"texture":"#0","tintindex":0},"west":{"uv":[9.0,3.0,9.125,3.25],"rotation":0,"texture":"#0","tintindex":0},"up":{"uv":[0.0,0.125,0.0,0.0],"rotation":0,"texture":"#0","tintindex":0},"down":{"uv":[0.0,0.0,0.0,0.125],"rotation":0,"texture":"#0","tintindex":0}}},{"from":[14.0,6.9115176,-0.7681942],"to":[14.0,8.054375,-0.1967659],"rotation":{"angle":0.0,"axis":"y","origin":[8.0,3.4829464,3.2318058]},"faces":{"east":{"uv":[3.125,9.0,3.25,9.25],"rotation":0,"texture":"#0","tintindex":0},"south":{"uv":[0.0,0.0,0.0,0.25],"rotation":0,"texture":"#0","tintindex":0},"north":{"uv":[0.0,0.0,0.0,0.25],"rotation":0,"texture":"#0","tintindex":0},"west":{"uv":[9.0,4.0,9.125,4.25],"rotation":0,"texture":"#0","tintindex":0},"up":{"uv":[0.0,0.125,0.0,0.0],"rotation":0,"texture":"#0","tintindex":0},"down":{"uv":[0.0,0.0,0.0,0.125],"rotation":0,"texture":"#0","tintindex":0}}},{"from":[14.0,6.9115176,0.94609165],"to":[14.0,8.054375,1.51752],"rotation":{"angle":0.0,"axis":"y","origin":[8.0,3.4829464,3.2318058]},"faces":{"east":{"uv":[9.0,4.25,9.125,4.5],"rotation":0,"texture":"#0","tintindex":0},"south":{"uv":[0.0,0.0,0.0,0.25],"rotation":0,"texture":"#0","tintindex":0},"north":{"uv":[0.0,0.0,0.0,0.25],"rotation":0,"texture":"#0","tintindex":0},"west":{"uv":[9.0,4.5,9.125,4.75],"rotation":0,"texture":"#0","tintindex":0},"up":{"uv":[0.0,0.125,0.0,0.0],"rotation":0,"texture":"#0","tintindex":0},"down":{"uv":[0.0,0.0,0.0,0.125],"rotation":0,"texture":"#0","tintindex":0}}},{"from":[14.0,6.9115176,2.660377],"to":[14.0,8.054375,3.2318058],"rotation":{"angle":0.0,"axis":"y","origin":[8.0,3.4829464,3.2318058]},"faces":{"east":{"uv":[9.0,4.75,9.125,5.0],"rotation":0,"texture":"#0","tintindex":0},"south":{"uv":[0.0,0.0,0.0,0.25],"rotation":0,"texture":"#0","tintindex":0},"north":{"uv":[0.0,0.0,0.0,0.25],"rotation":0,"texture":"#0","tintindex":0},"west":{"uv":[5.0,9.0,5.125,9.25],"rotation":0,"texture":"#0","tintindex":0},"up":{"uv":[0.0,0.125,0.0,0.0],"rotation":0,"texture":"#0","tintindex":0},"down":{"uv":[0.0,0.0,0.0,0.125],"rotation":0,"texture":"#0","tintindex":0}}},{"from":[14.0,6.9115176,4.374663],"to":[14.0,8.054375,4.9460917],"rotation":{"angle":0.0,"axis":"y","origin":[8.0,3.4829464,3.2318058]},"faces":{"east":{"uv":[9.0,5.0,9.125,5.25],"rotation":0,"texture":"#0","tintindex":0},"south":{"uv":[0.0,0.0,0.0,0.25],"rotation":0,"texture":"#0","tintindex":0},"north":{"uv":[0.0,0.0,0.0,0.25],"rotation":0,"texture":"#0","tintindex":0},"west":{"uv":[5.125,9.0,5.25,9.25],"rotation":0,"texture":"#0","tintindex":0},"up":{"uv":[0.0,0.125,0.0,0.0],"rotation":0,"texture":"#0","tintindex":0},"down":{"uv":[0.0,0.0,0.0,0.125],"rotation":0,"texture":"#0","tintindex":0}}}],"textures":{"0":"modelengine:entity/mimic2"},"display":{"head":{"translation":[0.0,-6.4,0.0],"scale":[4.0,4.0,4.0]}}}