{"elements":[{"from":[4.0,2.8333898,5.01419],"to":[12.0,6.8333898,13.014191],"rotation":{"angle":0.0,"axis":"y","origin":[17.142857,2.8333898,9.014191]},"faces":{"east":{"uv":[7.0,0.0,10.5,1.75],"rotation":0,"texture":"#0","tintindex":0},"south":{"uv":[7.0,1.75,10.5,3.5],"rotation":0,"texture":"#0","tintindex":0},"north":{"uv":[0.0,7.0,3.5,8.75],"rotation":0,"texture":"#0","tintindex":0},"west":{"uv":[3.5,7.0,7.0,8.75],"rotation":0,"texture":"#0","tintindex":0},"up":{"uv":[7.0,3.5,3.5,0.0],"rotation":0,"texture":"#0","tintindex":0},"down":{"uv":[7.0,3.5,3.5,7.0],"rotation":0,"texture":"#0","tintindex":0}}},{"from":[4.0,6.8333898,5.01419],"to":[5.142857,7.9762473,13.014191],"rotation":{"angle":0.0,"axis":"y","origin":[17.142857,2.8333898,9.014191]},"faces":{"east":{"uv":[7.0,8.5,10.5,9.0],"rotation":0,"texture":"#0","tintindex":0},"south":{"uv":[6.75,10.5,7.25,11.0],"rotation":0,"texture":"#0","tintindex":0},"north":{"uv":[6.25,10.5,6.75,11.0],"rotation":0,"texture":"#0","tintindex":0},"west":{"uv":[0.0,8.75,3.5,9.25],"rotation":0,"texture":"#0","tintindex":0},"up":{"uv":[4.0,12.25,3.5,8.75],"rotation":0,"texture":"#0","tintindex":0},"down":{"uv":[4.5,8.75,4.0,12.25],"rotation":0,"texture":"#0","tintindex":0}}},{"from":[10.857143,6.8333898,5.01419],"to":[12.0,7.9762473,13.014191],"rotation":{"angle":0.0,"axis":"y","origin":[17.142857,2.8333898,9.014191]},"faces":{"east":{"uv":[4.5,9.0,8.0,9.5],"rotation":0,"texture":"#0","tintindex":0},"south":{"uv":[7.25,10.5,7.75,11.0],"rotation":0,"texture":"#0","tintindex":0},"north":{"uv":[10.5,7.0,11.0,7.5],"rotation":0,"texture":"#0","tintindex":0},"west":{"uv":[8.0,9.0,11.5,9.5],"rotation":0,"texture":"#0","tintindex":0},"up":{"uv":[0.5,12.75,0.0,9.25],"rotation":0,"texture":"#0","tintindex":0},"down":{"uv":[1.0,9.25,0.5,12.75],"rotation":0,"texture":"#0","tintindex":0}}},{"from":[5.142857,6.8333898,5.01419],"to":[10.857143,7.9762473,6.1570473],"rotation":{"angle":0.0,"axis":"y","origin":[17.142857,2.8333898,9.014191]},"faces":{"east":{"uv":[10.5,7.5,11.0,8.0],"rotation":0,"texture":"#0","tintindex":0},"south":{"uv":[4.5,9.5,7.0,10.0],"rotation":0,"texture":"#0","tintindex":0},"north":{"uv":[1.0,9.25,3.5,9.75],"rotation":0,"texture":"#0","tintindex":0},"west":{"uv":[7.75,10.5,8.25,11.0],"rotation":0,"texture":"#0","tintindex":0},"up":{"uv":[9.5,10.0,7.0,9.5],"rotation":0,"texture":"#0","tintindex":0},"down":{"uv":[12.0,9.5,9.5,10.0],"rotation":0,"texture":"#0","tintindex":0}}},{"from":[5.142857,6.8333898,11.871333],"to":[10.857143,7.9762473,13.014191],"rotation":{"angle":0.0,"axis":"y","origin":[17.142857,2.8333898,9.014191]},"faces":{"east":{"uv":[10.5,8.0,11.0,8.5],"rotation":0,"texture":"#0","tintindex":0},"south":{"uv":[4.5,10.0,7.0,10.5],"rotation":0,"texture":"#0","tintindex":0},"north":{"uv":[1.0,9.75,3.5,10.25],"rotation":0,"texture":"#0","tintindex":0},"west":{"uv":[8.25,10.5,8.75,11.0],"rotation":0,"texture":"#0","tintindex":0},"up":{"uv":[9.5,10.5,7.0,10.0],"rotation":0,"texture":"#0","tintindex":0},"down":{"uv":[12.0,10.0,9.5,10.5],"rotation":0,"texture":"#0","tintindex":0}}},{"from":[6.9142857,7.2619615,9.585619],"to":[9.085714,7.9476757,10.385619],"rotation":{"angle":0.0,"axis":"y","origin":[17.142857,2.8333898,9.014191]},"faces":{"east":{"uv":[12.0,5.25,12.25,5.5],"rotation":0,"texture":"#0","tintindex":0},"south":{"uv":[5.5,8.75,6.5,9.0],"rotation":0,"texture":"#0","tintindex":0},"north":{"uv":[4.5,8.75,5.5,9.0],"rotation":0,"texture":"#0","tintindex":0},"west":{"uv":[5.5,12.0,5.85,12.3],"rotation":0,"texture":"#0","tintindex":0},"up":{"uv":[11.5,8.75,10.5,8.5],"rotation":0,"texture":"#0","tintindex":0},"down":{"uv":[9.75,10.5,8.75,10.75],"rotation":0,"texture":"#0","tintindex":0}}},{"from":[7.0571427,6.990533,8.2141905],"to":[8.942857,7.5476756,9.071333],"rotation":{"angle":0.0,"axis":"y","origin":[8.0,7.5476756,8.442761]},"faces":{"east":{"uv":[11.0,0.75,11.5,1.0],"rotation":0,"texture":"#0","tintindex":0},"south":{"uv":[10.75,6.5,11.5,6.75],"rotation":0,"texture":"#0","tintindex":0},"north":{"uv":[10.75,6.25,11.5,6.5],"rotation":0,"texture":"#0","tintindex":0},"west":{"uv":[2.0,11.5,2.375,11.74375],"rotation":0,"texture":"#0","tintindex":0},"up":{"uv":[11.25,3.5,10.5,3.0],"rotation":0,"texture":"#0","tintindex":0},"down":{"uv":[11.25,3.5,10.5,4.0],"rotation":0,"texture":"#0","tintindex":0}}},{"from":[7.1142855,7.1905327,7.4999046],"to":[8.885715,7.6619616,8.31419],"rotation":{"angle":22.5,"axis":"x","origin":[8.0,7.2619615,7.785619]},"faces":{"east":{"uv":[11.5,2.0,12.0,2.25],"rotation":0,"texture":"#0","tintindex":0},"south":{"uv":[8.75,10.75,9.5,11.0],"rotation":0,"texture":"#0","tintindex":0},"north":{"uv":[10.75,6.75,11.5,7.0],"rotation":0,"texture":"#0","tintindex":0},"west":{"uv":[11.5,2.25,11.85625,2.45625],"rotation":0,"texture":"#0","tintindex":0},"up":{"uv":[11.25,4.5,10.5,4.0],"rotation":0,"texture":"#0","tintindex":0},"down":{"uv":[5.25,10.5,4.5,11.0],"rotation":0,"texture":"#0","tintindex":0}}},{"from":[7.1714287,7.6495924,6.7542763],"to":[8.828571,8.021021,7.5828476],"rotation":{"angle":45.0,"axis":"x","origin":[8.0,7.535307,7.125705]},"faces":{"east":{"uv":[2.5,11.5,3.0,11.75],"rotation":0,"texture":"#0","tintindex":0},"south":{"uv":[10.75,10.75,11.5,11.0],"rotation":0,"texture":"#0","tintindex":0},"north":{"uv":[10.75,10.5,11.5,10.75],"rotation":0,"texture":"#0","tintindex":0},"west":{"uv":[11.5,2.5,11.8625,2.6625],"rotation":0,"texture":"#0","tintindex":0},"up":{"uv":[11.25,5.0,10.5,4.5],"rotation":0,"texture":"#0","tintindex":0},"down":{"uv":[11.25,5.0,10.5,5.5],"rotation":0,"texture":"#0","tintindex":0}}},{"from":[7.3142858,8.170985,6.272869],"to":[8.685715,8.499557,7.1300125],"rotation":{"angle":45.0,"axis":"x","origin":[8.0,8.2424135,6.701441]},"faces":{"east":{"uv":[11.5,3.0,12.0,3.25],"rotation":0,"texture":"#0","tintindex":0},"south":{"uv":[11.5,3.25,12.0,3.5],"rotation":0,"texture":"#0","tintindex":0},"north":{"uv":[11.5,2.75,12.0,3.0],"rotation":0,"texture":"#0","tintindex":0},"west":{"uv":[11.5,3.5,11.875,3.64375],"rotation":0,"texture":"#0","tintindex":0},"up":{"uv":[10.25,11.0,9.75,10.5],"rotation":0,"texture":"#0","tintindex":0},"down":{"uv":[10.75,10.5,10.25,11.0],"rotation":0,"texture":"#0","tintindex":0}}},{"from":[6.9714284,7.061961,8.871333],"to":[9.028571,7.6905327,9.728476],"rotation":{"angle":-22.5,"axis":"x","origin":[8.0,7.5476756,9.157047]},"faces":{"east":{"uv":[11.5,3.75,12.0,4.0],"rotation":0,"texture":"#0","tintindex":0},"south":{"uv":[10.75,6.0,11.75,6.25],"rotation":0,"texture":"#0","tintindex":0},"north":{"uv":[10.5,8.75,11.5,9.0],"rotation":0,"texture":"#0","tintindex":0},"west":{"uv":[11.5,4.0,11.875,4.275],"rotation":0,"texture":"#0","tintindex":0},"up":{"uv":[11.5,1.5,10.5,1.0],"rotation":0,"texture":"#0","tintindex":0},"down":{"uv":[11.5,1.5,10.5,2.0],"rotation":0,"texture":"#0","tintindex":0}}},{"from":[6.857143,6.8333898,10.157047],"to":[9.142858,7.6905327,11.871333],"rotation":{"angle":22.5,"axis":"x","origin":[8.0,7.2619615,11.014191]},"faces":{"east":{"uv":[5.25,10.5,6.0,11.0],"rotation":0,"texture":"#0","tintindex":0},"south":{"uv":[10.5,2.5,11.5,3.0],"rotation":0,"texture":"#0","tintindex":0},"north":{"uv":[10.5,2.0,11.5,2.5],"rotation":0,"texture":"#0","tintindex":0},"west":{"uv":[10.5,5.5,11.25,5.875],"rotation":0,"texture":"#0","tintindex":0},"up":{"uv":[2.0,11.0,1.0,10.25],"rotation":0,"texture":"#0","tintindex":0},"down":{"uv":[3.0,10.25,2.0,11.0],"rotation":0,"texture":"#0","tintindex":0}}},{"from":[11.657143,7.9762473,5.928476],"to":[11.657143,9.119104,6.3856187],"rotation":{"angle":0.0,"axis":"y","origin":[17.142857,2.8333898,9.014191]},"faces":{"east":{"uv":[4.5,11.5,4.75,12.0],"rotation":0,"texture":"#0","tintindex":0},"south":{"uv":[4.75,11.5,5.0,12.0],"rotation":0,"texture":"#0","tintindex":0},"north":{"uv":[11.5,4.25,11.75,4.75],"rotation":0,"texture":"#0","tintindex":0},"west":{"uv":[11.5,4.75,11.7,5.25],"rotation":0,"texture":"#0","tintindex":0},"up":{"uv":[12.25,5.75,12.0,5.5],"rotation":0,"texture":"#0","tintindex":0},"down":{"uv":[6.0,12.0,5.75,12.25],"rotation":0,"texture":"#0","tintindex":0}}},{"from":[10.6285715,7.9762473,5.357047],"to":[11.085714,9.119104,5.357047],"rotation":{"angle":0.0,"axis":"y","origin":[17.142857,2.8333898,9.014191]},"faces":{"east":{"uv":[5.25,11.5,5.5,12.0],"rotation":0,"texture":"#0","tintindex":0},"south":{"uv":[11.5,5.25,11.75,5.75],"rotation":0,"texture":"#0","tintindex":0},"north":{"uv":[5.0,11.5,5.25,12.0],"rotation":0,"texture":"#0","tintindex":0},"west":{"uv":[5.5,11.5,5.5,12.0],"rotation":0,"texture":"#0","tintindex":0},"up":{"uv":[12.25,6.0,12.0,5.75],"rotation":0,"texture":"#0","tintindex":0},"down":{"uv":[6.25,12.0,6.0,12.25],"rotation":0,"texture":"#0","tintindex":0}}},{"from":[9.485714,7.9762473,5.357047],"to":[9.942858,9.119104,5.357047],"rotation":{"angle":0.0,"axis":"y","origin":[17.142857,2.8333898,9.014191]},"faces":{"east":{"uv":[6.0,11.5,6.25,12.0],"rotation":0,"texture":"#0","tintindex":0},"south":{"uv":[6.25,11.5,6.5,12.0],"rotation":0,"texture":"#0","tintindex":0},"north":{"uv":[5.75,11.5,6.0,12.0],"rotation":0,"texture":"#0","tintindex":0},"west":{"uv":[11.5,6.25,11.5,6.75],"rotation":0,"texture":"#0","tintindex":0},"up":{"uv":[12.25,6.25,12.0,6.0],"rotation":0,"texture":"#0","tintindex":0},"down":{"uv":[6.5,12.0,6.25,12.25],"rotation":0,"texture":"#0","tintindex":0}}},{"from":[8.342857,7.9762473,5.357047],"to":[8.8,9.119104,5.357047],"rotation":{"angle":0.0,"axis":"y","origin":[17.142857,2.8333898,9.014191]},"faces":{"east":{"uv":[6.75,11.5,7.0,12.0],"rotation":0,"texture":"#0","tintindex":0},"south":{"uv":[11.5,6.75,11.75,7.25],"rotation":0,"texture":"#0","tintindex":0},"north":{"uv":[6.5,11.5,6.75,12.0],"rotation":0,"texture":"#0","tintindex":0},"west":{"uv":[7.0,11.5,7.0,12.0],"rotation":0,"texture":"#0","tintindex":0},"up":{"uv":[12.25,6.5,12.0,6.25],"rotation":0,"texture":"#0","tintindex":0},"down":{"uv":[6.75,12.0,6.5,12.25],"rotation":0,"texture":"#0","tintindex":0}}},{"from":[7.2,7.9762473,5.357047],"to":[7.6571426,9.119104,5.357047],"rotation":{"angle":0.0,"axis":"y","origin":[17.142857,2.8333898,9.014191]},"faces":{"east":{"uv":[11.5,7.25,11.75,7.75],"rotation":0,"texture":"#0","tintindex":0},"south":{"uv":[7.5,11.5,7.75,12.0],"rotation":0,"texture":"#0","tintindex":0},"north":{"uv":[7.25,11.5,7.5,12.0],"rotation":0,"texture":"#0","tintindex":0},"west":{"uv":[7.75,11.5,7.75,12.0],"rotation":0,"texture":"#0","tintindex":0},"up":{"uv":[12.25,6.75,12.0,6.5],"rotation":0,"texture":"#0","tintindex":0},"down":{"uv":[7.0,12.0,6.75,12.25],"rotation":0,"texture":"#0","tintindex":0}}},{"from":[6.0571427,7.9762473,5.357047],"to":[6.5142856,9.119104,5.357047],"rotation":{"angle":0.0,"axis":"y","origin":[17.142857,2.8333898,9.014191]},"faces":{"east":{"uv":[8.0,11.5,8.25,12.0],"rotation":0,"texture":"#0","tintindex":0},"south":{"uv":[8.25,11.5,8.5,12.0],"rotation":0,"texture":"#0","tintindex":0},"north":{"uv":[11.5,7.75,11.75,8.25],"rotation":0,"texture":"#0","tintindex":0},"west":{"uv":[11.5,8.25,11.5,8.75],"rotation":0,"texture":"#0","tintindex":0},"up":{"uv":[12.25,7.0,12.0,6.75],"rotation":0,"texture":"#0","tintindex":0},"down":{"uv":[7.25,12.0,7.0,12.25],"rotation":0,"texture":"#0","tintindex":0}}},{"from":[4.9142857,7.9762473,5.357047],"to":[5.3714285,9.119104,5.357047],"rotation":{"angle":0.0,"axis":"y","origin":[17.142857,2.8333898,9.014191]},"faces":{"east":{"uv":[8.75,11.5,9.0,12.0],"rotation":0,"texture":"#0","tintindex":0},"south":{"uv":[11.5,8.75,11.75,9.25],"rotation":0,"texture":"#0","tintindex":0},"north":{"uv":[8.5,11.5,8.75,12.0],"rotation":0,"texture":"#0","tintindex":0},"west":{"uv":[9.0,11.5,9.0,12.0],"rotation":0,"texture":"#0","tintindex":0},"up":{"uv":[12.25,7.25,12.0,7.0],"rotation":0,"texture":"#0","tintindex":0},"down":{"uv":[7.5,12.0,7.25,12.25],"rotation":0,"texture":"#0","tintindex":0}}},{"from":[4.342857,7.9762473,5.928476],"to":[4.342857,9.119104,6.3856187],"rotation":{"angle":0.0,"axis":"y","origin":[17.142857,2.8333898,9.014191]},"faces":{"east":{"uv":[9.75,11.5,10.0,12.0],"rotation":0,"texture":"#0","tintindex":0},"south":{"uv":[10.0,11.5,10.25,12.0],"rotation":0,"texture":"#0","tintindex":0},"north":{"uv":[9.25,11.5,9.5,12.0],"rotation":0,"texture":"#0","tintindex":0},"west":{"uv":[10.25,11.5,10.45,12.0],"rotation":0,"texture":"#0","tintindex":0},"up":{"uv":[12.25,7.5,12.0,7.25],"rotation":0,"texture":"#0","tintindex":0},"down":{"uv":[7.75,12.0,7.5,12.25],"rotation":0,"texture":"#0","tintindex":0}}},{"from":[4.342857,7.9762473,7.071333],"to":[4.342857,9.119104,7.5284758],"rotation":{"angle":0.0,"axis":"y","origin":[17.142857,2.8333898,9.014191]},"faces":{"east":{"uv":[11.5,10.5,11.75,11.0],"rotation":0,"texture":"#0","tintindex":0},"south":{"uv":[10.75,11.5,11.0,12.0],"rotation":0,"texture":"#0","tintindex":0},"north":{"uv":[10.5,11.5,10.75,12.0],"rotation":0,"texture":"#0","tintindex":0},"west":{"uv":[11.0,11.5,11.2,12.0],"rotation":0,"texture":"#0","tintindex":0},"up":{"uv":[12.25,7.75,12.0,7.5],"rotation":0,"texture":"#0","tintindex":0},"down":{"uv":[8.0,12.0,7.75,12.25],"rotation":0,"texture":"#0","tintindex":0}}},{"from":[4.342857,7.9762473,8.2141905],"to":[4.342857,9.119104,8.671333],"rotation":{"angle":0.0,"axis":"y","origin":[17.142857,2.8333898,9.014191]},"faces":{"east":{"uv":[11.25,11.5,11.5,12.0],"rotation":0,"texture":"#0","tintindex":0},"south":{"uv":[11.5,11.5,11.75,12.0],"rotation":0,"texture":"#0","tintindex":0},"north":{"uv":[11.5,11.0,11.75,11.5],"rotation":0,"texture":"#0","tintindex":0},"west":{"uv":[11.75,0.0,11.95,0.5],"rotation":0,"texture":"#0","tintindex":0},"up":{"uv":[12.25,8.0,12.0,7.75],"rotation":0,"texture":"#0","tintindex":0},"down":{"uv":[8.25,12.0,8.0,12.25],"rotation":0,"texture":"#0","tintindex":0}}},{"from":[4.342857,7.9762473,9.357048],"to":[4.342857,9.119104,9.81419],"rotation":{"angle":0.0,"axis":"y","origin":[17.142857,2.8333898,9.014191]},"faces":{"east":{"uv":[11.75,1.0,12.0,1.5],"rotation":0,"texture":"#0","tintindex":0},"south":{"uv":[11.75,1.5,12.0,2.0],"rotation":0,"texture":"#0","tintindex":0},"north":{"uv":[11.75,0.5,12.0,1.0],"rotation":0,"texture":"#0","tintindex":0},"west":{"uv":[2.0,11.75,2.2,12.25],"rotation":0,"texture":"#0","tintindex":0},"up":{"uv":[12.25,8.25,12.0,8.0],"rotation":0,"texture":"#0","tintindex":0},"down":{"uv":[8.5,12.0,8.25,12.25],"rotation":0,"texture":"#0","tintindex":0}}},{"from":[4.342857,7.9762473,10.499905],"to":[4.342857,9.119104,10.957047],"rotation":{"angle":0.0,"axis":"y","origin":[17.142857,2.8333898,9.014191]},"faces":{"east":{"uv":[2.5,11.75,2.75,12.25],"rotation":0,"texture":"#0","tintindex":0},"south":{"uv":[2.75,11.75,3.0,12.25],"rotation":0,"texture":"#0","tintindex":0},"north":{"uv":[2.25,11.75,2.5,12.25],"rotation":0,"texture":"#0","tintindex":0},"west":{"uv":[3.0,11.75,3.2,12.25],"rotation":0,"texture":"#0","tintindex":0},"up":{"uv":[12.25,8.5,12.0,8.25],"rotation":0,"texture":"#0","tintindex":0},"down":{"uv":[8.75,12.0,8.5,12.25],"rotation":0,"texture":"#0","tintindex":0}}},{"from":[11.657143,7.9762473,7.071333],"to":[11.657143,9.119104,7.5284758],"rotation":{"angle":0.0,"axis":"y","origin":[17.142857,2.8333898,9.014191]},"faces":{"east":{"uv":[11.75,4.25,12.0,4.75],"rotation":0,"texture":"#0","tintindex":0},"south":{"uv":[11.75,4.75,12.0,5.25],"rotation":0,"texture":"#0","tintindex":0},"north":{"uv":[3.25,11.75,3.5,12.25],"rotation":0,"texture":"#0","tintindex":0},"west":{"uv":[11.75,5.25,11.95,5.75],"rotation":0,"texture":"#0","tintindex":0},"up":{"uv":[12.25,8.75,12.0,8.5],"rotation":0,"texture":"#0","tintindex":0},"down":{"uv":[9.0,12.0,8.75,12.25],"rotation":0,"texture":"#0","tintindex":0}}},{"from":[11.657143,7.9762473,8.2141905],"to":[11.657143,9.119104,8.671333],"rotation":{"angle":0.0,"axis":"y","origin":[17.142857,2.8333898,9.014191]},"faces":{"east":{"uv":[11.75,6.25,12.0,6.75],"rotation":0,"texture":"#0","tintindex":0},"south":{"uv":[11.75,6.75,12.0,7.25],"rotation":0,"texture":"#0","tintindex":0},"north":{"uv":[11.75,5.75,12.0,6.25],"rotation":0,"texture":"#0","tintindex":0},"west":{"uv":[11.75,7.25,11.95,7.75],"rotation":0,"texture":"#0","tintindex":0},"up":{"uv":[12.25,9.0,12.0,8.75],"rotation":0,"texture":"#0","tintindex":0},"down":{"uv":[9.25,12.0,9.0,12.25],"rotation":0,"texture":"#0","tintindex":0}}},{"from":[11.657143,7.9762473,9.357048],"to":[11.657143,9.119104,9.81419],"rotation":{"angle":0.0,"axis":"y","origin":[17.142857,2.8333898,9.014191]},"faces":{"east":{"uv":[11.75,8.25,12.0,8.75],"rotation":0,"texture":"#0","tintindex":0},"south":{"uv":[11.75,8.75,12.0,9.25],"rotation":0,"texture":"#0","tintindex":0},"north":{"uv":[11.75,7.75,12.0,8.25],"rotation":0,"texture":"#0","tintindex":0},"west":{"uv":[9.5,11.75,9.7,12.25],"rotation":0,"texture":"#0","tintindex":0},"up":{"uv":[12.25,9.25,12.0,9.0],"rotation":0,"texture":"#0","tintindex":0},"down":{"uv":[9.5,12.0,9.25,12.25],"rotation":0,"texture":"#0","tintindex":0}}},{"from":[11.657143,7.9762473,10.499905],"to":[11.657143,9.119104,10.957047],"rotation":{"angle":0.0,"axis":"y","origin":[17.142857,2.8333898,9.014191]},"faces":{"east":{"uv":[11.75,11.0,12.0,11.5],"rotation":0,"texture":"#0","tintindex":0},"south":{"uv":[11.75,11.5,12.0,12.0],"rotation":0,"texture":"#0","tintindex":0},"north":{"uv":[11.75,10.5,12.0,11.0],"rotation":0,"texture":"#0","tintindex":0},"west":{"uv":[12.0,0.0,12.2,0.5],"rotation":0,"texture":"#0","tintindex":0},"up":{"uv":[12.25,9.5,12.0,9.25],"rotation":0,"texture":"#0","tintindex":0},"down":{"uv":[12.25,9.5,12.0,9.75],"rotation":0,"texture":"#0","tintindex":0}}}],"textures":{"0":"modelengine:entity/mimic"},"display":{"head":{"translation":[0.0,-6.4,0.0],"scale":[4.0,4.0,4.0]}}}