{"elements":[{"from":[4.0,8.285714,0.28571415],"to":[12.0,11.142858,8.285714],"rotation":{"angle":0.0,"axis":"y","origin":[17.142857,3.142857,4.285714]},"faces":{"east":{"uv":[7.0,4.75,10.5,6.0],"rotation":0,"texture":"#0","tintindex":0},"south":{"uv":[7.0,6.0,10.5,7.25],"rotation":0,"texture":"#0","tintindex":0},"north":{"uv":[7.0,3.5,10.5,4.75],"rotation":0,"texture":"#0","tintindex":0},"west":{"uv":[7.0,7.25,10.5,8.5],"rotation":0,"texture":"#0","tintindex":0},"up":{"uv":[3.5,3.5,0.0,0.0],"rotation":0,"texture":"#0","tintindex":0},"down":{"uv":[3.5,3.5,0.0,7.0],"rotation":0,"texture":"#0","tintindex":0}}},{"from":[7.428571,6.5714283,-0.2857151],"to":[8.571428,8.857143,0.28571415],"rotation":{"angle":0.0,"axis":"y","origin":[17.142857,3.142857,4.285714]},"faces":{"east":{"uv":[6.0,10.5,6.25,11.5],"rotation":0,"texture":"#0","tintindex":0},"south":{"uv":[10.5,0.0,11.0,1.0],"rotation":0,"texture":"#0","tintindex":0},"north":{"uv":[3.0,10.25,3.5,11.25],"rotation":0,"texture":"#0","tintindex":0},"west":{"uv":[10.5,6.0,10.75,7.0],"rotation":0,"texture":"#0","tintindex":0},"up":{"uv":[7.0,9.0,6.5,8.75],"rotation":0,"texture":"#0","tintindex":0},"down":{"uv":[11.5,0.0,11.0,0.25],"rotation":0,"texture":"#0","tintindex":0}}},{"from":[11.657143,7.285714,0.6285715],"to":[11.657143,8.428572,1.0857139],"rotation":{"angle":0.0,"axis":"y","origin":[8.0,7.857143,7.857143]},"faces":{"east":{"uv":[11.0,0.25,11.25,0.75],"rotation":0,"texture":"#0","tintindex":0},"south":{"uv":[1.0,11.0,1.25,11.5],"rotation":0,"texture":"#0","tintindex":0},"north":{"uv":[9.5,10.75,9.75,11.25],"rotation":0,"texture":"#0","tintindex":0},"west":{"uv":[1.25,11.0,1.45,11.5],"rotation":0,"texture":"#0","tintindex":0},"up":{"uv":[11.75,6.0,11.5,5.75],"rotation":0,"texture":"#0","tintindex":0},"down":{"uv":[11.75,9.25,11.5,9.5],"rotation":0,"texture":"#0","tintindex":0}}},{"from":[10.057143,7.285714,0.6285715],"to":[10.514286,8.428572,0.6285715],"rotation":{"angle":0.0,"axis":"y","origin":[8.0,7.857143,7.857143]},"faces":{"east":{"uv":[1.75,11.0,2.0,11.5],"rotation":0,"texture":"#0","tintindex":0},"south":{"uv":[2.0,11.0,2.25,11.5],"rotation":0,"texture":"#0","tintindex":0},"north":{"uv":[1.5,11.0,1.75,11.5],"rotation":0,"texture":"#0","tintindex":0},"west":{"uv":[2.25,11.0,2.25,11.5],"rotation":0,"texture":"#0","tintindex":0},"up":{"uv":[12.0,9.5,11.75,9.25],"rotation":0,"texture":"#0","tintindex":0},"down":{"uv":[12.25,0.5,12.0,0.75],"rotation":0,"texture":"#0","tintindex":0}}},{"from":[8.914286,7.285714,0.6285715],"to":[9.3714285,8.428572,0.6285715],"rotation":{"angle":0.0,"axis":"y","origin":[8.0,7.857143,7.857143]},"faces":{"east":{"uv":[2.75,11.0,3.0,11.5],"rotation":0,"texture":"#0","tintindex":0},"south":{"uv":[4.5,11.0,4.75,11.5],"rotation":0,"texture":"#0","tintindex":0},"north":{"uv":[2.5,11.0,2.75,11.5],"rotation":0,"texture":"#0","tintindex":0},"west":{"uv":[4.75,11.0,4.75,11.5],"rotation":0,"texture":"#0","tintindex":0},"up":{"uv":[12.25,1.0,12.0,0.75],"rotation":0,"texture":"#0","tintindex":0},"down":{"uv":[1.25,12.0,1.0,12.25],"rotation":0,"texture":"#0","tintindex":0}}},{"from":[7.7714286,7.285714,0.6285715],"to":[8.228572,8.428572,0.6285715],"rotation":{"angle":0.0,"axis":"y","origin":[8.0,7.857143,7.857143]},"faces":{"east":{"uv":[5.25,11.0,5.5,11.5],"rotation":0,"texture":"#0","tintindex":0},"south":{"uv":[5.5,11.0,5.75,11.5],"rotation":0,"texture":"#0","tintindex":0},"north":{"uv":[5.0,11.0,5.25,11.5],"rotation":0,"texture":"#0","tintindex":0},"west":{"uv":[5.75,11.0,5.75,11.5],"rotation":0,"texture":"#0","tintindex":0},"up":{"uv":[12.25,1.25,12.0,1.0],"rotation":0,"texture":"#0","tintindex":0},"down":{"uv":[1.5,12.0,1.25,12.25],"rotation":0,"texture":"#0","tintindex":0}}},{"from":[6.6285715,7.285714,0.6285715],"to":[7.0857143,8.428572,0.6285715],"rotation":{"angle":0.0,"axis":"y","origin":[8.0,7.857143,7.857143]},"faces":{"east":{"uv":[6.5,11.0,6.75,11.5],"rotation":0,"texture":"#0","tintindex":0},"south":{"uv":[6.75,11.0,7.0,11.5],"rotation":0,"texture":"#0","tintindex":0},"north":{"uv":[6.25,11.0,6.5,11.5],"rotation":0,"texture":"#0","tintindex":0},"west":{"uv":[7.0,11.0,7.0,11.5],"rotation":0,"texture":"#0","tintindex":0},"up":{"uv":[12.25,1.5,12.0,1.25],"rotation":0,"texture":"#0","tintindex":0},"down":{"uv":[1.75,12.0,1.5,12.25],"rotation":0,"texture":"#0","tintindex":0}}},{"from":[5.485714,7.285714,0.6285715],"to":[5.942857,8.428572,0.6285715],"rotation":{"angle":0.0,"axis":"y","origin":[8.0,7.857143,7.857143]},"faces":{"east":{"uv":[7.25,11.0,7.5,11.5],"rotation":0,"texture":"#0","tintindex":0},"south":{"uv":[7.5,11.0,7.75,11.5],"rotation":0,"texture":"#0","tintindex":0},"north":{"uv":[11.0,7.0,11.25,7.5],"rotation":0,"texture":"#0","tintindex":0},"west":{"uv":[11.0,7.5,11.0,8.0],"rotation":0,"texture":"#0","tintindex":0},"up":{"uv":[12.25,1.75,12.0,1.5],"rotation":0,"texture":"#0","tintindex":0},"down":{"uv":[2.0,12.0,1.75,12.25],"rotation":0,"texture":"#0","tintindex":0}}},{"from":[4.342857,7.285714,0.6285715],"to":[4.342857,8.428572,1.0857139],"rotation":{"angle":0.0,"axis":"y","origin":[8.0,7.857143,7.857143]},"faces":{"east":{"uv":[8.0,11.0,8.25,11.5],"rotation":0,"texture":"#0","tintindex":0},"south":{"uv":[11.0,8.0,11.25,8.5],"rotation":0,"texture":"#0","tintindex":0},"north":{"uv":[7.75,11.0,8.0,11.5],"rotation":0,"texture":"#0","tintindex":0},"west":{"uv":[8.25,11.0,8.45,11.5],"rotation":0,"texture":"#0","tintindex":0},"up":{"uv":[12.25,2.0,12.0,1.75],"rotation":0,"texture":"#0","tintindex":0},"down":{"uv":[12.25,2.0,12.0,2.25],"rotation":0,"texture":"#0","tintindex":0}}},{"from":[4.342857,7.285714,1.7714286],"to":[4.342857,8.428572,2.228571],"rotation":{"angle":0.0,"axis":"y","origin":[8.0,7.857143,7.857143]},"faces":{"east":{"uv":[8.75,11.0,9.0,11.5],"rotation":0,"texture":"#0","tintindex":0},"south":{"uv":[9.0,11.0,9.25,11.5],"rotation":0,"texture":"#0","tintindex":0},"north":{"uv":[8.5,11.0,8.75,11.5],"rotation":0,"texture":"#0","tintindex":0},"west":{"uv":[9.25,11.0,9.45,11.5],"rotation":0,"texture":"#0","tintindex":0},"up":{"uv":[12.25,2.5,12.0,2.25],"rotation":0,"texture":"#0","tintindex":0},"down":{"uv":[12.25,2.5,12.0,2.75],"rotation":0,"texture":"#0","tintindex":0}}},{"from":[4.342857,7.285714,2.9142857],"to":[4.342857,8.428572,3.371428],"rotation":{"angle":0.0,"axis":"y","origin":[8.0,7.857143,7.857143]},"faces":{"east":{"uv":[10.0,11.0,10.25,11.5],"rotation":0,"texture":"#0","tintindex":0},"south":{"uv":[10.25,11.0,10.5,11.5],"rotation":0,"texture":"#0","tintindex":0},"north":{"uv":[9.75,11.0,10.0,11.5],"rotation":0,"texture":"#0","tintindex":0},"west":{"uv":[10.5,11.0,10.7,11.5],"rotation":0,"texture":"#0","tintindex":0},"up":{"uv":[12.25,3.0,12.0,2.75],"rotation":0,"texture":"#0","tintindex":0},"down":{"uv":[12.25,3.0,12.0,3.25],"rotation":0,"texture":"#0","tintindex":0}}},{"from":[4.342857,7.285714,4.0571427],"to":[4.342857,8.428572,4.5142856],"rotation":{"angle":0.0,"axis":"y","origin":[8.0,7.857143,7.857143]},"faces":{"east":{"uv":[11.0,11.0,11.25,11.5],"rotation":0,"texture":"#0","tintindex":0},"south":{"uv":[11.25,0.25,11.5,0.75],"rotation":0,"texture":"#0","tintindex":0},"north":{"uv":[10.75,11.0,11.0,11.5],"rotation":0,"texture":"#0","tintindex":0},"west":{"uv":[3.0,11.25,3.2,11.75],"rotation":0,"texture":"#0","tintindex":0},"up":{"uv":[12.25,3.5,12.0,3.25],"rotation":0,"texture":"#0","tintindex":0},"down":{"uv":[12.25,3.5,12.0,3.75],"rotation":0,"texture":"#0","tintindex":0}}},{"from":[4.342857,7.285714,5.2],"to":[4.342857,8.428572,5.6571426],"rotation":{"angle":0.0,"axis":"y","origin":[8.0,7.857143,7.857143]},"faces":{"east":{"uv":[3.25,11.25,3.5,11.75],"rotation":0,"texture":"#0","tintindex":0},"south":{"uv":[11.25,3.5,11.5,4.0],"rotation":0,"texture":"#0","tintindex":0},"north":{"uv":[11.25,3.0,11.5,3.5],"rotation":0,"texture":"#0","tintindex":0},"west":{"uv":[11.25,4.0,11.45,4.5],"rotation":0,"texture":"#0","tintindex":0},"up":{"uv":[12.25,4.0,12.0,3.75],"rotation":0,"texture":"#0","tintindex":0},"down":{"uv":[12.25,4.0,12.0,4.25],"rotation":0,"texture":"#0","tintindex":0}}},{"from":[11.657143,7.285714,1.7714286],"to":[11.657143,8.428572,2.228571],"rotation":{"angle":0.0,"axis":"y","origin":[8.0,7.857143,7.857143]},"faces":{"east":{"uv":[11.25,5.0,11.5,5.5],"rotation":0,"texture":"#0","tintindex":0},"south":{"uv":[11.25,5.5,11.5,6.0],"rotation":0,"texture":"#0","tintindex":0},"north":{"uv":[11.25,4.5,11.5,5.0],"rotation":0,"texture":"#0","tintindex":0},"west":{"uv":[11.25,7.0,11.45,7.5],"rotation":0,"texture":"#0","tintindex":0},"up":{"uv":[12.25,4.5,12.0,4.25],"rotation":0,"texture":"#0","tintindex":0},"down":{"uv":[4.75,12.0,4.5,12.25],"rotation":0,"texture":"#0","tintindex":0}}},{"from":[11.657143,7.285714,2.9142857],"to":[11.657143,8.428572,3.371428],"rotation":{"angle":0.0,"axis":"y","origin":[8.0,7.857143,7.857143]},"faces":{"east":{"uv":[11.25,8.0,11.5,8.5],"rotation":0,"texture":"#0","tintindex":0},"south":{"uv":[9.5,11.25,9.75,11.75],"rotation":0,"texture":"#0","tintindex":0},"north":{"uv":[11.25,7.5,11.5,8.0],"rotation":0,"texture":"#0","tintindex":0},"west":{"uv":[11.25,11.0,11.45,11.5],"rotation":0,"texture":"#0","tintindex":0},"up":{"uv":[12.25,4.75,12.0,4.5],"rotation":0,"texture":"#0","tintindex":0},"down":{"uv":[5.0,12.0,4.75,12.25],"rotation":0,"texture":"#0","tintindex":0}}},{"from":[11.657143,7.285714,4.0571427],"to":[11.657143,8.428572,4.5142856],"rotation":{"angle":0.0,"axis":"y","origin":[8.0,7.857143,7.857143]},"faces":{"east":{"uv":[11.5,0.5,11.75,1.0],"rotation":0,"texture":"#0","tintindex":0},"south":{"uv":[1.0,11.5,1.25,12.0],"rotation":0,"texture":"#0","tintindex":0},"north":{"uv":[11.5,0.0,11.75,0.5],"rotation":0,"texture":"#0","tintindex":0},"west":{"uv":[11.5,1.0,11.7,1.5],"rotation":0,"texture":"#0","tintindex":0},"up":{"uv":[12.25,5.0,12.0,4.75],"rotation":0,"texture":"#0","tintindex":0},"down":{"uv":[5.25,12.0,5.0,12.25],"rotation":0,"texture":"#0","tintindex":0}}},{"from":[11.657143,7.285714,5.2],"to":[11.657143,8.428572,5.6571426],"rotation":{"angle":0.0,"axis":"y","origin":[8.0,7.857143,7.857143]},"faces":{"east":{"uv":[1.5,11.5,1.75,12.0],"rotation":0,"texture":"#0","tintindex":0},"south":{"uv":[11.5,1.5,11.75,2.0],"rotation":0,"texture":"#0","tintindex":0},"north":{"uv":[1.25,11.5,1.5,12.0],"rotation":0,"texture":"#0","tintindex":0},"west":{"uv":[1.75,11.5,1.95,12.0],"rotation":0,"texture":"#0","tintindex":0},"up":{"uv":[12.25,5.25,12.0,5.0],"rotation":0,"texture":"#0","tintindex":0},"down":{"uv":[5.5,12.0,5.25,12.25],"rotation":0,"texture":"#0","tintindex":0}}}],"textures":{"0":"modelengine:entity/mimic"},"display":{"head":{"translation":[0.0,-6.4,0.0],"scale":[4.0,4.0,4.0]}}}