{"elements":[{"from":[4.285714,4.142857,8.571428],"to":[12.857143,11.857143,12.857143],"rotation":{"angle":0.0,"axis":"y","origin":[8.571428,8.0,9.428572]},"faces":{"east":{"uv":[10.0,8.25,11.25,10.5],"rotation":0,"texture":"#0","tintindex":0},"south":{"uv":[0.0,13.75,2.5,16.0],"rotation":0,"texture":"#0","tintindex":0},"north":{"uv":[6.5,6.0,9.0,8.25],"rotation":0,"texture":"#0","tintindex":0},"west":{"uv":[10.0,10.5,11.25,12.75],"rotation":0,"texture":"#0","tintindex":0},"up":{"uv":[11.5,7.0,9.0,5.75],"rotation":0,"texture":"#0","tintindex":0},"down":{"uv":[11.5,7.0,9.0,8.25],"rotation":0,"texture":"#0","tintindex":0}}}],"textures":{"0":"modelengine:entity/abejareina"},"display":{"head":{"translation":[0.0,-6.4,0.0],"scale":[4.0,4.0,4.0]}}}