{"elements":[{"from":[5.5714283,4.185714,6.342857],"to":[11.571428,10.185715,14.914286],"rotation":{"angle":0.0,"axis":"y","origin":[8.571428,2.4714284,10.6285715]},"faces":{"east":{"uv":[0.0,2.5,2.5,4.25],"rotation":0,"texture":"#0","tintindex":0},"south":{"uv":[6.75,2.5,8.5,4.25],"rotation":0,"texture":"#0","tintindex":0},"north":{"uv":[2.5,2.5,4.25,4.25],"rotation":0,"texture":"#0","tintindex":0},"west":{"uv":[4.25,2.5,6.75,4.25],"rotation":0,"texture":"#0","tintindex":0},"up":{"uv":[4.25,2.5,2.5,0.0],"rotation":0,"texture":"#0","tintindex":0},"down":{"uv":[6.0,0.0,4.25,2.5],"rotation":0,"texture":"#0","tintindex":0}}},{"from":[9.857143,8.471429,3.771428],"to":[9.857143,10.185715,6.342857],"rotation":{"angle":0.0,"axis":"y","origin":[8.571428,2.4714284,10.6285715]},"faces":{"east":{"uv":[0.5,1.5,1.25,2.0],"rotation":0,"texture":"#0","tintindex":0},"south":{"uv":[2.0,1.5,2.0,2.0],"rotation":0,"texture":"#0","tintindex":0},"north":{"uv":[1.25,1.5,1.25,2.0],"rotation":0,"texture":"#0","tintindex":0},"west":{"uv":[1.25,1.5,2.0,2.0],"rotation":0,"texture":"#0","tintindex":0},"up":{"uv":[1.25,1.5,1.25,0.75],"rotation":0,"texture":"#0","tintindex":0},"down":{"uv":[1.25,0.75,1.25,1.5],"rotation":0,"texture":"#0","tintindex":0}}},{"from":[7.285714,8.471429,3.771428],"to":[7.285714,10.185715,6.342857],"rotation":{"angle":0.0,"axis":"y","origin":[6.857143,9.328571,5.0571427]},"faces":{"east":{"uv":[0.5,0.75,1.25,1.25],"rotation":0,"texture":"#0","tintindex":0},"south":{"uv":[2.0,0.75,2.0,1.25],"rotation":0,"texture":"#0","tintindex":0},"north":{"uv":[1.25,0.75,1.25,1.25],"rotation":0,"texture":"#0","tintindex":0},"west":{"uv":[1.25,0.75,2.0,1.25],"rotation":0,"texture":"#0","tintindex":0},"up":{"uv":[1.25,0.75,1.25,0.0],"rotation":0,"texture":"#0","tintindex":0},"down":{"uv":[1.25,0.0,1.25,0.75],"rotation":0,"texture":"#0","tintindex":0}}},{"from":[6.428571,2.4714284,11.485714],"to":[10.714286,4.185714,11.485714],"rotation":{"angle":0.0,"axis":"y","origin":[8.571428,3.3285713,11.485714]},"faces":{"east":{"uv":[6.75,1.25,6.75,1.75],"rotation":0,"texture":"#0","tintindex":0},"south":{"uv":[8.0,1.25,9.25,1.75],"rotation":0,"texture":"#0","tintindex":0},"north":{"uv":[6.75,1.25,8.0,1.75],"rotation":0,"texture":"#0","tintindex":0},"west":{"uv":[8.0,1.25,8.0,1.75],"rotation":0,"texture":"#0","tintindex":0},"up":{"uv":[8.0,1.25,6.75,1.25],"rotation":0,"texture":"#0","tintindex":0},"down":{"uv":[9.25,1.25,8.0,1.25],"rotation":0,"texture":"#0","tintindex":0}}},{"from":[6.428571,2.4714284,9.771429],"to":[10.714286,4.185714,9.771429],"rotation":{"angle":0.0,"axis":"y","origin":[8.571428,3.3285713,9.771429]},"faces":{"east":{"uv":[6.75,0.75,6.75,1.25],"rotation":0,"texture":"#0","tintindex":0},"south":{"uv":[8.0,0.75,9.25,1.25],"rotation":0,"texture":"#0","tintindex":0},"north":{"uv":[6.75,0.75,8.0,1.25],"rotation":0,"texture":"#0","tintindex":0},"west":{"uv":[8.0,0.75,8.0,1.25],"rotation":0,"texture":"#0","tintindex":0},"up":{"uv":[8.0,0.75,6.75,0.75],"rotation":0,"texture":"#0","tintindex":0},"down":{"uv":[9.25,0.75,8.0,0.75],"rotation":0,"texture":"#0","tintindex":0}}},{"from":[7.285714,2.4714284,8.057143],"to":[9.857143,4.185714,8.057143],"rotation":{"angle":0.0,"axis":"y","origin":[8.571428,3.3285713,8.057143]},"faces":{"east":{"uv":[7.0,0.25,7.0,0.75],"rotation":0,"texture":"#0","tintindex":0},"south":{"uv":[7.75,0.25,8.5,0.75],"rotation":0,"texture":"#0","tintindex":0},"north":{"uv":[7.0,0.25,7.75,0.75],"rotation":0,"texture":"#0","tintindex":0},"west":{"uv":[7.75,0.25,7.75,0.75],"rotation":0,"texture":"#0","tintindex":0},"up":{"uv":[7.75,0.25,7.0,0.25],"rotation":0,"texture":"#0","tintindex":0},"down":{"uv":[8.5,0.25,7.75,0.25],"rotation":0,"texture":"#0","tintindex":0}}},{"from":[6.857143,10.185715,7.2],"to":[6.857143,11.9,10.6285715],"rotation":{"angle":0.0,"axis":"y","origin":[6.857143,11.042857,8.914286]},"faces":{"east":{"uv":[2.0,9.75,3.0,10.25],"rotation":0,"texture":"#0","tintindex":0},"south":{"uv":[0.0,0.0,0.0,0.5],"rotation":0,"texture":"#0","tintindex":0},"north":{"uv":[0.0,0.0,0.0,0.5],"rotation":0,"texture":"#0","tintindex":0},"west":{"uv":[2.0,10.25,3.0,10.75],"rotation":0,"texture":"#0","tintindex":0},"up":{"uv":[0.0,1.0,0.0,0.0],"rotation":0,"texture":"#0","tintindex":0},"down":{"uv":[0.0,0.0,0.0,1.0],"rotation":0,"texture":"#0","tintindex":0}}},{"from":[10.285714,10.185715,7.2],"to":[10.285714,11.9,10.6285715],"rotation":{"angle":0.0,"axis":"y","origin":[10.285714,11.042857,8.914286]},"faces":{"east":{"uv":[2.0,10.75,3.0,11.25],"rotation":0,"texture":"#0","tintindex":0},"south":{"uv":[0.0,0.0,0.0,0.5],"rotation":0,"texture":"#0","tintindex":0},"north":{"uv":[0.0,0.0,0.0,0.5],"rotation":0,"texture":"#0","tintindex":0},"west":{"uv":[6.5,10.75,7.5,11.25],"rotation":0,"texture":"#0","tintindex":0},"up":{"uv":[0.0,1.0,0.0,0.0],"rotation":0,"texture":"#0","tintindex":0},"down":{"uv":[0.0,0.0,0.0,1.0],"rotation":0,"texture":"#0","tintindex":0}}},{"from":[6.857143,10.185715,10.6285715],"to":[10.285714,11.9,10.6285715],"rotation":{"angle":0.0,"axis":"y","origin":[8.571428,11.042857,10.6285715]},"faces":{"east":{"uv":[0.0,0.0,0.0,0.5],"rotation":0,"texture":"#0","tintindex":0},"south":{"uv":[8.5,10.75,9.5,11.25],"rotation":0,"texture":"#0","tintindex":0},"north":{"uv":[7.5,10.75,8.5,11.25],"rotation":0,"texture":"#0","tintindex":0},"west":{"uv":[0.0,0.0,0.0,0.5],"rotation":0,"texture":"#0","tintindex":0},"up":{"uv":[1.0,0.0,0.0,0.0],"rotation":0,"texture":"#0","tintindex":0},"down":{"uv":[1.0,0.0,0.0,0.0],"rotation":0,"texture":"#0","tintindex":0}}},{"from":[6.857143,10.185715,7.2],"to":[10.285714,11.9,7.2],"rotation":{"angle":0.0,"axis":"y","origin":[8.571428,11.042857,7.2]},"faces":{"east":{"uv":[0.0,0.0,0.0,0.5],"rotation":0,"texture":"#0","tintindex":0},"south":{"uv":[4.0,11.0,5.0,11.5],"rotation":0,"texture":"#0","tintindex":0},"north":{"uv":[3.0,11.0,4.0,11.5],"rotation":0,"texture":"#0","tintindex":0},"west":{"uv":[0.0,0.0,0.0,0.5],"rotation":0,"texture":"#0","tintindex":0},"up":{"uv":[1.0,0.0,0.0,0.0],"rotation":0,"texture":"#0","tintindex":0},"down":{"uv":[1.0,0.0,0.0,0.0],"rotation":0,"texture":"#0","tintindex":0}}}],"textures":{"0":"modelengine:entity/abejareina"},"display":{"head":{"translation":[0.0,-6.4,0.0],"scale":[4.0,4.0,4.0]}}}