{"elements":[{"from":[2.5714283,1.8571424,9.428572],"to":[14.571428,13.0,19.714287],"rotation":{"angle":0.0,"axis":"y","origin":[8.571428,7.428571,14.571428]},"faces":{"east":{"uv":[13.0,6.25,16.0,9.5],"rotation":0,"texture":"#0","tintindex":0},"south":{"uv":[12.5,9.5,16.0,12.75],"rotation":0,"texture":"#0","tintindex":0},"north":{"uv":[12.5,3.0,16.0,6.25],"rotation":0,"texture":"#0","tintindex":0},"west":{"uv":[13.0,12.75,16.0,16.0],"rotation":0,"texture":"#0","tintindex":0},"up":{"uv":[13.0,16.0,9.5,13.0],"rotation":0,"texture":"#0","tintindex":0},"down":{"uv":[16.0,0.0,12.5,3.0],"rotation":0,"texture":"#0","tintindex":0}}},{"from":[8.571428,7.0,19.714287],"to":[8.571428,7.857143,21.428572],"rotation":{"angle":0.0,"axis":"y","origin":[8.571428,7.428571,20.57143]},"faces":{"east":{"uv":[6.0,2.25,6.5,2.5],"rotation":0,"texture":"#0","tintindex":0},"south":{"uv":[7.0,2.25,7.0,2.5],"rotation":0,"texture":"#0","tintindex":0},"north":{"uv":[6.5,2.25,6.5,2.5],"rotation":0,"texture":"#0","tintindex":0},"west":{"uv":[6.5,2.25,7.0,2.5],"rotation":0,"texture":"#0","tintindex":0},"up":{"uv":[6.5,2.25,6.5,1.75],"rotation":0,"texture":"#0","tintindex":0},"down":{"uv":[6.5,1.75,6.5,2.25],"rotation":0,"texture":"#0","tintindex":0}}}],"textures":{"0":"modelengine:entity/abejareina"},"display":{"head":{"translation":[0.0,-6.4,0.0],"scale":[4.0,4.0,4.0]}}}