{"elements":[{"from":[7.5714283,8.428572,6.0],"to":[14.428572,8.428572,11.142858],"rotation":{"angle":0.0,"axis":"y","origin":[11.428572,8.428572,8.571428]},"faces":{"east":{"uv":[0.0,6.0,1.5,6.0],"rotation":0,"texture":"#0","tintindex":0},"south":{"uv":[5.0,6.0,7.0,6.0],"rotation":0,"texture":"#0","tintindex":0},"north":{"uv":[1.5,6.0,3.5,6.0],"rotation":0,"texture":"#0","tintindex":0},"west":{"uv":[3.5,6.0,5.0,6.0],"rotation":0,"texture":"#0","tintindex":0},"up":{"uv":[3.5,6.0,1.5,4.5],"rotation":0,"texture":"#0","tintindex":0},"down":{"uv":[5.5,4.5,3.5,6.0],"rotation":0,"texture":"#0","tintindex":0}}}],"textures":{"0":"modelengine:entity/abejareina"},"display":{"head":{"translation":[0.0,-6.4,0.0],"scale":[4.0,4.0,4.0]}}}