{"elements":[{"from":[3.0,6.428571,6.857857],"to":[7.5714283,7.5714283,9.143572],"rotation":{"angle":0.0,"axis":"y","origin":[1.2857141,5.8571424,12.000714]},"faces":{"east":{"uv":[8.0,12.0,10.0,13.0],"rotation":0,"texture":"#0","tintindex":0},"south":{"uv":[11.5,3.0,15.5,4.0],"rotation":0,"texture":"#0","tintindex":0},"north":{"uv":[11.5,2.0,15.5,3.0],"rotation":0,"texture":"#0","tintindex":0},"west":{"uv":[12.0,8.0,14.0,9.0],"rotation":0,"texture":"#0","tintindex":0},"up":{"uv":[12.5,8.0,8.5,6.0],"rotation":0,"texture":"#0","tintindex":0},"down":{"uv":[13.0,0.0,9.0,2.0],"rotation":0,"texture":"#0","tintindex":0}}},{"from":[5.8571424,7.5714283,6.855],"to":[7.5714283,8.714286,6.855],"rotation":{"angle":0.0,"axis":"y","origin":[12.714286,8.142858,8.000714]},"faces":{"east":{"uv":[0.0,0.0,0.0,1.0],"rotation":0,"texture":"#0","tintindex":0},"south":{"uv":[10.0,12.0,11.5,13.0],"rotation":0,"texture":"#0","tintindex":0},"north":{"uv":[12.0,9.0,13.5,10.0],"rotation":0,"texture":"#0","tintindex":0},"west":{"uv":[0.0,0.0,0.0,1.0],"rotation":0,"texture":"#0","tintindex":0},"up":{"uv":[1.5,0.0,0.0,0.0],"rotation":0,"texture":"#0","tintindex":0},"down":{"uv":[1.5,0.0,0.0,0.0],"rotation":0,"texture":"#0","tintindex":0}}},{"from":[5.8571424,7.5714283,9.143572],"to":[7.5714283,8.714286,9.143572],"rotation":{"angle":0.0,"axis":"y","origin":[12.714286,8.142858,8.000714]},"faces":{"east":{"uv":[0.0,0.0,0.0,1.0],"rotation":0,"texture":"#0","tintindex":0},"south":{"uv":[12.5,4.0,14.0,5.0],"rotation":0,"texture":"#0","tintindex":0},"north":{"uv":[11.5,12.0,13.0,13.0],"rotation":0,"texture":"#0","tintindex":0},"west":{"uv":[0.0,0.0,0.0,1.0],"rotation":0,"texture":"#0","tintindex":0},"up":{"uv":[1.5,0.0,0.0,0.0],"rotation":0,"texture":"#0","tintindex":0},"down":{"uv":[1.5,0.0,0.0,0.0],"rotation":0,"texture":"#0","tintindex":0}}}],"textures":{"0":"modelengine:entity/bs_vm_crab_texture"},"display":{"head":{"translation":[0.0,-6.4,0.0],"scale":[4.0,4.0,4.0]}}}