{"elements":[{"from":[5.428571,7.1913004,3.0265923],"to":[10.571428,9.477015,7.598021],"rotation":{"angle":0.0,"axis":"y","origin":[8.0,5.4770145,5.3123064]},"faces":{"east":{"uv":[4.5,4.0,8.5,6.0],"rotation":0,"texture":"#0","tintindex":0},"south":{"uv":[4.5,2.0,9.0,4.0],"rotation":0,"texture":"#0","tintindex":0},"north":{"uv":[4.5,0.0,9.0,2.0],"rotation":0,"texture":"#0","tintindex":0},"west":{"uv":[4.5,6.0,8.5,8.0],"rotation":0,"texture":"#0","tintindex":0},"up":{"uv":[4.5,4.0,0.0,0.0],"rotation":0,"texture":"#0","tintindex":0},"down":{"uv":[4.5,4.0,0.0,8.0],"rotation":0,"texture":"#0","tintindex":0}}},{"from":[8.857143,8.619872,2.9980206],"to":[10.571428,10.334158,2.9980206],"rotation":{"angle":0.0,"axis":"y","origin":[8.0,5.4770145,5.883735]},"faces":{"east":{"uv":[0.0,0.0,0.0,1.5],"rotation":0,"texture":"#0","tintindex":0},"south":{"uv":[3.5,12.0,5.0,13.5],"rotation":0,"texture":"#0","tintindex":0},"north":{"uv":[2.0,12.0,3.5,13.5],"rotation":0,"texture":"#0","tintindex":0},"west":{"uv":[0.0,0.0,0.0,1.5],"rotation":0,"texture":"#0","tintindex":0},"up":{"uv":[1.5,0.0,0.0,0.0],"rotation":0,"texture":"#0","tintindex":0},"down":{"uv":[1.5,0.0,0.0,0.0],"rotation":0,"texture":"#0","tintindex":0}}},{"from":[8.285714,8.334158,3.0265923],"to":[8.857143,10.048444,3.0265923],"rotation":{"angle":22.5,"axis":"x","origin":[8.285714,9.477015,3.0265923]},"faces":{"east":{"uv":[0.0,0.0,0.0,1.5],"rotation":0,"texture":"#0","tintindex":0},"south":{"uv":[13.0,12.0,13.5,13.5],"rotation":0,"texture":"#0","tintindex":0},"north":{"uv":[12.0,13.0,12.5,14.5],"rotation":0,"texture":"#0","tintindex":0},"west":{"uv":[0.0,0.0,0.0,1.5],"rotation":0,"texture":"#0","tintindex":0},"up":{"uv":[0.5,0.0,0.0,0.0],"rotation":0,"texture":"#0","tintindex":0},"down":{"uv":[0.5,0.0,0.0,0.0],"rotation":0,"texture":"#0","tintindex":0}}},{"from":[7.142857,8.334158,3.0265923],"to":[7.714286,10.048444,3.0265923],"rotation":{"angle":22.5,"axis":"x","origin":[8.285714,9.477015,3.0265923]},"faces":{"east":{"uv":[0.0,0.0,0.0,1.5],"rotation":0,"texture":"#0","tintindex":0},"south":{"uv":[2.0,13.5,2.5,15.0],"rotation":0,"texture":"#0","tintindex":0},"north":{"uv":[12.5,13.0,13.0,14.5],"rotation":0,"texture":"#0","tintindex":0},"west":{"uv":[0.0,0.0,0.0,1.5],"rotation":0,"texture":"#0","tintindex":0},"up":{"uv":[0.5,0.0,0.0,0.0],"rotation":0,"texture":"#0","tintindex":0},"down":{"uv":[0.5,0.0,0.0,0.0],"rotation":0,"texture":"#0","tintindex":0}}},{"from":[5.428571,8.619872,2.9980206],"to":[7.142857,10.334158,2.9980206],"rotation":{"angle":0.0,"axis":"y","origin":[8.0,5.4770145,5.883735]},"faces":{"east":{"uv":[0.0,0.0,0.0,1.5],"rotation":0,"texture":"#0","tintindex":0},"south":{"uv":[6.5,12.0,8.0,13.5],"rotation":0,"texture":"#0","tintindex":0},"north":{"uv":[5.0,12.0,6.5,13.5],"rotation":0,"texture":"#0","tintindex":0},"west":{"uv":[0.0,0.0,0.0,1.5],"rotation":0,"texture":"#0","tintindex":0},"up":{"uv":[1.5,0.0,0.0,0.0],"rotation":0,"texture":"#0","tintindex":0},"down":{"uv":[1.5,0.0,0.0,0.0],"rotation":0,"texture":"#0","tintindex":0}}}],"textures":{"0":"modelengine:entity/bs_vm_crab_texture"},"display":{"head":{"translation":[0.0,-6.4,0.0],"scale":[4.0,4.0,4.0]}}}