{"elements":[{"from":[8.451419,7.3839912,6.9213066],"to":[11.308562,9.669705,9.207021],"rotation":{"angle":0.0,"axis":"y","origin":[8.165705,8.526849,8.064164]},"faces":{"east":{"uv":[11.5,10.0,13.5,12.0],"rotation":0,"texture":"#0","tintindex":0},"south":{"uv":[0.0,10.0,2.5,12.0],"rotation":0,"texture":"#0","tintindex":0},"north":{"uv":[9.0,2.0,11.5,4.0],"rotation":0,"texture":"#0","tintindex":0},"west":{"uv":[0.0,12.0,2.0,14.0],"rotation":0,"texture":"#0","tintindex":0},"up":{"uv":[5.0,12.0,2.5,10.0],"rotation":0,"texture":"#0","tintindex":0},"down":{"uv":[7.5,10.0,5.0,12.0],"rotation":0,"texture":"#0","tintindex":0}}}],"textures":{"0":"modelengine:entity/bs_vm_crab_texture"},"display":{"head":{"translation":[0.0,-6.4,0.0],"scale":[4.0,4.0,4.0]}}}