{"elements":[{"from":[8.0,1.1428566,6.857143],"to":[10.285714,9.142858,9.142858],"rotation":{"angle":0.0,"axis":"y","origin":[9.714286,1.1428566,7.428571]},"faces":{"east":{"uv":[7.5,7.5,8.5,11.0],"rotation":0,"texture":"#0","tintindex":0},"south":{"uv":[4.0,8.0,5.0,11.5],"rotation":0,"texture":"#0","tintindex":0},"north":{"uv":[1.5,6.5,2.5,10.0],"rotation":0,"texture":"#0","tintindex":0},"west":{"uv":[5.0,8.0,6.0,11.5],"rotation":0,"texture":"#0","tintindex":0},"up":{"uv":[1.0,13.5,0.0,12.5],"rotation":0,"texture":"#0","tintindex":0},"down":{"uv":[13.5,10.75,12.5,11.75],"rotation":0,"texture":"#0","tintindex":0}}},{"from":[8.857143,1.9999995,0.5714283],"to":[9.428572,2.5714283,14.857143],"rotation":{"angle":0.0,"axis":"y","origin":[8.857143,1.9999995,5.142857]},"faces":{"east":{"uv":[1.5,1.5,7.75,1.75],"rotation":0,"texture":"#2","tintindex":0},"south":{"uv":[2.75,0.75,3.0,1.0],"rotation":0,"texture":"#2","tintindex":0},"north":{"uv":[2.75,0.5,3.0,0.75],"rotation":0,"texture":"#2","tintindex":0},"west":{"uv":[1.5,1.75,7.75,2.0],"rotation":0,"texture":"#2","tintindex":0},"up":{"uv":[1.75,8.25,1.5,2.0],"rotation":0,"texture":"#2","tintindex":0},"down":{"uv":[2.0,2.0,1.75,8.25],"rotation":0,"texture":"#2","tintindex":0}}},{"from":[8.571428,1.8571424,6.285714],"to":[9.571428,2.7142854,9.714286],"rotation":{"angle":0.0,"axis":"y","origin":[8.857143,1.9999995,5.142857]},"faces":{"east":{"uv":[2.0,2.0,3.5,2.5],"rotation":0,"texture":"#2","tintindex":0},"south":{"uv":[2.25,1.0,2.75,1.5],"rotation":0,"texture":"#2","tintindex":0},"north":{"uv":[2.25,0.5,2.75,1.0],"rotation":0,"texture":"#2","tintindex":0},"west":{"uv":[2.25,0.0,3.75,0.5],"rotation":0,"texture":"#2","tintindex":0},"up":{"uv":[2.5,4.0,2.0,2.5],"rotation":0,"texture":"#2","tintindex":0},"down":{"uv":[3.0,2.5,2.5,4.0],"rotation":0,"texture":"#2","tintindex":0}}},{"from":[9.142858,1.4285712,-3.4285717],"to":[9.142858,3.142857,1.7142854],"rotation":{"angle":0.0,"axis":"y","origin":[8.571428,1.9999995,3.4285712]},"faces":{"east":{"uv":[0.0,0.0,2.25,0.75],"rotation":0,"texture":"#2","tintindex":0},"south":{"uv":[0.0,0.0,0.0,0.75],"rotation":0,"texture":"#2","tintindex":0},"north":{"uv":[0.0,0.0,0.0,0.75],"rotation":0,"texture":"#2","tintindex":0},"west":{"uv":[0.0,0.75,2.25,1.5],"rotation":0,"texture":"#2","tintindex":0},"up":{"uv":[0.0,2.25,0.0,0.0],"rotation":0,"texture":"#2","tintindex":0},"down":{"uv":[0.0,0.0,0.0,2.25],"rotation":0,"texture":"#2","tintindex":0}}},{"from":[8.285714,2.2857141,-3.4285717],"to":[10.0,2.2857141,1.7142854],"rotation":{"angle":0.0,"axis":"y","origin":[8.285714,2.2857141,3.4285712]},"faces":{"east":{"uv":[0.0,0.0,2.25,0.0],"rotation":0,"texture":"#2","tintindex":0},"south":{"uv":[0.0,0.0,0.75,0.0],"rotation":0,"texture":"#2","tintindex":0},"north":{"uv":[0.0,0.0,0.75,0.0],"rotation":0,"texture":"#2","tintindex":0},"west":{"uv":[0.0,0.0,2.25,0.0],"rotation":0,"texture":"#2","tintindex":0},"up":{"uv":[0.75,3.75,0.0,1.5],"rotation":0,"texture":"#2","tintindex":0},"down":{"uv":[1.5,1.5,0.75,3.75],"rotation":0,"texture":"#2","tintindex":0}}}],"textures":{"0":"modelengine:entity/salvaje3","2":"modelengine:entity/lanza"},"display":{"head":{"translation":[0.0,-6.4,0.0],"scale":[4.0,4.0,4.0]}}}