{"parent":"minecraft:item/generated","textures":{"layer0":"minecraft:item/leather_horse_armor"},"overrides":[{"predicate":{"custom_model_data":1},"model":"modelengine:abejareina/bone3"},{"predicate":{"custom_model_data":2},"model":"modelengine:abejareina/bone6"},{"predicate":{"custom_model_data":3},"model":"modelengine:abejareina/bone4"},{"predicate":{"custom_model_data":4},"model":"modelengine:abejareina/bone2"},{"predicate":{"custom_model_data":5},"model":"modelengine:abejareina/bone5"},{"predicate":{"custom_model_data":6},"model":"modelengine:sievirus/body"},{"predicate":{"custom_model_data":7},"model":"modelengine:sievirus/cabeza"},{"predicate":{"custom_model_data":8},"model":"modelengine:sievirus/left_leg"},{"predicate":{"custom_model_data":9},"model":"modelengine:sievirus/right_leg"},{"predicate":{"custom_model_data":10},"model":"modelengine:alma/body"},{"predicate":{"custom_model_data":11},"model":"modelengine:alma/bone"},{"predicate":{"custom_model_data":12},"model":"modelengine:babousa/head"},{"predicate":{"custom_model_data":13},"model":"modelengine:babousa/eye_1"},{"predicate":{"custom_model_data":14},"model":"modelengine:babousa/eye_2"},{"predicate":{"custom_model_data":15},"model":"modelengine:babousa/body"},{"predicate":{"custom_model_data":16},"model":"modelengine:bs_vm_armadillo/bs_vm_armadillo"},{"predicate":{"custom_model_data":17},"model":"modelengine:bs_vm_armadillo/right_back"},{"predicate":{"custom_model_data":18},"model":"modelengine:bs_vm_armadillo/left_back"},{"predicate":{"custom_model_data":19},"model":"modelengine:bs_vm_armadillo/tail"},{"predicate":{"custom_model_data":20},"model":"modelengine:bs_vm_armadillo/right_front"},{"predicate":{"custom_model_data":21},"model":"modelengine:bs_vm_armadillo/left_front"},{"predicate":{"custom_model_data":22},"model":"modelengine:bs_vm_armadillo/torso"},{"predicate":{"custom_model_data":23},"model":"modelengine:bs_vm_armadillo/head"},{"predicate":{"custom_model_data":24},"model":"modelengine:bs_vm_crab/bs_vm_crab"},{"predicate":{"custom_model_data":25},"model":"modelengine:bs_vm_crab/right_leg"},{"predicate":{"custom_model_data":26},"model":"modelengine:bs_vm_crab/left_leg"},{"predicate":{"custom_model_data":27},"model":"modelengine:bs_vm_crab/top"},{"predicate":{"custom_model_data":28},"model":"modelengine:bs_vm_crab/big_claw"},{"predicate":{"custom_model_data":29},"model":"modelengine:bs_vm_crab/little_claw"},{"predicate":{"custom_model_data":30},"model":"modelengine:bs_vm_penguin/bs_vm_penguin"},{"predicate":{"custom_model_data":31},"model":"modelengine:bs_vm_penguin/left_wing"},{"predicate":{"custom_model_data":32},"model":"modelengine:bs_vm_penguin/head"},{"predicate":{"custom_model_data":33},"model":"modelengine:bs_vm_penguin/right_wing"},{"predicate":{"custom_model_data":34},"model":"modelengine:bs_vm_penguin/right_foot"},{"predicate":{"custom_model_data":35},"model":"modelengine:bs_vm_penguin/left_foot"},{"predicate":{"custom_model_data":36},"model":"modelengine:caracol/head"},{"predicate":{"custom_model_data":37},"model":"modelengine:caracol/eye_1"},{"predicate":{"custom_model_data":38},"model":"modelengine:caracol/eye_2"},{"predicate":{"custom_model_data":39},"model":"modelengine:caracol/body"},{"predicate":{"custom_model_data":40},"model":"modelengine:caracol/caparazon"},{"predicate":{"custom_model_data":41},"model":"modelengine:creeper_hongo/body"},{"predicate":{"custom_model_data":42},"model":"modelengine:creeper_hongo/head"},{"predicate":{"custom_model_data":43},"model":"modelengine:creeper_hongo/leg1"},{"predicate":{"custom_model_data":44},"model":"modelengine:creeper_hongo/leg2"},{"predicate":{"custom_model_data":45},"model":"modelengine:creeper_hongo/leg3"},{"predicate":{"custom_model_data":46},"model":"modelengine:creeper_hongo/leg4"},{"predicate":{"custom_model_data":47},"model":"modelengine:endersoul/body"},{"predicate":{"custom_model_data":48},"model":"modelengine:endersoul/head"},{"predicate":{"custom_model_data":49},"model":"modelengine:endersoul/left_arm"},{"predicate":{"custom_model_data":50},"model":"modelengine:endersoul/right_arm"},{"predicate":{"custom_model_data":51},"model":"modelengine:endersoul/left_leg"},{"predicate":{"custom_model_data":52},"model":"modelengine:endersoul/right_leg"},{"predicate":{"custom_model_data":53},"model":"modelengine:ent/body"},{"predicate":{"custom_model_data":54},"model":"modelengine:ent/right_arm"},{"predicate":{"custom_model_data":55},"model":"modelengine:ent/left_arm"},{"predicate":{"custom_model_data":56},"model":"modelengine:ent/right_leg"},{"predicate":{"custom_model_data":57},"model":"modelengine:ent/left_leg"},{"predicate":{"custom_model_data":58},"model":"modelengine:ent_superior/body"},{"predicate":{"custom_model_data":59},"model":"modelengine:ent_superior/head"},{"predicate":{"custom_model_data":60},"model":"modelengine:ent_superior/left_arm"},{"predicate":{"custom_model_data":61},"model":"modelengine:ent_superior/right_arm"},{"predicate":{"custom_model_data":62},"model":"modelengine:ent_superior/left_leg"},{"predicate":{"custom_model_data":63},"model":"modelengine:ent_superior/right_leg"},{"predicate":{"custom_model_data":64},"model":"modelengine:ente/body"},{"predicate":{"custom_model_data":65},"model":"modelengine:ente/head"},{"predicate":{"custom_model_data":66},"model":"modelengine:ente/left_arm"},{"predicate":{"custom_model_data":67},"model":"modelengine:ente/right_arm"},{"predicate":{"custom_model_data":68},"model":"modelengine:ente/left_leg"},{"predicate":{"custom_model_data":69},"model":"modelengine:ente/right_leg"},{"predicate":{"custom_model_data":70},"model":"modelengine:ente/halo"},{"predicate":{"custom_model_data":71},"model":"modelengine:esqueleto_guerrero/body"},{"predicate":{"custom_model_data":72},"model":"modelengine:esqueleto_guerrero/head"},{"predicate":{"custom_model_data":73},"model":"modelengine:esqueleto_guerrero/left_arm"},{"predicate":{"custom_model_data":74},"model":"modelengine:esqueleto_guerrero/right_arm"},{"predicate":{"custom_model_data":75},"model":"modelengine:esqueleto_guerrero/left_leg"},{"predicate":{"custom_model_data":76},"model":"modelengine:esqueleto_guerrero/left_leg2"},{"predicate":{"custom_model_data":77},"model":"modelengine:esqueleto_guerrero/left_foot"},{"predicate":{"custom_model_data":78},"model":"modelengine:esqueleto_guerrero/right_leg"},{"predicate":{"custom_model_data":79},"model":"modelengine:esqueleto_guerrero/right_leg2"},{"predicate":{"custom_model_data":80},"model":"modelengine:esqueleto_guerrero/right_foot"},{"predicate":{"custom_model_data":81},"model":"modelengine:fueguito/head"},{"predicate":{"custom_model_data":82},"model":"modelengine:fueguito/left_leg"},{"predicate":{"custom_model_data":83},"model":"modelengine:fueguito/right_left"},{"predicate":{"custom_model_data":84},"model":"modelengine:gift_pet/body"},{"predicate":{"custom_model_data":85},"model":"modelengine:gift_pet/hat"},{"predicate":{"custom_model_data":86},"model":"modelengine:gift_pet/left_arm"},{"predicate":{"custom_model_data":87},"model":"modelengine:gift_pet/right_arm"},{"predicate":{"custom_model_data":88},"model":"modelengine:gift_pet/left_leg"},{"predicate":{"custom_model_data":89},"model":"modelengine:gift_pet/right_leg"},{"predicate":{"custom_model_data":90},"model":"modelengine:goblin/head"},{"predicate":{"custom_model_data":91},"model":"modelengine:goblin/right_arm"},{"predicate":{"custom_model_data":92},"model":"modelengine:goblin/left_arm"},{"predicate":{"custom_model_data":93},"model":"modelengine:goblin/body"},{"predicate":{"custom_model_data":94},"model":"modelengine:goblin/right_leg"},{"predicate":{"custom_model_data":95},"model":"modelengine:goblin/left_leg"},{"predicate":{"custom_model_data":96},"model":"modelengine:golem/body"},{"predicate":{"custom_model_data":97},"model":"modelengine:golem/head"},{"predicate":{"custom_model_data":98},"model":"modelengine:golem/left_arm"},{"predicate":{"custom_model_data":99},"model":"modelengine:golem/right_arm"},{"predicate":{"custom_model_data":100},"model":"modelengine:golem/left_leg"},{"predicate":{"custom_model_data":101},"model":"modelengine:golem/right_leg"},{"predicate":{"custom_model_data":102},"model":"modelengine:hongo_viviente/body"},{"predicate":{"custom_model_data":103},"model":"modelengine:hongo_viviente/head"},{"predicate":{"custom_model_data":104},"model":"modelengine:hongo_viviente/right_arm"},{"predicate":{"custom_model_data":105},"model":"modelengine:hongo_viviente/right_arm2"},{"predicate":{"custom_model_data":106},"model":"modelengine:hongo_viviente/left_arm"},{"predicate":{"custom_model_data":107},"model":"modelengine:hongo_viviente/left_arm2"},{"predicate":{"custom_model_data":108},"model":"modelengine:hongo_viviente/right_leg"},{"predicate":{"custom_model_data":109},"model":"modelengine:hongo_viviente/left_leg"},{"predicate":{"custom_model_data":110},"model":"modelengine:honguito/head"},{"predicate":{"custom_model_data":111},"model":"modelengine:honguito/right_arm"},{"predicate":{"custom_model_data":112},"model":"modelengine:honguito/left_arm"},{"predicate":{"custom_model_data":113},"model":"modelengine:honguito/right_leg"},{"predicate":{"custom_model_data":114},"model":"modelengine:honguito/left_leg"},{"predicate":{"custom_model_data":115},"model":"modelengine:jefe_piglin/head"},{"predicate":{"custom_model_data":116},"model":"modelengine:jefe_piglin/body"},{"predicate":{"custom_model_data":117},"model":"modelengine:jefe_piglin/left_arm"},{"predicate":{"custom_model_data":118},"model":"modelengine:jefe_piglin/right_arm"},{"predicate":{"custom_model_data":119},"model":"modelengine:jefe_piglin/weapon"},{"predicate":{"custom_model_data":120},"model":"modelengine:jefe_piglin/left_leg"},{"predicate":{"custom_model_data":121},"model":"modelengine:jefe_piglin/right_leg"},{"predicate":{"custom_model_data":122},"model":"modelengine:libro_encantado/body"},{"predicate":{"custom_model_data":123},"model":"modelengine:libro_encantado/left_arm"},{"predicate":{"custom_model_data":124},"model":"modelengine:libro_encantado/right_arm"},{"predicate":{"custom_model_data":125},"model":"modelengine:mimic/head"},{"predicate":{"custom_model_data":126},"model":"modelengine:mimic/body"},{"predicate":{"custom_model_data":127},"model":"modelengine:mimic2/head"},{"predicate":{"custom_model_data":128},"model":"modelengine:mimic2/body"},{"predicate":{"custom_model_data":129},"model":"modelengine:mimo/body"},{"predicate":{"custom_model_data":130},"model":"modelengine:mimo/head"},{"predicate":{"custom_model_data":131},"model":"modelengine:mimo/left_arm"},{"predicate":{"custom_model_data":132},"model":"modelengine:mimo/right_arm"},{"predicate":{"custom_model_data":133},"model":"modelengine:mimo/left_leg"},{"predicate":{"custom_model_data":134},"model":"modelengine:mimo/right_leg"},{"predicate":{"custom_model_data":135},"model":"modelengine:momia/body"},{"predicate":{"custom_model_data":136},"model":"modelengine:momia/head"},{"predicate":{"custom_model_data":137},"model":"modelengine:momia/left_arm"},{"predicate":{"custom_model_data":138},"model":"modelengine:momia/right_arm"},{"predicate":{"custom_model_data":139},"model":"modelengine:momia/left_leg"},{"predicate":{"custom_model_data":140},"model":"modelengine:momia/right_leg"},{"predicate":{"custom_model_data":141},"model":"modelengine:nigromante/body"},{"predicate":{"custom_model_data":142},"model":"modelengine:nigromante/head"},{"predicate":{"custom_model_data":143},"model":"modelengine:nigromante/crown"},{"predicate":{"custom_model_data":144},"model":"modelengine:nigromante/left_arm"},{"predicate":{"custom_model_data":145},"model":"modelengine:nigromante/right_arm"},{"predicate":{"custom_model_data":146},"model":"modelengine:nigromante/wand"},{"predicate":{"custom_model_data":147},"model":"modelengine:nigromante/leg"},{"predicate":{"custom_model_data":148},"model":"modelengine:nocsy_otter_v2/body"},{"predicate":{"custom_model_data":149},"model":"modelengine:nocsy_otter_v2/tail"},{"predicate":{"custom_model_data":150},"model":"modelengine:nocsy_otter_v2/head"},{"predicate":{"custom_model_data":151},"model":"modelengine:nocsy_otter_v2/front_leg_left"},{"predicate":{"custom_model_data":152},"model":"modelengine:nocsy_otter_v2/front_leg_right"},{"predicate":{"custom_model_data":153},"model":"modelengine:nocsy_otter_v2/back_leg_left"},{"predicate":{"custom_model_data":154},"model":"modelengine:nocsy_otter_v2/back_leg_right"},{"predicate":{"custom_model_data":155},"model":"modelengine:oculo/core"},{"predicate":{"custom_model_data":156},"model":"modelengine:oculo/right_leg"},{"predicate":{"custom_model_data":157},"model":"modelengine:oculo/left_leg"},{"predicate":{"custom_model_data":158},"model":"modelengine:oculo_2/core"},{"predicate":{"custom_model_data":159},"model":"modelengine:oculo_2/ala"},{"predicate":{"custom_model_data":160},"model":"modelengine:oculo_2/ala_2"},{"predicate":{"custom_model_data":161},"model":"modelengine:oculo_3/core"},{"predicate":{"custom_model_data":162},"model":"modelengine:oculo_3/ala"},{"predicate":{"custom_model_data":163},"model":"modelengine:oculo_3/ala_2"},{"predicate":{"custom_model_data":164},"model":"modelengine:oculo_4/core"},{"predicate":{"custom_model_data":165},"model":"modelengine:oculo_4/ala"},{"predicate":{"custom_model_data":166},"model":"modelengine:oculo_4/ala_2"},{"predicate":{"custom_model_data":167},"model":"modelengine:ogro/body"},{"predicate":{"custom_model_data":168},"model":"modelengine:ogro/head"},{"predicate":{"custom_model_data":169},"model":"modelengine:ogro/left_arm"},{"predicate":{"custom_model_data":170},"model":"modelengine:ogro/right_arm"},{"predicate":{"custom_model_data":171},"model":"modelengine:ogro/left_leg"},{"predicate":{"custom_model_data":172},"model":"modelengine:ogro/right_leg"},{"predicate":{"custom_model_data":173},"model":"modelengine:ojo/head"},{"predicate":{"custom_model_data":174},"model":"modelengine:ojo/halo"},{"predicate":{"custom_model_data":175},"model":"modelengine:rata/body"},{"predicate":{"custom_model_data":176},"model":"modelengine:rata/tail"},{"predicate":{"custom_model_data":177},"model":"modelengine:rata/head"},{"predicate":{"custom_model_data":178},"model":"modelengine:rata/jaw"},{"predicate":{"custom_model_data":179},"model":"modelengine:rata/right_left_front"},{"predicate":{"custom_model_data":180},"model":"modelengine:rata/left_leg_front"},{"predicate":{"custom_model_data":181},"model":"modelengine:rata/right_left_back"},{"predicate":{"custom_model_data":182},"model":"modelengine:rata/left_leg_back"},{"predicate":{"custom_model_data":183},"model":"modelengine:rata_rabiosa/body"},{"predicate":{"custom_model_data":184},"model":"modelengine:rata_rabiosa/tail"},{"predicate":{"custom_model_data":185},"model":"modelengine:rata_rabiosa/head"},{"predicate":{"custom_model_data":186},"model":"modelengine:rata_rabiosa/jaw"},{"predicate":{"custom_model_data":187},"model":"modelengine:rata_rabiosa/right_left_front"},{"predicate":{"custom_model_data":188},"model":"modelengine:rata_rabiosa/left_leg_front"},{"predicate":{"custom_model_data":189},"model":"modelengine:rata_rabiosa/right_left_back"},{"predicate":{"custom_model_data":190},"model":"modelengine:rata_rabiosa/left_leg_back"},{"predicate":{"custom_model_data":191},"model":"modelengine:rey_blaze/head"},{"predicate":{"custom_model_data":192},"model":"modelengine:rey_blaze/body"},{"predicate":{"custom_model_data":193},"model":"modelengine:rey_blaze/escudo1"},{"predicate":{"custom_model_data":194},"model":"modelengine:rey_blaze/escudo2"},{"predicate":{"custom_model_data":195},"model":"modelengine:rey_blaze/escudo3"},{"predicate":{"custom_model_data":196},"model":"modelengine:rey_blaze/escudo4"},{"predicate":{"custom_model_data":197},"model":"modelengine:rey_goblin/head"},{"predicate":{"custom_model_data":198},"model":"modelengine:rey_goblin/right_arm"},{"predicate":{"custom_model_data":199},"model":"modelengine:rey_goblin/left_arm"},{"predicate":{"custom_model_data":200},"model":"modelengine:rey_goblin/body"},{"predicate":{"custom_model_data":201},"model":"modelengine:rey_goblin/right_leg"},{"predicate":{"custom_model_data":202},"model":"modelengine:rey_goblin/left_leg"},{"predicate":{"custom_model_data":203},"model":"modelengine:salvaje/body"},{"predicate":{"custom_model_data":204},"model":"modelengine:salvaje/head"},{"predicate":{"custom_model_data":205},"model":"modelengine:salvaje/right_arm"},{"predicate":{"custom_model_data":206},"model":"modelengine:salvaje/left_arm"},{"predicate":{"custom_model_data":207},"model":"modelengine:salvaje/left_leg"},{"predicate":{"custom_model_data":208},"model":"modelengine:salvaje/right_leg"},{"predicate":{"custom_model_data":209},"model":"modelengine:salvaje2/body"},{"predicate":{"custom_model_data":210},"model":"modelengine:salvaje2/head"},{"predicate":{"custom_model_data":211},"model":"modelengine:salvaje2/right_arm"},{"predicate":{"custom_model_data":212},"model":"modelengine:salvaje2/left_arm"},{"predicate":{"custom_model_data":213},"model":"modelengine:salvaje2/left_leg"},{"predicate":{"custom_model_data":214},"model":"modelengine:salvaje2/right_leg"},{"predicate":{"custom_model_data":215},"model":"modelengine:salvaje3/body"},{"predicate":{"custom_model_data":216},"model":"modelengine:salvaje3/head"},{"predicate":{"custom_model_data":217},"model":"modelengine:salvaje3/right_arm"},{"predicate":{"custom_model_data":218},"model":"modelengine:salvaje3/left_arm"},{"predicate":{"custom_model_data":219},"model":"modelengine:salvaje3/left_leg"},{"predicate":{"custom_model_data":220},"model":"modelengine:salvaje3/right_leg"},{"predicate":{"custom_model_data":221},"model":"modelengine:tentaculos/body"},{"predicate":{"custom_model_data":222},"model":"modelengine:tentaculos/tentacle"},{"predicate":{"custom_model_data":223},"model":"modelengine:tentaculos/tentacle2"},{"predicate":{"custom_model_data":224},"model":"modelengine:tentaculos/tentacle3"},{"predicate":{"custom_model_data":225},"model":"modelengine:tentaculos/tentacle4"},{"predicate":{"custom_model_data":226},"model":"modelengine:tentaculos/tentacle5"},{"predicate":{"custom_model_data":227},"model":"modelengine:tentaculos/tentacle6"},{"predicate":{"custom_model_data":228},"model":"modelengine:valkiria/body"},{"predicate":{"custom_model_data":229},"model":"modelengine:valkiria/halo"},{"predicate":{"custom_model_data":230},"model":"modelengine:valkiria/ala"},{"predicate":{"custom_model_data":231},"model":"modelengine:valkiria/ala_2"},{"predicate":{"custom_model_data":232},"model":"modelengine:valkiria/ala_3"},{"predicate":{"custom_model_data":233},"model":"modelengine:valkiria/ala_4"},{"predicate":{"custom_model_data":234},"model":"modelengine:valkiria/ala_5"},{"predicate":{"custom_model_data":235},"model":"modelengine:valkiria/ala_6"},{"predicate":{"custom_model_data":236},"model":"modelengine:valkiria/head"},{"predicate":{"custom_model_data":237},"model":"modelengine:valkiria/left_arm"},{"predicate":{"custom_model_data":238},"model":"modelengine:valkiria/right_arm"},{"predicate":{"custom_model_data":239},"model":"modelengine:valkiria/weapon"},{"predicate":{"custom_model_data":240},"model":"modelengine:valkiria/left_leg"},{"predicate":{"custom_model_data":241},"model":"modelengine:valkiria/right_leg"},{"predicate":{"custom_model_data":242},"model":"modelengine:zombie_helado/body"},{"predicate":{"custom_model_data":243},"model":"modelengine:zombie_helado/head"},{"predicate":{"custom_model_data":244},"model":"modelengine:zombie_helado/left_arm"},{"predicate":{"custom_model_data":245},"model":"modelengine:zombie_helado/right_arm"},{"predicate":{"custom_model_data":246},"model":"modelengine:zombie_helado/left_leg"},{"predicate":{"custom_model_data":247},"model":"modelengine:zombie_helado/right_leg"},{"predicate":{"custom_model_data":248},"model":"modelengine:zombie_infernal/body"},{"predicate":{"custom_model_data":249},"model":"modelengine:zombie_infernal/head"},{"predicate":{"custom_model_data":250},"model":"modelengine:zombie_infernal/left_arm"},{"predicate":{"custom_model_data":251},"model":"modelengine:zombie_infernal/right_arm"},{"predicate":{"custom_model_data":252},"model":"modelengine:zombie_infernal/left_leg"},{"predicate":{"custom_model_data":253},"model":"modelengine:zombie_infernal/right_leg"}]}