{"elements":[{"from":[6.285714,7.428571,6.5714283],"to":[9.714286,13.714286,9.428572],"rotation":{"angle":0.0,"axis":"y","origin":[8.0,4.0,8.0]},"faces":{"east":{"uv":[9.5,6.0,10.75,8.75],"rotation":0,"texture":"#0","tintindex":0},"south":{"uv":[6.0,8.5,7.5,11.25],"rotation":0,"texture":"#0","tintindex":0},"north":{"uv":[4.5,8.5,6.0,11.25],"rotation":0,"texture":"#0","tintindex":0},"west":{"uv":[9.5,8.75,10.75,11.5],"rotation":0,"texture":"#0","tintindex":0},"up":{"uv":[9.0,11.75,7.5,10.5],"rotation":0,"texture":"#0","tintindex":0},"down":{"uv":[12.25,6.0,10.75,7.25],"rotation":0,"texture":"#0","tintindex":0}}}],"textures":{"0":"modelengine:entity/creeper_hongo"},"display":{"head":{"translation":[0.0,-6.4,0.0],"scale":[4.0,4.0,4.0]}}}