{"elements":[{"from":[2.8571424,12.571428,2.8571424],"to":[13.142858,16.0,13.142858],"rotation":{"angle":0.0,"axis":"y","origin":[8.0,-1.7142859,8.0]},"faces":{"east":{"uv":[4.5,1.5,9.0,3.0],"rotation":0,"texture":"#0","tintindex":0},"south":{"uv":[4.5,3.0,9.0,4.5],"rotation":0,"texture":"#0","tintindex":0},"north":{"uv":[4.5,0.0,9.0,1.5],"rotation":0,"texture":"#0","tintindex":0},"west":{"uv":[4.5,4.5,9.0,6.0],"rotation":0,"texture":"#0","tintindex":0},"up":{"uv":[4.5,4.5,0.0,0.0],"rotation":0,"texture":"#0","tintindex":0},"down":{"uv":[4.5,4.5,0.0,9.0],"rotation":0,"texture":"#0","tintindex":0}}},{"from":[5.142857,6.857143,5.142857],"to":[10.857143,8.0,10.857143],"rotation":{"angle":0.0,"axis":"y","origin":[8.0,-1.7142859,8.0]},"faces":{"east":{"uv":[11.75,7.75,14.25,8.25],"rotation":0,"texture":"#0","tintindex":0},"south":{"uv":[11.75,8.25,14.25,8.75],"rotation":0,"texture":"#0","tintindex":0},"north":{"uv":[11.75,7.25,14.25,7.75],"rotation":0,"texture":"#0","tintindex":0},"west":{"uv":[11.75,8.75,14.25,9.25],"rotation":0,"texture":"#0","tintindex":0},"up":{"uv":[7.0,8.5,4.5,6.0],"rotation":0,"texture":"#0","tintindex":0},"down":{"uv":[9.5,6.0,7.0,8.5],"rotation":0,"texture":"#0","tintindex":0}}},{"from":[5.714286,8.0,5.714286],"to":[10.285714,12.571428,10.285714],"rotation":{"angle":0.0,"axis":"y","origin":[8.0,-1.7142859,8.0]},"faces":{"east":{"uv":[0.0,9.0,2.0,11.0],"rotation":0,"texture":"#0","tintindex":0},"south":{"uv":[9.0,0.0,11.0,2.0],"rotation":0,"texture":"#0","tintindex":0},"north":{"uv":[7.5,8.5,9.5,10.5],"rotation":0,"texture":"#0","tintindex":0},"west":{"uv":[2.0,9.0,4.0,11.0],"rotation":0,"texture":"#0","tintindex":0},"up":{"uv":[11.0,4.0,9.0,2.0],"rotation":0,"texture":"#0","tintindex":0},"down":{"uv":[11.0,4.0,9.0,6.0],"rotation":0,"texture":"#0","tintindex":0}}}],"textures":{"0":"modelengine:entity/creeper_hongo"},"display":{"head":{"translation":[0.0,-6.4,0.0],"scale":[4.0,4.0,4.0]}}}