{"elements":[{"from":[6.857143,5.142857,8.285714],"to":[9.142858,8.571428,10.571428],"rotation":{"angle":0.0,"axis":"y","origin":[6.857143,5.142857,7.142857]},"faces":{"east":{"uv":[10.75,8.75,11.75,10.25],"rotation":0,"texture":"#0","tintindex":0},"south":{"uv":[10.75,10.25,11.75,11.75],"rotation":0,"texture":"#0","tintindex":0},"north":{"uv":[10.75,7.25,11.75,8.75],"rotation":0,"texture":"#0","tintindex":0},"west":{"uv":[0.0,11.0,1.0,12.5],"rotation":0,"texture":"#0","tintindex":0},"up":{"uv":[9.0,12.75,8.0,11.75],"rotation":0,"texture":"#0","tintindex":0},"down":{"uv":[12.75,9.25,11.75,10.25],"rotation":0,"texture":"#0","tintindex":0}}}],"textures":{"0":"modelengine:entity/creeper_hongo"},"display":{"head":{"translation":[0.0,-6.4,0.0],"scale":[4.0,4.0,4.0]}}}