{"elements":[{"from":[6.857143,5.142857,8.285714],"to":[9.142858,8.571428,10.571428],"rotation":{"angle":0.0,"axis":"y","origin":[9.142858,5.142857,7.142857]},"faces":{"east":{"uv":[1.0,11.0,2.0,12.5],"rotation":0,"texture":"#0","tintindex":0},"south":{"uv":[11.0,1.5,12.0,3.0],"rotation":0,"texture":"#0","tintindex":0},"north":{"uv":[11.0,0.0,12.0,1.5],"rotation":0,"texture":"#0","tintindex":0},"west":{"uv":[2.0,11.0,3.0,12.5],"rotation":0,"texture":"#0","tintindex":0},"up":{"uv":[11.0,12.75,10.0,11.75],"rotation":0,"texture":"#0","tintindex":0},"down":{"uv":[12.75,10.25,11.75,11.25],"rotation":0,"texture":"#0","tintindex":0}}}],"textures":{"0":"modelengine:entity/creeper_hongo"},"display":{"head":{"translation":[0.0,-6.4,0.0],"scale":[4.0,4.0,4.0]}}}