{"elements":[{"from":[6.857143,5.142857,5.428571],"to":[9.142858,8.571428,7.714286],"rotation":{"angle":0.0,"axis":"y","origin":[6.857143,5.142857,8.857143]},"faces":{"east":{"uv":[11.0,3.0,12.0,4.5],"rotation":0,"texture":"#0","tintindex":0},"south":{"uv":[11.0,4.5,12.0,6.0],"rotation":0,"texture":"#0","tintindex":0},"north":{"uv":[3.0,11.0,4.0,12.5],"rotation":0,"texture":"#0","tintindex":0},"west":{"uv":[4.0,11.25,5.0,12.75],"rotation":0,"texture":"#0","tintindex":0},"up":{"uv":[12.0,12.75,11.0,11.75],"rotation":0,"texture":"#0","tintindex":0},"down":{"uv":[13.0,0.0,12.0,1.0],"rotation":0,"texture":"#0","tintindex":0}}}],"textures":{"0":"modelengine:entity/creeper_hongo"},"display":{"head":{"translation":[0.0,-6.4,0.0],"scale":[4.0,4.0,4.0]}}}