{"elements":[{"from":[6.857143,5.142857,5.428571],"to":[9.142858,8.571428,7.714286],"rotation":{"angle":0.0,"axis":"y","origin":[9.142858,5.142857,8.857143]},"faces":{"east":{"uv":[6.0,11.25,7.0,12.75],"rotation":0,"texture":"#0","tintindex":0},"south":{"uv":[9.0,11.5,10.0,13.0],"rotation":0,"texture":"#0","tintindex":0},"north":{"uv":[5.0,11.25,6.0,12.75],"rotation":0,"texture":"#0","tintindex":0},"west":{"uv":[7.0,11.75,8.0,13.25],"rotation":0,"texture":"#0","tintindex":0},"up":{"uv":[13.0,2.0,12.0,1.0],"rotation":0,"texture":"#0","tintindex":0},"down":{"uv":[13.0,2.0,12.0,3.0],"rotation":0,"texture":"#0","tintindex":0}}}],"textures":{"0":"modelengine:entity/creeper_hongo"},"display":{"head":{"translation":[0.0,-6.4,0.0],"scale":[4.0,4.0,4.0]}}}