{"elements":[{"from":[5.714286,8.0,5.714286],"to":[10.285714,12.571428,10.285714],"rotation":{"angle":0.0,"axis":"y","origin":[6.285714,8.0,8.0]},"faces":{"east":{"uv":[4.5,2.0,6.5,4.0],"rotation":0,"texture":"#0","tintindex":0},"south":{"uv":[4.5,4.0,6.5,6.0],"rotation":0,"texture":"#0","tintindex":0},"north":{"uv":[4.0,0.0,6.0,2.0],"rotation":0,"texture":"#0","tintindex":0},"west":{"uv":[0.0,5.5,2.0,7.5],"rotation":0,"texture":"#0","tintindex":0},"up":{"uv":[4.0,7.5,2.0,5.5],"rotation":0,"texture":"#0","tintindex":0},"down":{"uv":[8.0,0.0,6.0,2.0],"rotation":0,"texture":"#0","tintindex":0}}},{"from":[5.5714283,9.142858,5.5714283],"to":[5.5714283,13.142858,8.0],"rotation":{"angle":0.0,"axis":"y","origin":[6.142857,8.0,8.0]},"faces":{"east":{"uv":[9.0,8.0,10.0,9.75],"rotation":0,"texture":"#0","tintindex":0},"south":{"uv":[0.0,0.0,0.0,1.75],"rotation":0,"texture":"#0","tintindex":0},"north":{"uv":[0.0,0.0,0.0,1.75],"rotation":0,"texture":"#0","tintindex":0},"west":{"uv":[9.5,0.0,10.5,1.75],"rotation":0,"texture":"#0","tintindex":0},"up":{"uv":[0.0,1.0,0.0,0.0],"rotation":0,"texture":"#0","tintindex":0},"down":{"uv":[0.0,0.0,0.0,1.0],"rotation":0,"texture":"#0","tintindex":0}}},{"from":[5.5714283,10.857143,8.0],"to":[5.5714283,11.428572,10.428572],"rotation":{"angle":0.0,"axis":"y","origin":[6.142857,8.0,10.428572]},"faces":{"east":{"uv":[10.5,1.0,11.5,1.25],"rotation":0,"texture":"#0","tintindex":0},"south":{"uv":[0.0,0.0,0.0,0.25],"rotation":0,"texture":"#0","tintindex":0},"north":{"uv":[0.0,0.0,0.0,0.25],"rotation":0,"texture":"#0","tintindex":0},"west":{"uv":[10.5,1.25,11.5,1.5],"rotation":0,"texture":"#0","tintindex":0},"up":{"uv":[0.0,1.0,0.0,0.0],"rotation":0,"texture":"#0","tintindex":0},"down":{"uv":[0.0,0.0,0.0,1.0],"rotation":0,"texture":"#0","tintindex":0}}},{"from":[10.428572,10.857143,8.0],"to":[10.428572,11.428572,10.428572],"rotation":{"angle":0.0,"axis":"y","origin":[11.0,8.0,10.428572]},"faces":{"east":{"uv":[10.5,1.5,11.5,1.75],"rotation":0,"texture":"#0","tintindex":0},"south":{"uv":[0.0,0.0,0.0,0.25],"rotation":0,"texture":"#0","tintindex":0},"north":{"uv":[0.0,0.0,0.0,0.25],"rotation":0,"texture":"#0","tintindex":0},"west":{"uv":[2.0,10.5,3.0,10.75],"rotation":0,"texture":"#0","tintindex":0},"up":{"uv":[0.0,1.0,0.0,0.0],"rotation":0,"texture":"#0","tintindex":0},"down":{"uv":[0.0,0.0,0.0,1.0],"rotation":0,"texture":"#0","tintindex":0}}},{"from":[5.5714283,10.857143,10.428572],"to":[10.428572,11.428572,10.428572],"rotation":{"angle":0.0,"axis":"y","origin":[11.0,8.0,10.428572]},"faces":{"east":{"uv":[0.0,0.0,0.0,0.25],"rotation":0,"texture":"#0","tintindex":0},"south":{"uv":[10.0,5.75,12.25,6.0],"rotation":0,"texture":"#0","tintindex":0},"north":{"uv":[10.0,5.5,12.25,5.75],"rotation":0,"texture":"#0","tintindex":0},"west":{"uv":[0.0,0.0,0.0,0.25],"rotation":0,"texture":"#0","tintindex":0},"up":{"uv":[2.25,0.0,0.0,0.0],"rotation":0,"texture":"#0","tintindex":0},"down":{"uv":[2.25,0.0,0.0,0.0],"rotation":0,"texture":"#0","tintindex":0}}},{"from":[10.428572,9.142858,5.5714283],"to":[10.428572,13.142858,8.0],"rotation":{"angle":0.0,"axis":"y","origin":[11.0,8.0,8.0]},"faces":{"east":{"uv":[9.0,9.75,10.0,11.5],"rotation":0,"texture":"#0","tintindex":0},"south":{"uv":[0.0,0.0,0.0,1.75],"rotation":0,"texture":"#0","tintindex":0},"north":{"uv":[0.0,0.0,0.0,1.75],"rotation":0,"texture":"#0","tintindex":0},"west":{"uv":[10.0,1.75,11.0,3.5],"rotation":0,"texture":"#0","tintindex":0},"up":{"uv":[0.0,1.0,0.0,0.0],"rotation":0,"texture":"#0","tintindex":0},"down":{"uv":[0.0,0.0,0.0,1.0],"rotation":0,"texture":"#0","tintindex":0}}},{"from":[5.5714283,7.428571,5.5714283],"to":[10.428572,13.142858,5.5714283],"rotation":{"angle":0.0,"axis":"y","origin":[8.0,8.0,6.142857]},"faces":{"east":{"uv":[0.0,0.0,0.0,2.5],"rotation":0,"texture":"#0","tintindex":0},"south":{"uv":[2.25,3.0,4.5,5.5],"rotation":0,"texture":"#0","tintindex":0},"north":{"uv":[0.0,3.0,2.25,5.5],"rotation":0,"texture":"#0","tintindex":0},"west":{"uv":[0.0,0.0,0.0,2.5],"rotation":0,"texture":"#0","tintindex":0},"up":{"uv":[2.25,0.0,0.0,0.0],"rotation":0,"texture":"#0","tintindex":0},"down":{"uv":[2.25,0.0,0.0,0.0],"rotation":0,"texture":"#0","tintindex":0}}}],"textures":{"0":"modelengine:entity/mimo"},"display":{"head":{"translation":[0.0,-6.4,0.0],"scale":[4.0,4.0,4.0]}}}