{"elements":[{"from":[5.714286,2.2857141,6.857143],"to":[8.0,9.142858,9.142858],"rotation":{"angle":0.0,"axis":"y","origin":[7.428571,8.0,8.0]},"faces":{"east":{"uv":[6.5,2.0,7.5,5.0],"rotation":0,"texture":"#0","tintindex":0},"south":{"uv":[7.0,5.0,8.0,8.0],"rotation":0,"texture":"#0","tintindex":0},"north":{"uv":[6.0,6.0,7.0,9.0],"rotation":0,"texture":"#0","tintindex":0},"west":{"uv":[0.0,7.5,1.0,10.5],"rotation":0,"texture":"#0","tintindex":0},"up":{"uv":[11.0,4.5,10.0,3.5],"rotation":0,"texture":"#0","tintindex":0},"down":{"uv":[11.0,4.5,10.0,5.5],"rotation":0,"texture":"#0","tintindex":0}}}],"textures":{"0":"modelengine:entity/mimo"},"display":{"head":{"translation":[0.0,-6.4,0.0],"scale":[4.0,4.0,4.0]}}}