{"elements":[{"from":[8.0,2.2857141,6.857143],"to":[10.285714,9.142858,9.142858],"rotation":{"angle":0.0,"axis":"y","origin":[9.714286,8.0,8.0]},"faces":{"east":{"uv":[2.0,7.5,3.0,10.5],"rotation":0,"texture":"#0","tintindex":0},"south":{"uv":[7.5,2.0,8.5,5.0],"rotation":0,"texture":"#0","tintindex":0},"north":{"uv":[1.0,7.5,2.0,10.5],"rotation":0,"texture":"#0","tintindex":0},"west":{"uv":[3.0,7.5,4.0,10.5],"rotation":0,"texture":"#0","tintindex":0},"up":{"uv":[11.0,9.0,10.0,8.0],"rotation":0,"texture":"#0","tintindex":0},"down":{"uv":[11.0,9.0,10.0,10.0],"rotation":0,"texture":"#0","tintindex":0}}}],"textures":{"0":"modelengine:entity/mimo"},"display":{"head":{"translation":[0.0,-6.4,0.0],"scale":[4.0,4.0,4.0]}}}