{"elements":[{"from":[6.857143,1.1428566,6.857143],"to":[9.142858,8.0,9.142858],"rotation":{"angle":0.0,"axis":"y","origin":[6.857143,1.1428566,8.0]},"faces":{"east":{"uv":[4.0,9.0,5.0,12.0],"rotation":0,"texture":"#0","tintindex":0},"south":{"uv":[5.0,9.0,6.0,12.0],"rotation":0,"texture":"#0","tintindex":0},"north":{"uv":[9.0,3.0,10.0,6.0],"rotation":0,"texture":"#0","tintindex":0},"west":{"uv":[6.0,9.0,7.0,12.0],"rotation":0,"texture":"#0","tintindex":0},"up":{"uv":[11.5,1.0,10.5,0.0],"rotation":0,"texture":"#0","tintindex":0},"down":{"uv":[2.0,10.5,1.0,11.5],"rotation":0,"texture":"#0","tintindex":0}}}],"textures":{"0":"modelengine:entity/mimo"},"display":{"head":{"translation":[0.0,-6.4,0.0],"scale":[4.0,4.0,4.0]}}}