{"elements":[{"from":[4.285714,6.885714,1.3142858],"to":[11.714286,9.114285,14.685715],"rotation":{"angle":0.0,"axis":"y","origin":[8.0,6.885714,7.257143]},"faces":{"east":{"uv":[8.0,5.0,12.5,5.75],"rotation":0,"texture":"#0","tintindex":0},"south":{"uv":[9.0,2.0,11.5,2.75],"rotation":0,"texture":"#0","tintindex":0},"north":{"uv":[8.0,8.5,10.5,9.25],"rotation":0,"texture":"#0","tintindex":0},"west":{"uv":[8.0,5.75,12.5,6.5],"rotation":0,"texture":"#0","tintindex":0},"up":{"uv":[2.5,4.5,0.0,0.0],"rotation":0,"texture":"#0","tintindex":0},"down":{"uv":[5.0,0.0,2.5,4.5],"rotation":0,"texture":"#0","tintindex":0}}}],"textures":{"0":"modelengine:entity/caaracol"},"display":{"head":{"translation":[0.0,-6.4,0.0],"scale":[4.0,4.0,4.0]}}}