{"elements":[{"from":[3.9142857,4.285714,2.9857144],"to":[12.085714,11.714286,13.014286],"rotation":{"angle":0.0,"axis":"y","origin":[9.485714,9.114285,-2.2142859]},"faces":{"east":{"uv":[5.0,0.0,8.5,2.5],"rotation":0,"texture":"#0","tintindex":0},"south":{"uv":[2.75,8.0,5.5,10.5],"rotation":0,"texture":"#0","tintindex":0},"north":{"uv":[0.0,8.0,2.75,10.5],"rotation":0,"texture":"#0","tintindex":0},"west":{"uv":[5.5,2.5,9.0,5.0],"rotation":0,"texture":"#0","tintindex":0},"up":{"uv":[2.75,8.0,0.0,4.5],"rotation":0,"texture":"#0","tintindex":0},"down":{"uv":[5.5,4.5,2.75,8.0],"rotation":0,"texture":"#0","tintindex":0}}}],"textures":{"0":"modelengine:entity/caaracol"},"display":{"head":{"translation":[0.0,-6.4,0.0],"scale":[4.0,4.0,4.0]}}}