{"elements":[{"from":[7.257143,6.885714,7.257143],"to":[8.742857,12.085714,8.742857],"rotation":{"angle":-22.5,"axis":"x","origin":[8.0,8.0,8.0]},"faces":{"east":{"uv":[9.0,2.75,9.5,4.5],"rotation":0,"texture":"#0","tintindex":0},"south":{"uv":[8.0,9.25,8.5,11.0],"rotation":0,"texture":"#0","tintindex":0},"north":{"uv":[5.0,2.5,5.5,4.25],"rotation":0,"texture":"#0","tintindex":0},"west":{"uv":[8.5,9.25,9.0,11.0],"rotation":0,"texture":"#0","tintindex":0},"up":{"uv":[9.0,2.5,8.5,2.0],"rotation":0,"texture":"#0","tintindex":0},"down":{"uv":[9.5,4.5,9.0,5.0],"rotation":0,"texture":"#0","tintindex":0}}}],"textures":{"0":"modelengine:entity/caaracol"},"display":{"head":{"translation":[0.0,-6.4,0.0],"scale":[4.0,4.0,4.0]}}}