{"elements":[{"from":[7.257143,6.885714,7.257143],"to":[8.742857,12.085714,8.742857],"rotation":{"angle":-22.5,"axis":"x","origin":[8.0,8.0,8.0]},"faces":{"east":{"uv":[9.5,2.75,10.0,4.5],"rotation":0,"texture":"#0","tintindex":0},"south":{"uv":[9.5,9.25,10.0,11.0],"rotation":0,"texture":"#0","tintindex":0},"north":{"uv":[9.0,9.25,9.5,11.0],"rotation":0,"texture":"#0","tintindex":0},"west":{"uv":[10.0,2.75,10.5,4.5],"rotation":0,"texture":"#0","tintindex":0},"up":{"uv":[10.0,5.0,9.5,4.5],"rotation":0,"texture":"#0","tintindex":0},"down":{"uv":[10.5,4.5,10.0,5.0],"rotation":0,"texture":"#0","tintindex":0}}}],"textures":{"0":"modelengine:entity/caaracol"},"display":{"head":{"translation":[0.0,-6.4,0.0],"scale":[4.0,4.0,4.0]}}}