{"elements":[{"from":[2.818571,7.257143,-0.17142868],"to":[10.21,10.228572,8.0],"rotation":{"angle":45.0,"axis":"x","origin":[6.5142856,8.0,7.257143]},"faces":{"east":{"uv":[8.0,6.5,10.75,7.5],"rotation":0,"texture":"#0","tintindex":0},"south":{"uv":[8.5,1.0,11.0,2.0],"rotation":0,"texture":"#0","tintindex":0},"north":{"uv":[8.5,0.0,11.0,1.0],"rotation":0,"texture":"#0","tintindex":0},"west":{"uv":[8.0,7.5,10.75,8.5],"rotation":0,"texture":"#0","tintindex":0},"up":{"uv":[8.0,7.75,5.5,5.0],"rotation":0,"texture":"#0","tintindex":0},"down":{"uv":[8.0,7.75,5.5,10.5],"rotation":0,"texture":"#0","tintindex":0}}}],"textures":{"0":"modelengine:entity/caaracol"},"display":{"head":{"translation":[0.0,-6.4,0.0],"scale":[4.0,4.0,4.0]}}}