{"elements":[{"from":[6.5714283,7.428571,6.5714283],"to":[9.428572,10.857143,9.428572],"rotation":{"angle":0.0,"axis":"y","origin":[8.0,8.0,8.0]},"faces":{"east":{"uv":[1.25,0.0,2.5,1.5],"rotation":0,"texture":"#0","tintindex":0},"south":{"uv":[0.0,1.5,1.25,3.0],"rotation":0,"texture":"#0","tintindex":0},"north":{"uv":[0.0,0.0,1.25,1.5],"rotation":0,"texture":"#0","tintindex":0},"west":{"uv":[1.25,1.5,2.5,3.0],"rotation":0,"texture":"#0","tintindex":0},"up":{"uv":[6.25,1.25,5.0,0.0],"rotation":0,"texture":"#0","tintindex":0},"down":{"uv":[6.25,1.25,5.0,2.5],"rotation":0,"texture":"#0","tintindex":0}}}],"textures":{"0":"modelengine:entity/tentaculo"},"display":{"head":{"translation":[0.0,-6.4,0.0],"scale":[4.0,4.0,4.0]}}}