{"elements":[{"from":[6.5857143,8.285714,6.5857143],"to":[9.414286,11.714286,9.414286],"rotation":{"angle":0.0,"axis":"y","origin":[8.0,8.857143,8.0]},"faces":{"east":{"uv":[2.5,1.5,3.75,3.0],"rotation":0,"texture":"#0","tintindex":0},"south":{"uv":[0.0,3.0,1.25,4.5],"rotation":0,"texture":"#0","tintindex":0},"north":{"uv":[2.5,0.0,3.75,1.5],"rotation":0,"texture":"#0","tintindex":0},"west":{"uv":[1.25,3.0,2.5,4.5],"rotation":0,"texture":"#0","tintindex":0},"up":{"uv":[6.25,3.75,5.0,2.5],"rotation":0,"texture":"#0","tintindex":0},"down":{"uv":[6.25,3.75,5.0,5.0],"rotation":0,"texture":"#0","tintindex":0}}}],"textures":{"0":"modelengine:entity/tentaculo"},"display":{"head":{"translation":[0.0,-6.4,0.0],"scale":[4.0,4.0,4.0]}}}