{"elements":[{"from":[6.6,8.285714,6.6],"to":[9.4,11.714286,9.4],"rotation":{"angle":0.0,"axis":"y","origin":[8.0,8.857143,8.0]},"faces":{"east":{"uv":[3.75,0.0,5.0,1.5],"rotation":0,"texture":"#0","tintindex":0},"south":{"uv":[3.75,1.5,5.0,3.0],"rotation":0,"texture":"#0","tintindex":0},"north":{"uv":[2.5,3.0,3.75,4.5],"rotation":0,"texture":"#0","tintindex":0},"west":{"uv":[3.75,3.0,5.0,4.5],"rotation":0,"texture":"#0","tintindex":0},"up":{"uv":[6.25,6.25,5.0,5.0],"rotation":0,"texture":"#0","tintindex":0},"down":{"uv":[1.25,6.0,0.0,7.25],"rotation":0,"texture":"#0","tintindex":0}}}],"textures":{"0":"modelengine:entity/tentaculo"},"display":{"head":{"translation":[0.0,-6.4,0.0],"scale":[4.0,4.0,4.0]}}}