{"elements":[{"from":[6.6142855,8.285714,6.6142855],"to":[9.385715,11.714286,9.385715],"rotation":{"angle":0.0,"axis":"y","origin":[8.0,8.857143,8.0]},"faces":{"east":{"uv":[1.25,4.5,2.5,6.0],"rotation":0,"texture":"#0","tintindex":0},"south":{"uv":[2.5,4.5,3.75,6.0],"rotation":0,"texture":"#0","tintindex":0},"north":{"uv":[0.0,4.5,1.25,6.0],"rotation":0,"texture":"#0","tintindex":0},"west":{"uv":[3.75,4.5,5.0,6.0],"rotation":0,"texture":"#0","tintindex":0},"up":{"uv":[2.5,7.25,1.25,6.0],"rotation":0,"texture":"#0","tintindex":0},"down":{"uv":[3.75,6.0,2.5,7.25],"rotation":0,"texture":"#0","tintindex":0}}}],"textures":{"0":"modelengine:entity/tentaculo"},"display":{"head":{"translation":[0.0,-6.4,0.0],"scale":[4.0,4.0,4.0]}}}