{"elements":[{"from":[7.142857,8.142858,7.142857],"to":[8.857143,11.571428,8.857143],"rotation":{"angle":0.0,"axis":"y","origin":[8.0,8.714286,8.0]},"faces":{"east":{"uv":[4.75,6.25,5.5,7.75],"rotation":0,"texture":"#0","tintindex":0},"south":{"uv":[5.5,6.25,6.25,7.75],"rotation":0,"texture":"#0","tintindex":0},"north":{"uv":[6.25,4.5,7.0,6.0],"rotation":0,"texture":"#0","tintindex":0},"west":{"uv":[6.25,6.0,7.0,7.5],"rotation":0,"texture":"#0","tintindex":0},"up":{"uv":[7.75,7.25,7.0,6.5],"rotation":0,"texture":"#0","tintindex":0},"down":{"uv":[0.75,7.25,0.0,8.0],"rotation":0,"texture":"#0","tintindex":0}}}],"textures":{"0":"modelengine:entity/tentaculo"},"display":{"head":{"translation":[0.0,-6.4,0.0],"scale":[4.0,4.0,4.0]}}}