{"elements":[{"from":[6.857143,8.142858,6.857143],"to":[9.142858,11.571428,9.142858],"rotation":{"angle":0.0,"axis":"y","origin":[8.0,8.714286,8.0]},"faces":{"east":{"uv":[6.25,0.0,7.25,1.5],"rotation":0,"texture":"#0","tintindex":0},"south":{"uv":[6.25,1.5,7.25,3.0],"rotation":0,"texture":"#0","tintindex":0},"north":{"uv":[3.75,6.0,4.75,7.5],"rotation":0,"texture":"#0","tintindex":0},"west":{"uv":[6.25,3.0,7.25,4.5],"rotation":0,"texture":"#0","tintindex":0},"up":{"uv":[8.0,5.5,7.0,4.5],"rotation":0,"texture":"#0","tintindex":0},"down":{"uv":[8.0,5.5,7.0,6.5],"rotation":0,"texture":"#0","tintindex":0}}}],"textures":{"0":"modelengine:entity/tentaculo"},"display":{"head":{"translation":[0.0,-6.4,0.0],"scale":[4.0,4.0,4.0]}}}