{"elements":[{"from":[7.428571,8.142858,7.428571],"to":[8.571428,10.428572,8.571428],"rotation":{"angle":0.0,"axis":"y","origin":[8.0,8.714286,8.0]},"faces":{"east":{"uv":[0.75,7.25,1.25,8.25],"rotation":0,"texture":"#0","tintindex":0},"south":{"uv":[7.25,1.0,7.75,2.0],"rotation":0,"texture":"#0","tintindex":0},"north":{"uv":[7.25,0.0,7.75,1.0],"rotation":0,"texture":"#0","tintindex":0},"west":{"uv":[1.25,7.25,1.75,8.25],"rotation":0,"texture":"#0","tintindex":0},"up":{"uv":[2.25,7.75,1.75,7.25],"rotation":0,"texture":"#0","tintindex":0},"down":{"uv":[7.75,2.0,7.25,2.5],"rotation":0,"texture":"#0","tintindex":0}}}],"textures":{"0":"modelengine:entity/tentaculo"},"display":{"head":{"translation":[0.0,-6.4,0.0],"scale":[4.0,4.0,4.0]}}}