{"elements":[{"from":[6.285714,7.142857,3.0],"to":[9.714286,9.428572,8.142858],"rotation":{"angle":0.0,"axis":"y","origin":[8.0,5.428571,13.285715]},"faces":{"east":{"uv":[6.0,3.5,8.25,4.5],"rotation":0,"texture":"#0","tintindex":0},"south":{"uv":[6.5,7.25,8.0,8.25],"rotation":0,"texture":"#0","tintindex":0},"north":{"uv":[7.25,6.25,8.75,7.25],"rotation":0,"texture":"#0","tintindex":0},"west":{"uv":[5.0,6.25,7.25,7.25],"rotation":0,"texture":"#0","tintindex":0},"up":{"uv":[3.5,6.5,2.0,4.25],"rotation":0,"texture":"#0","tintindex":0},"down":{"uv":[5.0,5.25,3.5,7.5],"rotation":0,"texture":"#0","tintindex":0}}},{"from":[6.3,9.428572,5.8571424],"to":[6.3,11.714286,8.142858],"rotation":{"angle":0.0,"axis":"y","origin":[8.0,5.428571,13.285715]},"faces":{"east":{"uv":[2.5,6.5,3.5,7.5],"rotation":0,"texture":"#0","tintindex":0},"south":{"uv":[0.0,0.0,0.0,1.0],"rotation":0,"texture":"#0","tintindex":0},"north":{"uv":[0.0,0.0,0.0,1.0],"rotation":0,"texture":"#0","tintindex":0},"west":{"uv":[4.0,7.5,5.0,8.5],"rotation":0,"texture":"#0","tintindex":0},"up":{"uv":[0.0,1.0,0.0,0.0],"rotation":0,"texture":"#0","tintindex":0},"down":{"uv":[0.0,0.0,0.0,1.0],"rotation":0,"texture":"#0","tintindex":0}}},{"from":[9.7,9.428572,5.8571424],"to":[9.7,11.714286,8.142858],"rotation":{"angle":0.0,"axis":"y","origin":[8.0,5.428571,13.285715]},"faces":{"east":{"uv":[1.0,8.0,2.0,9.0],"rotation":0,"texture":"#0","tintindex":0},"south":{"uv":[0.0,0.0,0.0,1.0],"rotation":0,"texture":"#0","tintindex":0},"north":{"uv":[0.0,0.0,0.0,1.0],"rotation":0,"texture":"#0","tintindex":0},"west":{"uv":[8.0,7.25,9.0,8.25],"rotation":0,"texture":"#0","tintindex":0},"up":{"uv":[0.0,1.0,0.0,0.0],"rotation":0,"texture":"#0","tintindex":0},"down":{"uv":[0.0,0.0,0.0,1.0],"rotation":0,"texture":"#0","tintindex":0}}},{"from":[6.285714,6.5714283,6.428571],"to":[9.714286,7.142857,8.142858],"rotation":{"angle":0.0,"axis":"y","origin":[8.0,5.428571,13.285715]},"faces":{"east":{"uv":[8.75,4.75,9.5,5.0],"rotation":0,"texture":"#0","tintindex":0},"south":{"uv":[8.5,8.25,10.0,8.5],"rotation":0,"texture":"#0","tintindex":0},"north":{"uv":[7.5,5.0,9.0,5.25],"rotation":0,"texture":"#0","tintindex":0},"west":{"uv":[5.5,8.75,6.25,9.0],"rotation":0,"texture":"#0","tintindex":0},"up":{"uv":[7.5,5.25,6.0,4.5],"rotation":0,"texture":"#0","tintindex":0},"down":{"uv":[4.0,7.5,2.5,8.25],"rotation":0,"texture":"#0","tintindex":0}}},{"from":[7.428571,7.714286,2.4285712],"to":[8.571428,8.857143,3.0],"rotation":{"angle":0.0,"axis":"y","origin":[8.0,5.428571,13.285715]},"faces":{"east":{"uv":[8.0,4.5,8.25,5.0],"rotation":0,"texture":"#0","tintindex":0},"south":{"uv":[8.75,0.75,9.25,1.25],"rotation":0,"texture":"#0","tintindex":0},"north":{"uv":[7.5,4.5,8.0,5.0],"rotation":0,"texture":"#0","tintindex":0},"west":{"uv":[6.25,8.75,6.5,9.25],"rotation":0,"texture":"#0","tintindex":0},"up":{"uv":[9.25,6.5,8.75,6.25],"rotation":0,"texture":"#0","tintindex":0},"down":{"uv":[9.25,6.5,8.75,6.75],"rotation":0,"texture":"#0","tintindex":0}}},{"from":[9.571428,6.6285715,4.8571424],"to":[9.571428,7.142857,5.428571],"rotation":{"angle":0.0,"axis":"y","origin":[8.0,5.428571,13.285715]},"faces":{"east":{"uv":[6.0,9.0,6.25,9.25],"rotation":0,"texture":"#0","tintindex":0},"south":{"uv":[0.0,0.0,0.0,0.25],"rotation":0,"texture":"#0","tintindex":0},"north":{"uv":[0.0,0.0,0.0,0.25],"rotation":0,"texture":"#0","tintindex":0},"west":{"uv":[1.0,9.25,1.25,9.5],"rotation":0,"texture":"#0","tintindex":0},"up":{"uv":[0.0,0.25,0.0,0.0],"rotation":0,"texture":"#0","tintindex":0},"down":{"uv":[0.0,0.0,0.0,0.25],"rotation":0,"texture":"#0","tintindex":0}}},{"from":[9.571428,6.6285715,3.7142854],"to":[9.571428,7.142857,4.285714],"rotation":{"angle":0.0,"axis":"y","origin":[8.0,5.428571,13.285715]},"faces":{"east":{"uv":[9.25,1.0,9.5,1.25],"rotation":0,"texture":"#0","tintindex":0},"south":{"uv":[0.0,0.0,0.0,0.25],"rotation":0,"texture":"#0","tintindex":0},"north":{"uv":[0.0,0.0,0.0,0.25],"rotation":0,"texture":"#0","tintindex":0},"west":{"uv":[1.25,9.25,1.5,9.5],"rotation":0,"texture":"#0","tintindex":0},"up":{"uv":[0.0,0.25,0.0,0.0],"rotation":0,"texture":"#0","tintindex":0},"down":{"uv":[0.0,0.0,0.0,0.25],"rotation":0,"texture":"#0","tintindex":0}}},{"from":[8.342857,6.6285715,3.142857],"to":[8.914286,7.142857,3.142857],"rotation":{"angle":0.0,"axis":"y","origin":[8.0,5.428571,13.285715]},"faces":{"east":{"uv":[0.0,0.0,0.0,0.25],"rotation":0,"texture":"#0","tintindex":0},"south":{"uv":[1.5,9.25,1.75,9.5],"rotation":0,"texture":"#0","tintindex":0},"north":{"uv":[9.25,1.25,9.5,1.5],"rotation":0,"texture":"#0","tintindex":0},"west":{"uv":[0.0,0.0,0.0,0.25],"rotation":0,"texture":"#0","tintindex":0},"up":{"uv":[0.25,0.0,0.0,0.0],"rotation":0,"texture":"#0","tintindex":0},"down":{"uv":[0.25,0.0,0.0,0.0],"rotation":0,"texture":"#0","tintindex":0}}},{"from":[7.0571427,6.6285715,3.142857],"to":[7.6285715,7.142857,3.142857],"rotation":{"angle":0.0,"axis":"y","origin":[8.0,5.428571,13.285715]},"faces":{"east":{"uv":[0.0,0.0,0.0,0.25],"rotation":0,"texture":"#0","tintindex":0},"south":{"uv":[1.75,9.25,2.0,9.5],"rotation":0,"texture":"#0","tintindex":0},"north":{"uv":[9.25,1.5,9.5,1.75],"rotation":0,"texture":"#0","tintindex":0},"west":{"uv":[0.0,0.0,0.0,0.25],"rotation":0,"texture":"#0","tintindex":0},"up":{"uv":[0.25,0.0,0.0,0.0],"rotation":0,"texture":"#0","tintindex":0},"down":{"uv":[0.25,0.0,0.0,0.0],"rotation":0,"texture":"#0","tintindex":0}}},{"from":[6.428571,6.6285715,3.7142854],"to":[6.428571,7.142857,4.285714],"rotation":{"angle":0.0,"axis":"y","origin":[8.0,5.428571,13.285715]},"faces":{"east":{"uv":[9.25,1.75,9.5,2.0],"rotation":0,"texture":"#0","tintindex":0},"south":{"uv":[0.0,0.0,0.0,0.25],"rotation":0,"texture":"#0","tintindex":0},"north":{"uv":[0.0,0.0,0.0,0.25],"rotation":0,"texture":"#0","tintindex":0},"west":{"uv":[2.0,9.25,2.25,9.5],"rotation":0,"texture":"#0","tintindex":0},"up":{"uv":[0.0,0.25,0.0,0.0],"rotation":0,"texture":"#0","tintindex":0},"down":{"uv":[0.0,0.0,0.0,0.25],"rotation":0,"texture":"#0","tintindex":0}}},{"from":[6.428571,6.6285715,4.8571424],"to":[6.428571,7.142857,5.428571],"rotation":{"angle":0.0,"axis":"y","origin":[8.0,5.428571,13.285715]},"faces":{"east":{"uv":[9.25,2.0,9.5,2.25],"rotation":0,"texture":"#0","tintindex":0},"south":{"uv":[0.0,0.0,0.0,0.25],"rotation":0,"texture":"#0","tintindex":0},"north":{"uv":[0.0,0.0,0.0,0.25],"rotation":0,"texture":"#0","tintindex":0},"west":{"uv":[2.25,9.25,2.5,9.5],"rotation":0,"texture":"#0","tintindex":0},"up":{"uv":[0.0,0.25,0.0,0.0],"rotation":0,"texture":"#0","tintindex":0},"down":{"uv":[0.0,0.0,0.0,0.25],"rotation":0,"texture":"#0","tintindex":0}}}],"textures":{"0":"modelengine:entity/rata_rabiosa"},"display":{"head":{"translation":[0.0,-6.4,0.0],"scale":[4.0,4.0,4.0]}}}