{"elements":[{"from":[7.4428573,5.5714283,7.4785714],"to":[8.557143,7.857143,8.6214285],"rotation":{"angle":0.0,"axis":"y","origin":[6.285714,7.857143,12.6214285]},"faces":{"east":{"uv":[2.0,8.0,2.5,9.0],"rotation":0,"texture":"#0","tintindex":0},"south":{"uv":[8.25,0.0,8.75,1.0],"rotation":0,"texture":"#0","tintindex":0},"north":{"uv":[3.5,4.25,4.0,5.25],"rotation":0,"texture":"#0","tintindex":0},"west":{"uv":[8.25,1.0,8.75,2.0],"rotation":0,"texture":"#0","tintindex":0},"up":{"uv":[9.25,1.75,8.75,1.25],"rotation":0,"texture":"#0","tintindex":0},"down":{"uv":[9.25,1.75,8.75,2.25],"rotation":0,"texture":"#0","tintindex":0}}},{"from":[7.4428573,5.5714283,7.05],"to":[8.557143,6.142857,7.4785714],"rotation":{"angle":0.0,"axis":"y","origin":[6.285714,7.857143,12.6214285]},"faces":{"east":{"uv":[5.5,9.25,5.75,9.5],"rotation":0,"texture":"#0","tintindex":0},"south":{"uv":[8.75,7.0,9.25,7.25],"rotation":0,"texture":"#0","tintindex":0},"north":{"uv":[8.75,6.75,9.25,7.0],"rotation":0,"texture":"#0","tintindex":0},"west":{"uv":[5.75,9.25,6.0,9.5],"rotation":0,"texture":"#0","tintindex":0},"up":{"uv":[9.0,9.0,8.5,8.75],"rotation":0,"texture":"#0","tintindex":0},"down":{"uv":[1.5,9.0,1.0,9.25],"rotation":0,"texture":"#0","tintindex":0}}}],"textures":{"0":"modelengine:entity/rata_rabiosa"},"display":{"head":{"translation":[0.0,-6.4,0.0],"scale":[4.0,4.0,4.0]}}}