{"elements":[{"from":[7.4428573,5.5714283,7.4214287],"to":[8.557143,7.857143,8.564285],"rotation":{"angle":0.0,"axis":"y","origin":[6.285714,7.857143,3.992857]},"faces":{"east":{"uv":[8.25,4.0,8.75,5.0],"rotation":0,"texture":"#0","tintindex":0},"south":{"uv":[6.5,8.25,7.0,9.25],"rotation":0,"texture":"#0","tintindex":0},"north":{"uv":[3.5,8.25,4.0,9.25],"rotation":0,"texture":"#0","tintindex":0},"west":{"uv":[7.0,8.25,7.5,9.25],"rotation":0,"texture":"#0","tintindex":0},"up":{"uv":[9.25,3.75,8.75,3.25],"rotation":0,"texture":"#0","tintindex":0},"down":{"uv":[9.25,3.75,8.75,4.25],"rotation":0,"texture":"#0","tintindex":0}}},{"from":[7.4428573,5.5714283,6.992857],"to":[8.557143,6.142857,7.4214287],"rotation":{"angle":0.0,"axis":"y","origin":[6.285714,7.857143,3.992857]},"faces":{"east":{"uv":[9.25,6.25,9.5,6.5],"rotation":0,"texture":"#0","tintindex":0},"south":{"uv":[9.0,7.5,9.5,7.75],"rotation":0,"texture":"#0","tintindex":0},"north":{"uv":[9.0,7.25,9.5,7.5],"rotation":0,"texture":"#0","tintindex":0},"west":{"uv":[6.5,9.25,6.75,9.5],"rotation":0,"texture":"#0","tintindex":0},"up":{"uv":[9.5,8.0,9.0,7.75],"rotation":0,"texture":"#0","tintindex":0},"down":{"uv":[9.5,8.0,9.0,8.25],"rotation":0,"texture":"#0","tintindex":0}}}],"textures":{"0":"modelengine:entity/rata_rabiosa"},"display":{"head":{"translation":[0.0,-6.4,0.0],"scale":[4.0,4.0,4.0]}}}