{"elements":[{"from":[-0.12675762,7.783612,8.0],"to":[7.8732424,14.069326,8.0],"rotation":{"angle":45.0,"axis":"z","origin":[7.8732424,8.640755,8.0]},"faces":{"east":{"uv":[0.0,0.0,0.0,2.75],"rotation":0,"texture":"#0","tintindex":0},"south":{"uv":[0.0,2.75,3.5,5.5],"rotation":0,"texture":"#0","tintindex":0},"north":{"uv":[0.0,0.0,3.5,2.75],"rotation":0,"texture":"#0","tintindex":0},"west":{"uv":[0.0,0.0,0.0,2.75],"rotation":0,"texture":"#0","tintindex":0},"up":{"uv":[3.5,0.0,0.0,0.0],"rotation":0,"texture":"#0","tintindex":0},"down":{"uv":[3.5,0.0,0.0,0.0],"rotation":0,"texture":"#0","tintindex":0}}}],"textures":{"0":"modelengine:entity/oculo_2"},"display":{"head":{"translation":[0.0,-6.4,0.0],"scale":[4.0,4.0,4.0]}}}