{"elements":[{"from":[8.126758,7.783612,8.0],"to":[16.126759,14.069326,8.0],"rotation":{"angle":-45.0,"axis":"z","origin":[8.126758,8.640755,8.0]},"faces":{"east":{"uv":[0.0,0.0,0.0,2.75],"rotation":0,"texture":"#0","tintindex":0},"south":{"uv":[3.5,2.75,7.0,5.5],"rotation":0,"texture":"#0","tintindex":0},"north":{"uv":[3.5,0.0,7.0,2.75],"rotation":0,"texture":"#0","tintindex":0},"west":{"uv":[0.0,0.0,0.0,2.75],"rotation":0,"texture":"#0","tintindex":0},"up":{"uv":[3.5,0.0,0.0,0.0],"rotation":0,"texture":"#0","tintindex":0},"down":{"uv":[3.5,0.0,0.0,0.0],"rotation":0,"texture":"#0","tintindex":0}}}],"textures":{"0":"modelengine:entity/oculo_2"},"display":{"head":{"translation":[0.0,-6.4,0.0],"scale":[4.0,4.0,4.0]}}}