{"elements":[{"from":[5.714286,12.285715,6.285714],"to":[10.285714,19.142857,8.571428],"rotation":{"angle":-22.5,"axis":"x","origin":[8.0,14.0,7.428571]},"faces":{"east":{"uv":[4.0,5.0,4.5,6.5],"rotation":0,"texture":"#0","tintindex":0},"south":{"uv":[3.5,3.5,4.5,5.0],"rotation":0,"texture":"#0","tintindex":0},"north":{"uv":[2.5,3.5,3.5,5.0],"rotation":0,"texture":"#0","tintindex":0},"west":{"uv":[5.25,0.0,5.75,1.5],"rotation":0,"texture":"#0","tintindex":0},"up":{"uv":[7.25,3.0,6.25,2.5],"rotation":0,"texture":"#0","tintindex":0},"down":{"uv":[7.25,3.0,6.25,3.5],"rotation":0,"texture":"#0","tintindex":0}}},{"from":[6.285714,10.831207,8.178762],"to":[6.285714,19.974064,10.464478],"rotation":{"angle":-22.5,"axis":"x","origin":[5.714286,15.402637,9.32162]},"faces":{"east":{"uv":[4.25,0.0,4.75,2.0],"rotation":0,"texture":"#0","tintindex":0},"south":{"uv":[0.0,0.0,0.0,2.0],"rotation":0,"texture":"#0","tintindex":0},"north":{"uv":[0.0,0.0,0.0,2.0],"rotation":0,"texture":"#0","tintindex":0},"west":{"uv":[4.5,2.0,5.0,4.0],"rotation":0,"texture":"#0","tintindex":0},"up":{"uv":[0.0,0.5,0.0,0.0],"rotation":0,"texture":"#0","tintindex":0},"down":{"uv":[0.0,0.0,0.0,0.5],"rotation":0,"texture":"#0","tintindex":0}}},{"from":[9.714286,10.831207,8.178762],"to":[9.714286,19.974064,10.464478],"rotation":{"angle":-22.5,"axis":"x","origin":[10.285714,15.402637,9.32162]},"faces":{"east":{"uv":[4.5,4.0,5.0,6.0],"rotation":0,"texture":"#0","tintindex":0},"south":{"uv":[0.0,0.0,0.0,2.0],"rotation":0,"texture":"#0","tintindex":0},"north":{"uv":[0.0,0.0,0.0,2.0],"rotation":0,"texture":"#0","tintindex":0},"west":{"uv":[4.75,0.0,5.25,2.0],"rotation":0,"texture":"#0","tintindex":0},"up":{"uv":[0.0,0.5,0.0,0.0],"rotation":0,"texture":"#0","tintindex":0},"down":{"uv":[0.0,0.0,0.0,0.5],"rotation":0,"texture":"#0","tintindex":0}}},{"from":[8.0,9.688351,8.178762],"to":[8.0,18.831207,10.464478],"rotation":{"angle":-22.5,"axis":"x","origin":[8.0,15.402637,9.32162]},"faces":{"east":{"uv":[1.0,5.0,1.5,7.0],"rotation":0,"texture":"#0","tintindex":0},"south":{"uv":[0.0,0.0,0.0,2.0],"rotation":0,"texture":"#0","tintindex":0},"north":{"uv":[0.0,0.0,0.0,2.0],"rotation":0,"texture":"#0","tintindex":0},"west":{"uv":[1.5,5.0,2.0,7.0],"rotation":0,"texture":"#0","tintindex":0},"up":{"uv":[0.0,0.5,0.0,0.0],"rotation":0,"texture":"#0","tintindex":0},"down":{"uv":[0.0,0.0,0.0,0.5],"rotation":0,"texture":"#0","tintindex":0}}},{"from":[7.428571,18.092957,4.451704],"to":[8.571428,21.521528,5.594561],"rotation":{"angle":-22.5,"axis":"x","origin":[8.0,19.807243,5.0231323]},"faces":{"east":{"uv":[7.5,2.25,7.75,3.0],"rotation":0,"texture":"#0","tintindex":0},"south":{"uv":[7.75,2.25,8.0,3.0],"rotation":0,"texture":"#0","tintindex":0},"north":{"uv":[7.25,2.25,7.5,3.0],"rotation":0,"texture":"#0","tintindex":0},"west":{"uv":[8.0,2.25,8.25,3.0],"rotation":0,"texture":"#0","tintindex":0},"up":{"uv":[5.5,1.75,5.25,1.5],"rotation":0,"texture":"#0","tintindex":0},"down":{"uv":[5.5,1.75,5.25,2.0],"rotation":0,"texture":"#0","tintindex":0}}},{"from":[6.285714,7.714286,6.857143],"to":[9.714286,12.857143,9.142858],"rotation":{"angle":0.0,"axis":"y","origin":[8.0,8.0,8.0]},"faces":{"east":{"uv":[4.5,6.0,5.0,7.125],"rotation":0,"texture":"#0","tintindex":0},"south":{"uv":[3.25,5.0,4.0,6.125],"rotation":0,"texture":"#0","tintindex":0},"north":{"uv":[2.5,5.0,3.25,6.125],"rotation":0,"texture":"#0","tintindex":0},"west":{"uv":[2.5,6.125,3.0,7.25],"rotation":0,"texture":"#0","tintindex":0},"up":{"uv":[1.25,7.75,0.5,7.25],"rotation":0,"texture":"#0","tintindex":0},"down":{"uv":[2.0,7.25,1.25,7.75],"rotation":0,"texture":"#0","tintindex":0}}}],"textures":{"0":"modelengine:entity/hongo_viviente"},"display":{"head":{"translation":[0.0,-6.4,0.0],"scale":[4.0,4.0,4.0]}}}