{"elements":[{"from":[6.285714,7.428571,4.8571424],"to":[9.714286,12.0,8.285714],"rotation":{"angle":0.0,"axis":"y","origin":[8.0,9.714286,6.5714283]},"faces":{"east":{"uv":[5.5,2.5,6.25,3.5],"rotation":0,"texture":"#0","tintindex":0},"south":{"uv":[5.0,5.5,5.75,6.5],"rotation":0,"texture":"#0","tintindex":0},"north":{"uv":[5.5,1.5,6.25,2.5],"rotation":0,"texture":"#0","tintindex":0},"west":{"uv":[5.75,0.0,6.5,1.0],"rotation":0,"texture":"#0","tintindex":0},"up":{"uv":[3.75,6.875,3.0,6.125],"rotation":0,"texture":"#0","tintindex":0},"down":{"uv":[7.0,1.75,6.25,2.5],"rotation":0,"texture":"#0","tintindex":0}}},{"from":[2.2857141,12.0,0.85714245],"to":[13.714286,13.714286,12.285715],"rotation":{"angle":0.0,"axis":"y","origin":[8.0,12.857143,6.5714283]},"faces":{"east":{"uv":[5.0,4.375,7.5,4.75],"rotation":0,"texture":"#0","tintindex":0},"south":{"uv":[5.0,4.75,7.5,5.125],"rotation":0,"texture":"#0","tintindex":0},"north":{"uv":[5.0,4.0,7.5,4.375],"rotation":0,"texture":"#0","tintindex":0},"west":{"uv":[5.0,5.125,7.5,5.5],"rotation":0,"texture":"#0","tintindex":0},"up":{"uv":[2.5,2.5,0.0,0.0],"rotation":0,"texture":"#0","tintindex":0},"down":{"uv":[2.5,2.5,0.0,5.0],"rotation":0,"texture":"#0","tintindex":0}}},{"from":[2.2857141,10.857143,0.85714245],"to":[13.714286,12.0,1.9999995],"rotation":{"angle":0.0,"axis":"y","origin":[8.0,11.428572,1.4285712]},"faces":{"east":{"uv":[7.0,2.25,7.25,2.5],"rotation":0,"texture":"#0","tintindex":0},"south":{"uv":[5.5,3.75,8.0,4.0],"rotation":0,"texture":"#0","tintindex":0},"north":{"uv":[5.5,3.5,8.0,3.75],"rotation":0,"texture":"#0","tintindex":0},"west":{"uv":[8.0,6.5,8.25,6.75],"rotation":0,"texture":"#0","tintindex":0},"up":{"uv":[8.25,1.25,5.75,1.0],"rotation":0,"texture":"#0","tintindex":0},"down":{"uv":[8.25,1.25,5.75,1.5],"rotation":0,"texture":"#0","tintindex":0}}},{"from":[2.2857141,10.857143,11.142858],"to":[13.714286,12.0,12.285715],"rotation":{"angle":0.0,"axis":"y","origin":[8.0,11.428572,11.714286]},"faces":{"east":{"uv":[8.0,6.75,8.25,7.0],"rotation":0,"texture":"#0","tintindex":0},"south":{"uv":[5.75,5.75,8.25,6.0],"rotation":0,"texture":"#0","tintindex":0},"north":{"uv":[5.75,5.5,8.25,5.75],"rotation":0,"texture":"#0","tintindex":0},"west":{"uv":[8.0,7.0,8.25,7.25],"rotation":0,"texture":"#0","tintindex":0},"up":{"uv":[8.25,6.25,5.75,6.0],"rotation":0,"texture":"#0","tintindex":0},"down":{"uv":[8.75,1.5,6.25,1.75],"rotation":0,"texture":"#0","tintindex":0}}},{"from":[2.2857141,10.857143,1.9999995],"to":[3.4285712,12.0,11.142858],"rotation":{"angle":0.0,"axis":"y","origin":[2.8571424,11.428572,6.5714283]},"faces":{"east":{"uv":[5.75,6.25,7.75,6.5],"rotation":0,"texture":"#0","tintindex":0},"south":{"uv":[8.0,7.25,8.25,7.5],"rotation":0,"texture":"#0","tintindex":0},"north":{"uv":[7.25,8.0,7.5,8.25],"rotation":0,"texture":"#0","tintindex":0},"west":{"uv":[6.5,0.0,8.5,0.25],"rotation":0,"texture":"#0","tintindex":0},"up":{"uv":[4.0,8.125,3.75,6.125],"rotation":0,"texture":"#0","tintindex":0},"down":{"uv":[4.25,6.5,4.0,8.5],"rotation":0,"texture":"#0","tintindex":0}}},{"from":[12.571428,10.857143,1.9999995],"to":[13.714286,12.0,11.142858],"rotation":{"angle":0.0,"axis":"y","origin":[13.142858,11.428572,6.5714283]},"faces":{"east":{"uv":[6.5,0.25,8.5,0.5],"rotation":0,"texture":"#0","tintindex":0},"south":{"uv":[8.0,7.5,8.25,7.75],"rotation":0,"texture":"#0","tintindex":0},"north":{"uv":[7.5,8.0,7.75,8.25],"rotation":0,"texture":"#0","tintindex":0},"west":{"uv":[6.5,0.5,8.5,0.75],"rotation":0,"texture":"#0","tintindex":0},"up":{"uv":[4.5,8.5,4.25,6.5],"rotation":0,"texture":"#0","tintindex":0},"down":{"uv":[5.25,6.5,5.0,8.5],"rotation":0,"texture":"#0","tintindex":0}}},{"from":[4.0,13.714286,2.5714283],"to":[12.0,14.857143,10.571428],"rotation":{"angle":0.0,"axis":"y","origin":[8.0,14.285715,6.5714283]},"faces":{"east":{"uv":[0.5,7.0,2.25,7.25],"rotation":0,"texture":"#0","tintindex":0},"south":{"uv":[7.0,1.75,8.75,2.0],"rotation":0,"texture":"#0","tintindex":0},"north":{"uv":[6.5,0.75,8.25,1.0],"rotation":0,"texture":"#0","tintindex":0},"west":{"uv":[7.0,2.0,8.75,2.25],"rotation":0,"texture":"#0","tintindex":0},"up":{"uv":[4.25,1.75,2.5,0.0],"rotation":0,"texture":"#0","tintindex":0},"down":{"uv":[4.25,1.75,2.5,3.5],"rotation":0,"texture":"#0","tintindex":0}}}],"textures":{"0":"modelengine:entity/hongo_viviente"},"display":{"head":{"translation":[0.0,-6.4,0.0],"scale":[4.0,4.0,4.0]}}}