{"elements":[{"from":[6.5714283,0.0,7.428571],"to":[7.714286,8.571428,8.571428],"rotation":{"angle":0.0,"axis":"y","origin":[7.142857,4.285714,8.0]},"faces":{"east":{"uv":[6.5,6.5,6.75,8.375],"rotation":0,"texture":"#0","tintindex":0},"south":{"uv":[6.75,6.5,7.0,8.375],"rotation":0,"texture":"#0","tintindex":0},"north":{"uv":[6.25,6.5,6.5,8.375],"rotation":0,"texture":"#0","tintindex":0},"west":{"uv":[3.0,6.875,3.25,8.75],"rotation":0,"texture":"#0","tintindex":0},"up":{"uv":[8.5,1.25,8.25,1.0],"rotation":0,"texture":"#0","tintindex":0},"down":{"uv":[8.5,1.25,8.25,1.5],"rotation":0,"texture":"#0","tintindex":0}}}],"textures":{"0":"modelengine:entity/hongo_viviente"},"display":{"head":{"translation":[0.0,-6.4,0.0],"scale":[4.0,4.0,4.0]}}}