{"elements":[{"from":[7.42409,-1.2334738,7.4428573],"to":[8.538376,7.337955,8.557143],"rotation":{"angle":0.0,"axis":"y","origin":[7.9812326,3.0522404,8.0]},"faces":{"east":{"uv":[3.5,6.875,3.75,8.75],"rotation":0,"texture":"#0","tintindex":0},"south":{"uv":[0.0,7.0,0.25,8.875],"rotation":0,"texture":"#0","tintindex":0},"north":{"uv":[3.25,6.875,3.5,8.75],"rotation":0,"texture":"#0","tintindex":0},"west":{"uv":[0.25,7.0,0.5,8.875],"rotation":0,"texture":"#0","tintindex":0},"up":{"uv":[8.5,2.5,8.25,2.25],"rotation":0,"texture":"#0","tintindex":0},"down":{"uv":[8.5,2.5,8.25,2.75],"rotation":0,"texture":"#0","tintindex":0}}},{"from":[7.6955185,-2.3763313,7.5714283],"to":[8.266947,-1.2334738,7.857143],"rotation":{"angle":0.0,"axis":"y","origin":[7.9812326,-1.804903,7.714286]},"faces":{"east":{"uv":[8.375,4.0,8.5,4.25],"rotation":0,"texture":"#0","tintindex":0},"south":{"uv":[8.375,4.25,8.5,4.5],"rotation":0,"texture":"#0","tintindex":0},"north":{"uv":[3.875,8.375,4.0,8.625],"rotation":0,"texture":"#0","tintindex":0},"west":{"uv":[8.375,4.5,8.5,4.75],"rotation":0,"texture":"#0","tintindex":0},"up":{"uv":[8.5,7.875,8.375,7.75],"rotation":0,"texture":"#0","tintindex":0},"down":{"uv":[8.5,7.875,8.375,8.0],"rotation":0,"texture":"#0","tintindex":0}}},{"from":[7.8383756,-3.3763313,7.5857143],"to":[8.409804,-2.2334738,7.8428574],"rotation":{"angle":45.0,"axis":"z","origin":[7.9812326,-2.3763313,7.714286]},"faces":{"east":{"uv":[8.375,5.0,8.5,5.25],"rotation":0,"texture":"#0","tintindex":0},"south":{"uv":[8.375,5.25,8.5,5.5],"rotation":0,"texture":"#0","tintindex":0},"north":{"uv":[8.375,4.75,8.5,5.0],"rotation":0,"texture":"#0","tintindex":0},"west":{"uv":[6.25,8.375,6.375,8.625],"rotation":0,"texture":"#0","tintindex":0},"up":{"uv":[8.5,8.125,8.375,8.0],"rotation":0,"texture":"#0","tintindex":0},"down":{"uv":[8.5,8.125,8.375,8.25],"rotation":0,"texture":"#0","tintindex":0}}},{"from":[7.6955185,-2.3763313,8.142858],"to":[8.266947,-1.2334738,8.428572],"rotation":{"angle":0.0,"axis":"y","origin":[7.9812326,-1.804903,8.285714]},"faces":{"east":{"uv":[6.375,8.375,6.5,8.625],"rotation":0,"texture":"#0","tintindex":0},"south":{"uv":[6.5,8.375,6.625,8.625],"rotation":0,"texture":"#0","tintindex":0},"north":{"uv":[8.375,6.25,8.5,6.5],"rotation":0,"texture":"#0","tintindex":0},"west":{"uv":[6.625,8.375,6.75,8.625],"rotation":0,"texture":"#0","tintindex":0},"up":{"uv":[8.5,8.375,8.375,8.25],"rotation":0,"texture":"#0","tintindex":0},"down":{"uv":[8.5,8.375,8.375,8.5],"rotation":0,"texture":"#0","tintindex":0}}},{"from":[7.8383756,-3.3763313,8.157143],"to":[8.409804,-2.2334738,8.414286],"rotation":{"angle":45.0,"axis":"z","origin":[7.9812326,-2.3763313,8.285714]},"faces":{"east":{"uv":[6.875,8.375,7.0,8.625],"rotation":0,"texture":"#0","tintindex":0},"south":{"uv":[8.375,7.25,8.5,7.5],"rotation":0,"texture":"#0","tintindex":0},"north":{"uv":[6.75,8.375,6.875,8.625],"rotation":0,"texture":"#0","tintindex":0},"west":{"uv":[8.375,7.5,8.5,7.75],"rotation":0,"texture":"#0","tintindex":0},"up":{"uv":[8.625,0.125,8.5,0.0],"rotation":0,"texture":"#0","tintindex":0},"down":{"uv":[8.625,0.125,8.5,0.25],"rotation":0,"texture":"#0","tintindex":0}}}],"textures":{"0":"modelengine:entity/hongo_viviente"},"display":{"head":{"translation":[0.0,-6.4,0.0],"scale":[4.0,4.0,4.0]}}}