{"elements":[{"from":[7.461624,-0.60490227,7.4428573],"to":[8.575911,7.3950977,8.557143],"rotation":{"angle":0.0,"axis":"y","origin":[8.018767,3.3950977,8.0]},"faces":{"east":{"uv":[7.0,6.5,7.25,8.25],"rotation":0,"texture":"#0","tintindex":0},"south":{"uv":[4.5,7.125,4.75,8.875],"rotation":0,"texture":"#0","tintindex":0},"north":{"uv":[2.25,7.0,2.5,8.75],"rotation":0,"texture":"#0","tintindex":0},"west":{"uv":[4.75,7.125,5.0,8.875],"rotation":0,"texture":"#0","tintindex":0},"up":{"uv":[4.0,8.375,3.75,8.125],"rotation":0,"texture":"#0","tintindex":0},"down":{"uv":[8.5,0.75,8.25,1.0],"rotation":0,"texture":"#0","tintindex":0}}},{"from":[7.733053,-1.7477598,7.5714283],"to":[8.3044815,-0.60490227,7.857143],"rotation":{"angle":0.0,"axis":"y","origin":[8.018767,-1.1763306,7.714286]},"faces":{"east":{"uv":[8.25,7.25,8.375,7.5],"rotation":0,"texture":"#0","tintindex":0},"south":{"uv":[7.375,8.25,7.5,8.5],"rotation":0,"texture":"#0","tintindex":0},"north":{"uv":[7.25,8.25,7.375,8.5],"rotation":0,"texture":"#0","tintindex":0},"west":{"uv":[7.5,8.25,7.625,8.5],"rotation":0,"texture":"#0","tintindex":0},"up":{"uv":[7.375,3.5,7.25,3.375],"rotation":0,"texture":"#0","tintindex":0},"down":{"uv":[7.5,3.375,7.375,3.5],"rotation":0,"texture":"#0","tintindex":0}}},{"from":[7.733053,-1.7477598,8.142858],"to":[8.3044815,-0.60490227,8.428572],"rotation":{"angle":0.0,"axis":"y","origin":[8.018767,-1.1763306,8.285714]},"faces":{"east":{"uv":[7.625,8.25,7.75,8.5],"rotation":0,"texture":"#0","tintindex":0},"south":{"uv":[8.25,7.75,8.375,8.0],"rotation":0,"texture":"#0","tintindex":0},"north":{"uv":[8.25,7.5,8.375,7.75],"rotation":0,"texture":"#0","tintindex":0},"west":{"uv":[8.0,8.25,8.125,8.5],"rotation":0,"texture":"#0","tintindex":0},"up":{"uv":[7.625,3.5,7.5,3.375],"rotation":0,"texture":"#0","tintindex":0},"down":{"uv":[7.75,3.375,7.625,3.5],"rotation":0,"texture":"#0","tintindex":0}}},{"from":[7.5901957,-2.7477598,7.5857143],"to":[8.161624,-1.6049023,7.8428574],"rotation":{"angle":-45.0,"axis":"z","origin":[8.018767,-1.7477598,7.714286]},"faces":{"east":{"uv":[8.125,8.25,8.25,8.5],"rotation":0,"texture":"#0","tintindex":0},"south":{"uv":[8.25,8.25,8.375,8.5],"rotation":0,"texture":"#0","tintindex":0},"north":{"uv":[8.25,8.0,8.375,8.25],"rotation":0,"texture":"#0","tintindex":0},"west":{"uv":[8.375,3.0,8.5,3.25],"rotation":0,"texture":"#0","tintindex":0},"up":{"uv":[7.875,3.5,7.75,3.375],"rotation":0,"texture":"#0","tintindex":0},"down":{"uv":[7.875,5.375,7.75,5.5],"rotation":0,"texture":"#0","tintindex":0}}},{"from":[7.5901957,-2.7477598,8.157143],"to":[8.161624,-1.6049023,8.414286],"rotation":{"angle":-45.0,"axis":"z","origin":[8.018767,-1.7477598,8.285714]},"faces":{"east":{"uv":[8.375,3.5,8.5,3.75],"rotation":0,"texture":"#0","tintindex":0},"south":{"uv":[3.75,8.375,3.875,8.625],"rotation":0,"texture":"#0","tintindex":0},"north":{"uv":[8.375,3.25,8.5,3.5],"rotation":0,"texture":"#0","tintindex":0},"west":{"uv":[8.375,3.75,8.5,4.0],"rotation":0,"texture":"#0","tintindex":0},"up":{"uv":[8.0,3.5,7.875,3.375],"rotation":0,"texture":"#0","tintindex":0},"down":{"uv":[8.0,5.375,7.875,5.5],"rotation":0,"texture":"#0","tintindex":0}}}],"textures":{"0":"modelengine:entity/hongo_viviente"},"display":{"head":{"translation":[0.0,-6.4,0.0],"scale":[4.0,4.0,4.0]}}}