{"elements":[{"from":[7.5714283,0.9999995,7.714286],"to":[8.428572,7.857143,8.571428],"rotation":{"angle":22.5,"axis":"x","origin":[8.142858,7.5714283,8.0]},"faces":{"east":{"uv":[2.0,7.25,2.25,8.75],"rotation":0,"texture":"#0","tintindex":0},"south":{"uv":[2.5,7.25,2.75,8.75],"rotation":0,"texture":"#0","tintindex":0},"north":{"uv":[4.25,2.0,4.5,3.5],"rotation":0,"texture":"#0","tintindex":0},"west":{"uv":[2.75,7.25,3.0,8.75],"rotation":0,"texture":"#0","tintindex":0},"up":{"uv":[8.5,3.0,8.25,2.75],"rotation":0,"texture":"#0","tintindex":0},"down":{"uv":[8.5,5.5,8.25,5.75],"rotation":0,"texture":"#0","tintindex":0}}},{"from":[7.428571,-4.1428576,5.142857],"to":[8.571428,2.142857,6.285714],"rotation":{"angle":0.0,"axis":"y","origin":[8.0,-1.0,5.714286]},"faces":{"east":{"uv":[1.0,7.75,1.25,9.125],"rotation":0,"texture":"#0","tintindex":0},"south":{"uv":[1.25,7.75,1.5,9.125],"rotation":0,"texture":"#0","tintindex":0},"north":{"uv":[0.75,7.75,1.0,9.125],"rotation":0,"texture":"#0","tintindex":0},"west":{"uv":[1.5,7.75,1.75,9.125],"rotation":0,"texture":"#0","tintindex":0},"up":{"uv":[8.5,6.0,8.25,5.75],"rotation":0,"texture":"#0","tintindex":0},"down":{"uv":[8.5,6.0,8.25,6.25],"rotation":0,"texture":"#0","tintindex":0}}},{"from":[7.285714,-5.285715,5.0],"to":[8.714286,-4.1428576,6.428571],"rotation":{"angle":0.0,"axis":"y","origin":[8.0,-4.714286,5.714286]},"faces":{"east":{"uv":[8.0,4.0,8.375,4.25],"rotation":0,"texture":"#0","tintindex":0},"south":{"uv":[8.0,4.25,8.375,4.5],"rotation":0,"texture":"#0","tintindex":0},"north":{"uv":[8.0,3.75,8.375,4.0],"rotation":0,"texture":"#0","tintindex":0},"west":{"uv":[8.0,4.5,8.375,4.75],"rotation":0,"texture":"#0","tintindex":0},"up":{"uv":[7.625,3.375,7.25,3.0],"rotation":0,"texture":"#0","tintindex":0},"down":{"uv":[8.0,3.0,7.625,3.375],"rotation":0,"texture":"#0","tintindex":0}}}],"textures":{"0":"modelengine:entity/hongo_viviente"},"display":{"head":{"translation":[0.0,-6.4,0.0],"scale":[4.0,4.0,4.0]}}}