{"elements":[{"from":[8.142858,-0.57142925,7.428571],"to":[9.285714,8.571428,8.571428],"rotation":{"angle":0.0,"axis":"y","origin":[8.714286,4.0,8.0]},"faces":{"east":{"uv":[5.5,6.5,5.75,8.5],"rotation":0,"texture":"#0","tintindex":0},"south":{"uv":[5.75,6.5,6.0,8.5],"rotation":0,"texture":"#0","tintindex":0},"north":{"uv":[5.25,6.5,5.5,8.5],"rotation":0,"texture":"#0","tintindex":0},"west":{"uv":[6.0,6.5,6.25,8.5],"rotation":0,"texture":"#0","tintindex":0},"up":{"uv":[8.25,8.0,8.0,7.75],"rotation":0,"texture":"#0","tintindex":0},"down":{"uv":[8.25,8.0,8.0,8.25],"rotation":0,"texture":"#0","tintindex":0}}}],"textures":{"0":"modelengine:entity/hongo_viviente"},"display":{"head":{"translation":[0.0,-6.4,0.0],"scale":[4.0,4.0,4.0]}}}