{"stats":{"minecraft:killed":{"minecraft:sheep":1,"minecraft:wolf":1,"minecraft:pig":1,"minecraft:chicken":1,"minecraft:cow":4},"minecraft:picked_up":{"minecraft:bone":2,"minecraft:feather":1,"minecraft:arrow":2,"minecraft:chicken":1,"minecraft:cooked_porkchop":3,"minecraft:leather":5,"minecraft:beef":6,"minecraft:mutton":3,"minecraft:white_wool":2,"minecraft:egg":1},"minecraft:custom":{"minecraft:time_since_rest":457495,"minecraft:damage_taken":1935,"minecraft:walk_one_cm":204594,"minecraft:crouch_one_cm":2246,"minecraft:play_time":539336,"minecraft:sprint_one_cm":300507,"minecraft:deaths":1,"minecraft:sneak_time":716,"minecraft:walk_under_water_one_cm":875,"minecraft:mob_kills":9,"minecraft:jump":3558,"minecraft:damage_dealt":425,"minecraft:leave_game":21,"minecraft:walk_on_water_one_cm":172,"minecraft:time_since_death":457462,"minecraft:total_world_time":539336,"minecraft:swim_one_cm":86,"minecraft:fall_one_cm":59310,"minecraft:fly_one_cm":776196},"minecraft:used":{"minecraft:yellow_wool":6,"minecraft:written_book":1,"minecraft:red_wool":7,"minecraft:grass_block":1,"minecraft:lime_wool":10,"minecraft:iron_sword":6,"minecraft:player_head":1}},"DataVersion":3337}