{"stats":{"minecraft:killed":{"minecraft:sheep":1,"minecraft:wolf":1,"minecraft:zombie":5,"minecraft:pig":1,"minecraft:chicken":1,"minecraft:cow":5},"minecraft:picked_up":{"minecraft:feather":1,"minecraft:chicken":1,"minecraft:cooked_porkchop":3,"minecraft:leather":6,"minecraft:dirt":3,"minecraft:paper":1,"minecraft:arrow":2,"minecraft:bone":2,"minecraft:rotten_flesh":3,"minecraft:beef":9,"minecraft:player_head":1,"minecraft:mutton":3,"minecraft:white_wool":2,"minecraft:egg":1},"minecraft:dropped":{"minecraft:player_head":1,"minecraft:paper":1},"minecraft:custom":{"minecraft:time_since_rest":245813,"minecraft:sprint_one_cm":445125,"minecraft:damage_taken":30665,"minecraft:walk_one_cm":303037,"minecraft:mob_kills":15,"minecraft:drop":2,"minecraft:damage_dealt":5321,"minecraft:swim_one_cm":86,"minecraft:interact_with_crafting_table":4,"minecraft:fly_one_cm":1135517,"minecraft:crouch_one_cm":2446,"minecraft:play_time":1680775,"minecraft:deaths":10,"minecraft:sneak_time":1176,"minecraft:walk_under_water_one_cm":875,"minecraft:jump":5207,"minecraft:leave_game":33,"minecraft:walk_on_water_one_cm":172,"minecraft:time_since_death":245787,"minecraft:total_world_time":1680775,"minecraft:fall_one_cm":132693},"minecraft:mined":{"minecraft:grass_block":1,"minecraft:dirt":2},"minecraft:used":{"minecraft:red_wool":7,"minecraft:grass_block":1,"minecraft:lime_wool":10,"minecraft:iron_sword":24,"minecraft:totem_of_undying":2,"minecraft:player_head":1,"minecraft:yellow_wool":6,"minecraft:dirt":2,"minecraft:written_book":1,"minecraft:crafting_table":2}},"DataVersion":3337}