{"stats":{"minecraft:picked_up":{"minecraft:egg":1},"minecraft:custom":{"minecraft:jump":287,"minecraft:time_since_rest":49219,"minecraft:damage_dealt":25,"minecraft:crouch_one_cm":153,"minecraft:leave_game":5,"minecraft:sprint_one_cm":19741,"minecraft:play_time":49219,"minecraft:time_since_death":49219,"minecraft:walk_on_water_one_cm":172,"minecraft:walk_one_cm":10143,"minecraft:sneak_time":31,"minecraft:total_world_time":49219,"minecraft:walk_under_water_one_cm":875,"minecraft:swim_one_cm":86,"minecraft:fall_one_cm":209,"minecraft:fly_one_cm":65953},"minecraft:used":{"minecraft:written_book":1,"minecraft:player_head":1}},"DataVersion":3337}