{"stats":{"minecraft:picked_up":{"minecraft:egg":1},"minecraft:custom":{"minecraft:jump":298,"minecraft:time_since_rest":61542,"minecraft:damage_dealt":25,"minecraft:crouch_one_cm":153,"minecraft:leave_game":10,"minecraft:sprint_one_cm":22087,"minecraft:play_time":61542,"minecraft:time_since_death":61542,"minecraft:walk_on_water_one_cm":172,"minecraft:walk_one_cm":11565,"minecraft:sneak_time":31,"minecraft:total_world_time":61542,"minecraft:walk_under_water_one_cm":875,"minecraft:swim_one_cm":86,"minecraft:fall_one_cm":209,"minecraft:fly_one_cm":67180},"minecraft:used":{"minecraft:written_book":1,"minecraft:player_head":1}},"DataVersion":3337}