{"stats":{"minecraft:used":{"minecraft:red_wool":7,"minecraft:grass_block":1,"minecraft:lime_wool":10,"minecraft:iron_sword":24,"minecraft:player_head":1,"minecraft:yellow_wool":6,"minecraft:dirt":2,"minecraft:written_book":1},"minecraft:dropped":{"minecraft:player_head":1},"minecraft:killed":{"minecraft:sheep":1,"minecraft:wolf":1,"minecraft:zombie":5,"minecraft:pig":1,"minecraft:chicken":1,"minecraft:cow":4},"minecraft:picked_up":{"minecraft:feather":1,"minecraft:chicken":1,"minecraft:cooked_porkchop":3,"minecraft:leather":5,"minecraft:dirt":3,"minecraft:arrow":2,"minecraft:bone":2,"minecraft:rotten_flesh":3,"minecraft:beef":6,"minecraft:player_head":1,"minecraft:mutton":3,"minecraft:white_wool":2,"minecraft:egg":1},"minecraft:custom":{"minecraft:time_since_rest":8321,"minecraft:sprint_one_cm":388520,"minecraft:damage_taken":30155,"minecraft:walk_one_cm":288537,"minecraft:mob_kills":14,"minecraft:drop":1,"minecraft:damage_dealt":5221,"minecraft:swim_one_cm":86,"minecraft:fly_one_cm":959663,"minecraft:crouch_one_cm":2288,"minecraft:play_time":1117461,"minecraft:deaths":4,"minecraft:sneak_time":778,"minecraft:walk_under_water_one_cm":875,"minecraft:jump":4450,"minecraft:leave_game":25,"minecraft:walk_on_water_one_cm":172,"minecraft:time_since_death":8291,"minecraft:total_world_time":1117461,"minecraft:fall_one_cm":121202},"minecraft:mined":{"minecraft:grass_block":1,"minecraft:dirt":2}},"DataVersion":3337}