{"stats":{"minecraft:picked_up":{"minecraft:arrow":2,"minecraft:bone":2,"minecraft:egg":1},"minecraft:custom":{"minecraft:jump":1092,"minecraft:time_since_rest":52347,"minecraft:deaths":1,"minecraft:damage_dealt":75,"minecraft:crouch_one_cm":232,"minecraft:leave_game":11,"minecraft:sprint_one_cm":96673,"minecraft:play_time":134188,"minecraft:time_since_death":52314,"minecraft:walk_on_water_one_cm":172,"minecraft:walk_one_cm":23244,"minecraft:sneak_time":51,"minecraft:total_world_time":134188,"minecraft:walk_under_water_one_cm":875,"minecraft:swim_one_cm":86,"minecraft:fall_one_cm":209,"minecraft:fly_one_cm":259455},"minecraft:used":{"minecraft:written_book":1,"minecraft:player_head":1}},"DataVersion":3337}