{"stats":{"minecraft:custom":{"minecraft:time_since_rest":819086,"minecraft:damage_taken":25955,"minecraft:walk_one_cm":270182,"minecraft:crouch_one_cm":2246,"minecraft:play_time":900927,"minecraft:sprint_one_cm":366483,"minecraft:deaths":1,"minecraft:sneak_time":733,"minecraft:walk_under_water_one_cm":875,"minecraft:mob_kills":9,"minecraft:drop":1,"minecraft:jump":4123,"minecraft:damage_dealt":425,"minecraft:leave_game":22,"minecraft:walk_on_water_one_cm":172,"minecraft:time_since_death":819053,"minecraft:total_world_time":900927,"minecraft:swim_one_cm":86,"minecraft:fall_one_cm":120308,"minecraft:fly_one_cm":897612},"minecraft:killed":{"minecraft:sheep":1,"minecraft:wolf":1,"minecraft:pig":1,"minecraft:chicken":1,"minecraft:cow":4},"minecraft:dropped":{"minecraft:player_head":1},"minecraft:used":{"minecraft:yellow_wool":6,"minecraft:dirt":2,"minecraft:written_book":1,"minecraft:red_wool":7,"minecraft:grass_block":1,"minecraft:lime_wool":10,"minecraft:iron_sword":6,"minecraft:player_head":1},"minecraft:mined":{"minecraft:grass_block":1,"minecraft:dirt":2},"minecraft:picked_up":{"minecraft:bone":2,"minecraft:feather":1,"minecraft:chicken":1,"minecraft:arrow":2,"minecraft:cooked_porkchop":3,"minecraft:leather":5,"minecraft:beef":6,"minecraft:player_head":1,"minecraft:dirt":3,"minecraft:mutton":3,"minecraft:white_wool":2,"minecraft:egg":1}},"DataVersion":3337}