{"stats":{"minecraft:used":{"minecraft:written_book":1,"minecraft:player_head":1},"minecraft:custom":{"minecraft:jump":2368,"minecraft:time_since_rest":177066,"minecraft:damage_taken":1765,"minecraft:walk_one_cm":69185,"minecraft:leave_game":15,"minecraft:damage_dealt":75,"minecraft:crouch_one_cm":232,"minecraft:sprint_one_cm":192213,"minecraft:time_since_death":177033,"minecraft:play_time":258907,"minecraft:walk_on_water_one_cm":172,"minecraft:deaths":1,"minecraft:sneak_time":51,"minecraft:total_world_time":258907,"minecraft:walk_under_water_one_cm":875,"minecraft:swim_one_cm":86,"minecraft:fall_one_cm":24023,"minecraft:fly_one_cm":512507},"minecraft:picked_up":{"minecraft:arrow":2,"minecraft:bone":2,"minecraft:egg":1}},"DataVersion":3337}