{"stats":{"minecraft:custom":{"minecraft:jump":109,"minecraft:time_since_rest":18000,"minecraft:damage_dealt":25,"minecraft:crouch_one_cm":91,"minecraft:sprint_one_cm":8119,"minecraft:play_time":18000,"minecraft:walk_on_water_one_cm":172,"minecraft:time_since_death":18000,"minecraft:walk_one_cm":3816,"minecraft:sneak_time":17,"minecraft:total_world_time":18000,"minecraft:walk_under_water_one_cm":875,"minecraft:swim_one_cm":86,"minecraft:fall_one_cm":209,"minecraft:fly_one_cm":31330}},"DataVersion":3337}