{"stats":{"minecraft:used":{"minecraft:written_book":1,"minecraft:player_head":1},"minecraft:custom":{"minecraft:jump":1449,"minecraft:time_since_rest":110684,"minecraft:damage_taken":20,"minecraft:walk_one_cm":32511,"minecraft:leave_game":14,"minecraft:damage_dealt":75,"minecraft:crouch_one_cm":232,"minecraft:sprint_one_cm":124129,"minecraft:time_since_death":110651,"minecraft:play_time":192525,"minecraft:walk_on_water_one_cm":172,"minecraft:deaths":1,"minecraft:sneak_time":51,"minecraft:total_world_time":192525,"minecraft:walk_under_water_one_cm":875,"minecraft:swim_one_cm":86,"minecraft:fall_one_cm":1509,"minecraft:fly_one_cm":321822},"minecraft:picked_up":{"minecraft:arrow":2,"minecraft:bone":2,"minecraft:egg":1}},"DataVersion":3337}