{"stats":{"minecraft:used":{"minecraft:written_book":1,"minecraft:player_head":1},"minecraft:custom":{"minecraft:jump":2450,"minecraft:time_since_rest":187411,"minecraft:damage_taken":1765,"minecraft:walk_one_cm":74261,"minecraft:leave_game":16,"minecraft:damage_dealt":75,"minecraft:crouch_one_cm":232,"minecraft:sprint_one_cm":198901,"minecraft:time_since_death":187378,"minecraft:play_time":269252,"minecraft:walk_on_water_one_cm":172,"minecraft:deaths":1,"minecraft:sneak_time":51,"minecraft:total_world_time":269252,"minecraft:walk_under_water_one_cm":875,"minecraft:swim_one_cm":86,"minecraft:fall_one_cm":28319,"minecraft:fly_one_cm":527269},"minecraft:picked_up":{"minecraft:arrow":2,"minecraft:bone":2,"minecraft:egg":1}},"DataVersion":3337}