{"stats":{"minecraft:custom":{"minecraft:time_since_rest":231792,"minecraft:crouch_one_cm":232,"minecraft:play_time":313633,"minecraft:sprint_one_cm":243401,"minecraft:deaths":1,"minecraft:damage_taken":1935,"minecraft:walk_one_cm":151874,"minecraft:sneak_time":66,"minecraft:walk_under_water_one_cm":875,"minecraft:mob_kills":7,"minecraft:jump":2842,"minecraft:damage_dealt":225,"minecraft:leave_game":18,"minecraft:walk_on_water_one_cm":172,"minecraft:time_since_death":231759,"minecraft:total_world_time":313633,"minecraft:swim_one_cm":86,"minecraft:fall_one_cm":43608,"minecraft:fly_one_cm":605858},"minecraft:killed":{"minecraft:sheep":1,"minecraft:wolf":1,"minecraft:pig":1,"minecraft:chicken":1,"minecraft:cow":2},"minecraft:used":{"minecraft:written_book":1,"minecraft:iron_sword":2,"minecraft:player_head":1},"minecraft:picked_up":{"minecraft:chicken":1,"minecraft:feather":1,"minecraft:bone":2,"minecraft:arrow":2,"minecraft:cooked_porkchop":3,"minecraft:leather":2,"minecraft:beef":2,"minecraft:mutton":3,"minecraft:white_wool":2,"minecraft:egg":1}},"DataVersion":3337}