{"stats":{"minecraft:custom":{"minecraft:jump":2660,"minecraft:time_since_rest":219792,"minecraft:damage_taken":1765,"minecraft:walk_one_cm":108538,"minecraft:leave_game":18,"minecraft:damage_dealt":105,"minecraft:crouch_one_cm":232,"minecraft:sprint_one_cm":216882,"minecraft:time_since_death":219759,"minecraft:play_time":301633,"minecraft:walk_on_water_one_cm":172,"minecraft:deaths":1,"minecraft:sneak_time":66,"minecraft:total_world_time":301633,"minecraft:walk_under_water_one_cm":875,"minecraft:swim_one_cm":86,"minecraft:fall_one_cm":37364,"minecraft:fly_one_cm":569640},"minecraft:used":{"minecraft:written_book":1,"minecraft:player_head":1},"minecraft:picked_up":{"minecraft:arrow":2,"minecraft:bone":2,"minecraft:egg":1}},"DataVersion":3337}