{"stats":{"minecraft:custom":{"minecraft:jump":126,"minecraft:time_since_rest":30000,"minecraft:damage_dealt":25,"minecraft:crouch_one_cm":91,"minecraft:sprint_one_cm":9310,"minecraft:play_time":30000,"minecraft:walk_on_water_one_cm":172,"minecraft:time_since_death":30000,"minecraft:walk_one_cm":4000,"minecraft:sneak_time":17,"minecraft:total_world_time":30000,"minecraft:walk_under_water_one_cm":875,"minecraft:swim_one_cm":86,"minecraft:fall_one_cm":209,"minecraft:fly_one_cm":35048}},"DataVersion":3337}