{"stats":{"minecraft:picked_up":{"minecraft:arrow":2,"minecraft:bone":2,"minecraft:egg":1},"minecraft:custom":{"minecraft:jump":1052,"minecraft:time_since_rest":28347,"minecraft:deaths":1,"minecraft:damage_dealt":25,"minecraft:crouch_one_cm":200,"minecraft:leave_game":11,"minecraft:sprint_one_cm":91464,"minecraft:play_time":110188,"minecraft:time_since_death":28314,"minecraft:walk_on_water_one_cm":172,"minecraft:walk_one_cm":20596,"minecraft:sneak_time":40,"minecraft:total_world_time":110188,"minecraft:walk_under_water_one_cm":875,"minecraft:swim_one_cm":86,"minecraft:fall_one_cm":209,"minecraft:fly_one_cm":249889},"minecraft:used":{"minecraft:written_book":1,"minecraft:player_head":1}},"DataVersion":3337}