{"stats":{"minecraft:killed":{"minecraft:sheep":1,"minecraft:wolf":1,"minecraft:zombie":3,"minecraft:pig":1,"minecraft:chicken":1,"minecraft:cow":4},"minecraft:picked_up":{"minecraft:feather":1,"minecraft:chicken":1,"minecraft:cooked_porkchop":3,"minecraft:leather":5,"minecraft:dirt":3,"minecraft:arrow":2,"minecraft:bone":2,"minecraft:rotten_flesh":1,"minecraft:beef":6,"minecraft:player_head":1,"minecraft:mutton":3,"minecraft:white_wool":2,"minecraft:egg":1},"minecraft:dropped":{"minecraft:player_head":1},"minecraft:custom":{"minecraft:time_since_rest":146091,"minecraft:sprint_one_cm":384525,"minecraft:damage_taken":26555,"minecraft:walk_one_cm":283026,"minecraft:mob_kills":12,"minecraft:drop":1,"minecraft:damage_dealt":3321,"minecraft:swim_one_cm":86,"minecraft:fly_one_cm":948174,"minecraft:crouch_one_cm":2288,"minecraft:play_time":1089608,"minecraft:deaths":3,"minecraft:sneak_time":778,"minecraft:walk_under_water_one_cm":875,"minecraft:jump":4402,"minecraft:leave_game":24,"minecraft:time_since_death":146071,"minecraft:walk_on_water_one_cm":172,"minecraft:total_world_time":1089608,"minecraft:fall_one_cm":120726},"minecraft:mined":{"minecraft:grass_block":1,"minecraft:dirt":2},"minecraft:used":{"minecraft:red_wool":7,"minecraft:grass_block":1,"minecraft:lime_wool":10,"minecraft:iron_sword":22,"minecraft:player_head":1,"minecraft:yellow_wool":6,"minecraft:dirt":2,"minecraft:written_book":1}},"DataVersion":3337}