{"stats":{"minecraft:custom":{"minecraft:jump":1267,"minecraft:time_since_rest":90207,"minecraft:walk_one_cm":28327,"minecraft:leave_game":13,"minecraft:damage_dealt":75,"minecraft:crouch_one_cm":232,"minecraft:sprint_one_cm":108276,"minecraft:time_since_death":90174,"minecraft:play_time":172048,"minecraft:walk_on_water_one_cm":172,"minecraft:deaths":1,"minecraft:sneak_time":51,"minecraft:total_world_time":172048,"minecraft:walk_under_water_one_cm":875,"minecraft:swim_one_cm":86,"minecraft:fall_one_cm":209,"minecraft:fly_one_cm":288598},"minecraft:used":{"minecraft:written_book":1,"minecraft:player_head":1},"minecraft:picked_up":{"minecraft:arrow":2,"minecraft:bone":2,"minecraft:egg":1}},"DataVersion":3337}