{"elements":[{"from":[1.6857138,7.9071426,7.9616113],"to":[5.3999996,11.6214285,7.9616113],"rotation":{"angle":22.5,"axis":"y","origin":[5.3999996,9.764286,7.9616113]},"faces":{"east":{"uv":[0.0,0.0,0.0,1.25],"rotation":0,"texture":"#0","tintindex":0},"south":{"uv":[3.25,1.25,4.5,2.5],"rotation":0,"texture":"#0","tintindex":0},"north":{"uv":[3.25,0.0,4.5,1.25],"rotation":0,"texture":"#0","tintindex":0},"west":{"uv":[0.0,0.0,0.0,1.25],"rotation":0,"texture":"#0","tintindex":0},"up":{"uv":[1.25,0.0,0.0,0.0],"rotation":0,"texture":"#0","tintindex":0},"down":{"uv":[1.25,0.0,0.0,0.0],"rotation":0,"texture":"#0","tintindex":0}}},{"from":[5.3999996,10.135715,5.73304],"to":[10.6,11.6214285,6.475897],"rotation":{"angle":0.0,"axis":"y","origin":[7.6285715,-1.007143,7.9616113]},"faces":{"east":{"uv":[3.25,2.5,3.5,3.0],"rotation":0,"texture":"#0","tintindex":0},"south":{"uv":[4.75,2.25,6.5,2.75],"rotation":0,"texture":"#0","tintindex":0},"north":{"uv":[4.5,4.5,6.25,5.0],"rotation":0,"texture":"#0","tintindex":0},"west":{"uv":[1.0,4.75,1.25,5.25],"rotation":0,"texture":"#0","tintindex":0},"up":{"uv":[7.75,2.25,6.0,2.0],"rotation":0,"texture":"#0","tintindex":0},"down":{"uv":[8.0,2.75,6.25,3.0],"rotation":0,"texture":"#0","tintindex":0}}},{"from":[7.0714283,8.65,4.9901824],"to":[8.928572,10.135715,6.475897],"rotation":{"angle":0.0,"axis":"y","origin":[7.6285715,-1.007143,7.9616113]},"faces":{"east":{"uv":[1.25,3.5,1.75,4.0],"rotation":0,"texture":"#0","tintindex":0},"south":{"uv":[7.0,4.75,7.625,5.25],"rotation":0,"texture":"#0","tintindex":0},"north":{"uv":[4.5,7.0,5.125,7.5],"rotation":0,"texture":"#0","tintindex":0},"west":{"uv":[7.25,0.5,7.75,1.0],"rotation":0,"texture":"#0","tintindex":0},"up":{"uv":[7.625,5.75,7.0,5.25],"rotation":0,"texture":"#0","tintindex":0},"down":{"uv":[7.625,5.75,7.0,6.25],"rotation":0,"texture":"#0","tintindex":0}}},{"from":[5.3999996,7.9071426,6.475897],"to":[10.6,11.6214285,9.447326],"rotation":{"angle":0.0,"axis":"y","origin":[7.6285715,-1.007143,7.9616113]},"faces":{"east":{"uv":[3.5,3.75,4.5,5.0],"rotation":0,"texture":"#0","tintindex":0},"south":{"uv":[0.0,1.25,1.75,2.5],"rotation":0,"texture":"#0","tintindex":0},"north":{"uv":[0.0,0.0,1.75,1.25],"rotation":0,"texture":"#0","tintindex":0},"west":{"uv":[1.25,4.0,2.25,5.25],"rotation":0,"texture":"#0","tintindex":0},"up":{"uv":[1.75,3.5,0.0,2.5],"rotation":0,"texture":"#0","tintindex":0},"down":{"uv":[3.5,3.0,1.75,4.0],"rotation":0,"texture":"#0","tintindex":0}}},{"from":[5.3999996,7.9071426,5.73304],"to":[10.6,8.65,6.475897],"rotation":{"angle":0.0,"axis":"y","origin":[7.6285715,-1.007143,7.9616113]},"faces":{"east":{"uv":[4.5,2.25,4.75,2.5],"rotation":0,"texture":"#0","tintindex":0},"south":{"uv":[6.25,3.25,8.0,3.5],"rotation":0,"texture":"#0","tintindex":0},"north":{"uv":[6.25,3.0,8.0,3.25],"rotation":0,"texture":"#0","tintindex":0},"west":{"uv":[5.75,1.25,6.0,1.5],"rotation":0,"texture":"#0","tintindex":0},"up":{"uv":[8.0,3.75,6.25,3.5],"rotation":0,"texture":"#0","tintindex":0},"down":{"uv":[8.0,4.5,6.25,4.75],"rotation":0,"texture":"#0","tintindex":0}}},{"from":[9.671429,8.65,5.918754],"to":[10.414286,9.392858,5.918754],"rotation":{"angle":0.0,"axis":"y","origin":[7.6285715,-1.007143,7.9616113]},"faces":{"east":{"uv":[0.0,0.0,0.0,0.25],"rotation":0,"texture":"#0","tintindex":0},"south":{"uv":[3.25,6.25,3.5,6.5],"rotation":0,"texture":"#0","tintindex":0},"north":{"uv":[0.75,6.25,1.0,6.5],"rotation":0,"texture":"#0","tintindex":0},"west":{"uv":[0.0,0.0,0.0,0.25],"rotation":0,"texture":"#0","tintindex":0},"up":{"uv":[0.25,0.0,0.0,0.0],"rotation":0,"texture":"#0","tintindex":0},"down":{"uv":[0.25,0.0,0.0,0.0],"rotation":0,"texture":"#0","tintindex":0}}},{"from":[5.5857143,8.65,5.918754],"to":[6.3285713,9.392858,5.918754],"rotation":{"angle":0.0,"axis":"y","origin":[7.6285715,-1.007143,7.9616113]},"faces":{"east":{"uv":[0.0,0.0,0.0,0.25],"rotation":0,"texture":"#0","tintindex":0},"south":{"uv":[2.25,6.75,2.5,7.0],"rotation":0,"texture":"#0","tintindex":0},"north":{"uv":[0.75,6.5,1.0,6.75],"rotation":0,"texture":"#0","tintindex":0},"west":{"uv":[0.0,0.0,0.0,0.25],"rotation":0,"texture":"#0","tintindex":0},"up":{"uv":[0.25,0.0,0.0,0.0],"rotation":0,"texture":"#0","tintindex":0},"down":{"uv":[0.25,0.0,0.0,0.0],"rotation":0,"texture":"#0","tintindex":0}}},{"from":[10.6,7.9071426,7.9616113],"to":[14.314286,11.6214285,7.9616113],"rotation":{"angle":-22.5,"axis":"y","origin":[10.6,9.764286,7.9616113]},"faces":{"east":{"uv":[0.0,0.0,0.0,1.25],"rotation":0,"texture":"#0","tintindex":0},"south":{"uv":[3.5,2.5,4.75,3.75],"rotation":0,"texture":"#0","tintindex":0},"north":{"uv":[0.0,3.5,1.25,4.75],"rotation":0,"texture":"#0","tintindex":0},"west":{"uv":[0.0,0.0,0.0,1.25],"rotation":0,"texture":"#0","tintindex":0},"up":{"uv":[1.25,0.0,0.0,0.0],"rotation":0,"texture":"#0","tintindex":0},"down":{"uv":[1.25,0.0,0.0,0.0],"rotation":0,"texture":"#0","tintindex":0}}},{"from":[9.142858,11.535714,6.818754],"to":[9.142858,14.964286,9.104468],"rotation":{"angle":0.0,"axis":"y","origin":[8.0,13.25,7.9616113]},"faces":{"east":{"uv":[4.0,0.0,6.0,3.0],"rotation":0,"texture":"#2","tintindex":0},"south":{"uv":[0.0,0.0,0.0,3.0],"rotation":0,"texture":"#2","tintindex":0},"north":{"uv":[0.0,0.0,0.0,3.0],"rotation":0,"texture":"#2","tintindex":0},"west":{"uv":[4.0,3.0,6.0,6.0],"rotation":0,"texture":"#2","tintindex":0},"up":{"uv":[0.0,2.0,0.0,0.0],"rotation":0,"texture":"#2","tintindex":0},"down":{"uv":[0.0,0.0,0.0,2.0],"rotation":0,"texture":"#2","tintindex":0}}},{"from":[6.857143,11.535714,6.818754],"to":[6.857143,14.964286,9.104468],"rotation":{"angle":0.0,"axis":"y","origin":[8.0,13.25,7.9616113]},"faces":{"east":{"uv":[0.0,6.0,2.0,9.0],"rotation":0,"texture":"#2","tintindex":0},"south":{"uv":[0.0,0.0,0.0,3.0],"rotation":0,"texture":"#2","tintindex":0},"north":{"uv":[0.0,0.0,0.0,3.0],"rotation":0,"texture":"#2","tintindex":0},"west":{"uv":[6.0,0.0,8.0,3.0],"rotation":0,"texture":"#2","tintindex":0},"up":{"uv":[0.0,2.0,0.0,0.0],"rotation":0,"texture":"#2","tintindex":0},"down":{"uv":[0.0,0.0,0.0,2.0],"rotation":0,"texture":"#2","tintindex":0}}},{"from":[6.857143,11.535714,9.104468],"to":[9.142858,14.964286,9.104468],"rotation":{"angle":0.0,"axis":"y","origin":[8.0,13.25,7.9616113]},"faces":{"east":{"uv":[0.0,0.0,0.0,3.0],"rotation":0,"texture":"#2","tintindex":0},"south":{"uv":[2.0,3.0,4.0,6.0],"rotation":0,"texture":"#2","tintindex":0},"north":{"uv":[0.0,3.0,2.0,6.0],"rotation":0,"texture":"#2","tintindex":0},"west":{"uv":[0.0,0.0,0.0,3.0],"rotation":0,"texture":"#2","tintindex":0},"up":{"uv":[2.0,0.0,0.0,0.0],"rotation":0,"texture":"#2","tintindex":0},"down":{"uv":[2.0,0.0,0.0,0.0],"rotation":0,"texture":"#2","tintindex":0}}},{"from":[6.857143,11.535714,6.818754],"to":[9.142858,14.964286,6.818754],"rotation":{"angle":0.0,"axis":"y","origin":[8.0,13.25,7.9616113]},"faces":{"east":{"uv":[0.0,0.0,0.0,3.0],"rotation":0,"texture":"#2","tintindex":0},"south":{"uv":[2.0,0.0,4.0,3.0],"rotation":0,"texture":"#2","tintindex":0},"north":{"uv":[0.0,0.0,2.0,3.0],"rotation":0,"texture":"#2","tintindex":0},"west":{"uv":[0.0,0.0,0.0,3.0],"rotation":0,"texture":"#2","tintindex":0},"up":{"uv":[2.0,0.0,0.0,0.0],"rotation":0,"texture":"#2","tintindex":0},"down":{"uv":[2.0,0.0,0.0,0.0],"rotation":0,"texture":"#2","tintindex":0}}}],"textures":{"0":"modelengine:entity/rey_goblin","2":"modelengine:entity/corona"},"display":{"head":{"translation":[0.0,-6.4,0.0],"scale":[4.0,4.0,4.0]}}}