{"elements":[{"from":[7.257143,5.771428,7.257143],"to":[8.742857,8.0,8.742857],"rotation":{"angle":0.0,"axis":"y","origin":[8.742857,3.5428567,8.0]},"faces":{"east":{"uv":[2.25,7.0,2.75,7.75],"rotation":0,"texture":"#0","tintindex":0},"south":{"uv":[2.75,7.0,3.25,7.75],"rotation":0,"texture":"#0","tintindex":0},"north":{"uv":[0.0,7.0,0.5,7.75],"rotation":0,"texture":"#0","tintindex":0},"west":{"uv":[4.0,7.0,4.5,7.75],"rotation":0,"texture":"#0","tintindex":0},"up":{"uv":[8.0,1.5,7.5,1.0],"rotation":0,"texture":"#0","tintindex":0},"down":{"uv":[8.0,1.5,7.5,2.0],"rotation":0,"texture":"#0","tintindex":0}}},{"from":[7.0714283,3.5428567,7.0714283],"to":[8.928572,5.771428,8.928572],"rotation":{"angle":0.0,"axis":"y","origin":[8.742857,3.5428567,8.0]},"faces":{"east":{"uv":[6.0,3.75,6.625,4.5],"rotation":0,"texture":"#0","tintindex":0},"south":{"uv":[5.5,6.0,6.125,6.75],"rotation":0,"texture":"#0","tintindex":0},"north":{"uv":[1.75,6.0,2.375,6.75],"rotation":0,"texture":"#0","tintindex":0},"west":{"uv":[0.0,6.25,0.625,7.0],"rotation":0,"texture":"#0","tintindex":0},"up":{"uv":[7.125,1.125,6.5,0.5],"rotation":0,"texture":"#0","tintindex":0},"down":{"uv":[3.875,6.5,3.25,7.125],"rotation":0,"texture":"#0","tintindex":0}}}],"textures":{"0":"modelengine:entity/rey_goblin"},"display":{"head":{"translation":[0.0,-6.4,0.0],"scale":[4.0,4.0,4.0]}}}