{"elements":[{"from":[7.0714283,3.5428567,7.0714283],"to":[8.928572,5.771428,8.928572],"rotation":{"angle":0.0,"axis":"y","origin":[6.5142856,3.5428567,8.0]},"faces":{"east":{"uv":[5.75,0.5,6.375,1.25],"rotation":0,"texture":"#0","tintindex":0},"south":{"uv":[1.0,6.0,1.625,6.75],"rotation":0,"texture":"#0","tintindex":0},"north":{"uv":[2.5,5.5,3.125,6.25],"rotation":0,"texture":"#0","tintindex":0},"west":{"uv":[6.0,1.25,6.625,2.0],"rotation":0,"texture":"#0","tintindex":0},"up":{"uv":[3.125,6.875,2.5,6.25],"rotation":0,"texture":"#0","tintindex":0},"down":{"uv":[6.875,6.0,6.25,6.625],"rotation":0,"texture":"#0","tintindex":0}}},{"from":[7.257143,5.771428,7.257143],"to":[8.742857,8.0,8.742857],"rotation":{"angle":0.0,"axis":"y","origin":[6.5142856,3.5428567,8.0]},"faces":{"east":{"uv":[5.5,6.75,6.0,7.5],"rotation":0,"texture":"#0","tintindex":0},"south":{"uv":[6.0,6.75,6.5,7.5],"rotation":0,"texture":"#0","tintindex":0},"north":{"uv":[6.75,3.75,7.25,4.5],"rotation":0,"texture":"#0","tintindex":0},"west":{"uv":[6.5,6.75,7.0,7.5],"rotation":0,"texture":"#0","tintindex":0},"up":{"uv":[7.75,4.25,7.25,3.75],"rotation":0,"texture":"#0","tintindex":0},"down":{"uv":[7.5,7.25,7.0,7.75],"rotation":0,"texture":"#0","tintindex":0}}}],"textures":{"0":"modelengine:entity/rey_goblin"},"display":{"head":{"translation":[0.0,-6.4,0.0],"scale":[4.0,4.0,4.0]}}}