{"elements":[{"from":[8.0,4.1,7.1879663],"to":[9.485714,8.557143,8.673681],"rotation":{"angle":0.0,"axis":"y","origin":[5.5857143,-0.3571434,7.930824]},"faces":{"east":{"uv":[0.0,4.75,0.5,6.25],"rotation":0,"texture":"#0","tintindex":0},"south":{"uv":[0.5,4.75,1.0,6.25],"rotation":0,"texture":"#0","tintindex":0},"north":{"uv":[3.0,4.0,3.5,5.5],"rotation":0,"texture":"#0","tintindex":0},"west":{"uv":[3.5,5.0,4.0,6.5],"rotation":0,"texture":"#0","tintindex":0},"up":{"uv":[1.75,7.75,1.25,7.25],"rotation":0,"texture":"#0","tintindex":0},"down":{"uv":[2.25,7.25,1.75,7.75],"rotation":0,"texture":"#0","tintindex":0}}},{"from":[8.385715,4.5,3.9308233],"to":[8.957143,5.0714283,13.073681],"rotation":{"angle":0.0,"axis":"y","origin":[8.957143,4.5,6.216538]},"faces":{"east":{"uv":[0.0,0.0,8.0,0.5],"rotation":0,"texture":"#1","tintindex":0},"south":{"uv":[4.5,2.5,5.0,3.0],"rotation":0,"texture":"#1","tintindex":0},"north":{"uv":[4.0,2.5,4.5,3.0],"rotation":0,"texture":"#1","tintindex":0},"west":{"uv":[0.0,0.5,8.0,1.0],"rotation":0,"texture":"#1","tintindex":0},"up":{"uv":[0.5,9.0,0.0,1.0],"rotation":0,"texture":"#1","tintindex":0},"down":{"uv":[1.0,1.0,0.5,9.0],"rotation":0,"texture":"#1","tintindex":0}}},{"from":[7.8142858,3.9285712,3.359395],"to":[9.528571,5.642857,3.9308233],"rotation":{"angle":0.0,"axis":"y","origin":[8.957143,4.5,-2.9263191]},"faces":{"east":{"uv":[6.0,1.0,6.5,2.5],"rotation":0,"texture":"#1","tintindex":0},"south":{"uv":[1.0,6.0,2.5,7.5],"rotation":0,"texture":"#1","tintindex":0},"north":{"uv":[5.0,2.5,6.5,4.0],"rotation":0,"texture":"#1","tintindex":0},"west":{"uv":[2.5,6.0,3.0,7.5],"rotation":0,"texture":"#1","tintindex":0},"up":{"uv":[6.5,4.5,5.0,4.0],"rotation":0,"texture":"#1","tintindex":0},"down":{"uv":[7.5,4.5,6.0,5.0],"rotation":0,"texture":"#1","tintindex":0}}},{"from":[9.528571,3.9285712,1.0736804],"to":[9.528571,5.642857,3.359395],"rotation":{"angle":0.0,"axis":"y","origin":[8.957143,4.5,-3.4977474]},"faces":{"east":{"uv":[4.0,1.0,6.0,2.5],"rotation":0,"texture":"#1","tintindex":0},"south":{"uv":[0.0,0.0,0.0,1.5],"rotation":0,"texture":"#1","tintindex":0},"north":{"uv":[0.0,0.0,0.0,1.5],"rotation":0,"texture":"#1","tintindex":0},"west":{"uv":[1.0,4.5,3.0,6.0],"rotation":0,"texture":"#1","tintindex":0},"up":{"uv":[0.0,2.0,0.0,0.0],"rotation":0,"texture":"#1","tintindex":0},"down":{"uv":[0.0,0.0,0.0,2.0],"rotation":0,"texture":"#1","tintindex":0}}},{"from":[7.8142858,3.9285712,1.0736804],"to":[7.8142858,5.642857,3.359395],"rotation":{"angle":0.0,"axis":"y","origin":[7.242857,4.5,-3.4977474]},"faces":{"east":{"uv":[1.0,3.0,3.0,4.5],"rotation":0,"texture":"#1","tintindex":0},"south":{"uv":[0.0,0.0,0.0,1.5],"rotation":0,"texture":"#1","tintindex":0},"north":{"uv":[0.0,0.0,0.0,1.5],"rotation":0,"texture":"#1","tintindex":0},"west":{"uv":[3.0,3.0,5.0,4.5],"rotation":0,"texture":"#1","tintindex":0},"up":{"uv":[0.0,2.0,0.0,0.0],"rotation":0,"texture":"#1","tintindex":0},"down":{"uv":[0.0,0.0,0.0,2.0],"rotation":0,"texture":"#1","tintindex":0}}},{"from":[7.8142858,5.642857,1.0736804],"to":[9.528571,5.642857,3.359395],"rotation":{"angle":0.0,"axis":"y","origin":[8.957143,4.5,-3.4977474]},"faces":{"east":{"uv":[0.0,0.0,2.0,0.0],"rotation":0,"texture":"#1","tintindex":0},"south":{"uv":[0.0,0.0,1.5,0.0],"rotation":0,"texture":"#1","tintindex":0},"north":{"uv":[0.0,0.0,1.5,0.0],"rotation":0,"texture":"#1","tintindex":0},"west":{"uv":[0.0,0.0,2.0,0.0],"rotation":0,"texture":"#1","tintindex":0},"up":{"uv":[2.5,3.0,1.0,1.0],"rotation":0,"texture":"#1","tintindex":0},"down":{"uv":[4.0,1.0,2.5,3.0],"rotation":0,"texture":"#1","tintindex":0}}},{"from":[7.8142858,3.9285712,1.0736804],"to":[9.528571,3.9285712,3.359395],"rotation":{"angle":0.0,"axis":"y","origin":[8.957143,2.7857141,-3.4977474]},"faces":{"east":{"uv":[0.0,0.0,2.0,0.0],"rotation":0,"texture":"#1","tintindex":0},"south":{"uv":[0.0,0.0,1.5,0.0],"rotation":0,"texture":"#1","tintindex":0},"north":{"uv":[0.0,0.0,1.5,0.0],"rotation":0,"texture":"#1","tintindex":0},"west":{"uv":[0.0,0.0,2.0,0.0],"rotation":0,"texture":"#1","tintindex":0},"up":{"uv":[4.5,6.5,3.0,4.5],"rotation":0,"texture":"#1","tintindex":0},"down":{"uv":[6.0,4.5,4.5,6.5],"rotation":0,"texture":"#1","tintindex":0}}}],"textures":{"0":"modelengine:entity/rey_goblin","1":"modelengine:entity/baston"},"display":{"head":{"translation":[0.0,-6.4,0.0],"scale":[4.0,4.0,4.0]}}}