{"elements":[{"from":[4.5714283,4.5714283,4.5714283],"to":[11.428572,11.428572,11.428572],"rotation":{"angle":0.0,"axis":"y","origin":[8.0,4.5714283,8.0]},"faces":{"east":{"uv":[0.0,3.0,3.0,6.0],"rotation":0,"texture":"#0","tintindex":0},"south":{"uv":[3.0,0.0,6.0,3.0],"rotation":0,"texture":"#0","tintindex":0},"north":{"uv":[0.0,0.0,3.0,3.0],"rotation":0,"texture":"#0","tintindex":0},"west":{"uv":[3.0,3.0,6.0,6.0],"rotation":0,"texture":"#0","tintindex":0},"up":{"uv":[3.0,9.0,0.0,6.0],"rotation":0,"texture":"#0","tintindex":0},"down":{"uv":[9.0,0.0,6.0,3.0],"rotation":0,"texture":"#0","tintindex":0}}},{"from":[5.142857,5.142857,5.142857],"to":[10.857143,10.857143,10.857143],"rotation":{"angle":0.0,"axis":"y","origin":[8.0,4.5714283,8.0]},"faces":{"east":{"uv":[0.0,5.0,5.0,10.0],"rotation":0,"texture":"#1","tintindex":0},"south":{"uv":[5.0,0.0,10.0,5.0],"rotation":0,"texture":"#1","tintindex":0},"north":{"uv":[0.0,0.0,5.0,5.0],"rotation":0,"texture":"#1","tintindex":0},"west":{"uv":[5.0,5.0,10.0,10.0],"rotation":0,"texture":"#1","tintindex":0},"up":{"uv":[5.0,15.0,0.0,10.0],"rotation":0,"texture":"#1","tintindex":0},"down":{"uv":[15.0,0.0,10.0,5.0],"rotation":0,"texture":"#1","tintindex":0}}}],"textures":{"0":"modelengine:entity/alma_1","1":"modelengine:entity/alma_2"},"display":{"head":{"translation":[0.0,-6.4,0.0],"scale":[4.0,4.0,4.0]}}}