{"elements":[{"from":[6.285714,6.285714,6.285714],"to":[9.714286,9.714286,9.714286],"rotation":{"angle":0.0,"axis":"y","origin":[8.0,4.5714283,8.0]},"faces":{"east":{"uv":[0.0,3.0,3.0,6.0],"rotation":0,"texture":"#2","tintindex":0},"south":{"uv":[3.0,0.0,6.0,3.0],"rotation":0,"texture":"#2","tintindex":0},"north":{"uv":[0.0,0.0,3.0,3.0],"rotation":0,"texture":"#2","tintindex":0},"west":{"uv":[3.0,3.0,6.0,6.0],"rotation":0,"texture":"#2","tintindex":0},"up":{"uv":[3.0,9.0,0.0,6.0],"rotation":0,"texture":"#2","tintindex":0},"down":{"uv":[9.0,0.0,6.0,3.0],"rotation":0,"texture":"#2","tintindex":0}}}],"textures":{"2":"modelengine:entity/alma_3_e"},"display":{"head":{"translation":[0.0,-6.4,0.0],"scale":[4.0,4.0,4.0]}}}