{"elements":[{"from":[5.714286,7.428571,-1.1428576],"to":[10.285714,11.428572,8.571428],"rotation":{"angle":0.0,"axis":"y","origin":[8.0,7.428571,4.0]},"faces":{"east":{"uv":[4.0,0.0,8.25,1.75],"rotation":0,"texture":"#0","tintindex":0},"south":{"uv":[0.0,4.25,2.0,6.0],"rotation":0,"texture":"#0","tintindex":0},"north":{"uv":[4.0,3.5,6.0,5.25],"rotation":0,"texture":"#0","tintindex":0},"west":{"uv":[4.0,1.75,8.25,3.5],"rotation":0,"texture":"#0","tintindex":0},"up":{"uv":[2.0,4.25,0.0,0.0],"rotation":0,"texture":"#0","tintindex":0},"down":{"uv":[4.0,0.0,2.0,4.25],"rotation":0,"texture":"#0","tintindex":0}}}],"textures":{"0":"modelengine:entity/rata"},"display":{"head":{"translation":[0.0,-6.4,0.0],"scale":[4.0,4.0,4.0]}}}