{"elements":[{"from":[6.3,7.4857144,4.5571427],"to":[9.7,8.057143,7.9857144],"rotation":{"angle":0.0,"axis":"y","origin":[8.0,6.342857,14.842857]},"faces":{"east":{"uv":[8.75,0.0,10.25,0.25],"rotation":0,"texture":"#0","tintindex":0},"south":{"uv":[8.75,0.25,10.25,0.5],"rotation":0,"texture":"#0","tintindex":0},"north":{"uv":[8.5,8.5,10.0,8.75],"rotation":0,"texture":"#0","tintindex":0},"west":{"uv":[8.75,0.5,10.25,0.75],"rotation":0,"texture":"#0","tintindex":0},"up":{"uv":[2.5,8.0,1.0,6.5],"rotation":0,"texture":"#0","tintindex":0},"down":{"uv":[6.5,7.25,5.0,8.75],"rotation":0,"texture":"#0","tintindex":0}}},{"from":[6.428571,8.057143,6.985714],"to":[6.428571,8.6285715,7.5571427],"rotation":{"angle":0.0,"axis":"y","origin":[8.0,6.342857,14.842857]},"faces":{"east":{"uv":[9.25,2.25,9.5,2.5],"rotation":0,"texture":"#0","tintindex":0},"south":{"uv":[0.0,0.0,0.0,0.25],"rotation":0,"texture":"#0","tintindex":0},"north":{"uv":[0.0,0.0,0.0,0.25],"rotation":0,"texture":"#0","tintindex":0},"west":{"uv":[2.5,9.25,2.75,9.5],"rotation":0,"texture":"#0","tintindex":0},"up":{"uv":[0.0,0.25,0.0,0.0],"rotation":0,"texture":"#0","tintindex":0},"down":{"uv":[0.0,0.0,0.0,0.25],"rotation":0,"texture":"#0","tintindex":0}}},{"from":[9.571428,8.057143,6.985714],"to":[9.571428,8.6285715,7.5571427],"rotation":{"angle":0.0,"axis":"y","origin":[8.0,6.342857,14.842857]},"faces":{"east":{"uv":[9.25,2.5,9.5,2.75],"rotation":0,"texture":"#0","tintindex":0},"south":{"uv":[0.0,0.0,0.0,0.25],"rotation":0,"texture":"#0","tintindex":0},"north":{"uv":[0.0,0.0,0.0,0.25],"rotation":0,"texture":"#0","tintindex":0},"west":{"uv":[2.75,9.25,3.0,9.5],"rotation":0,"texture":"#0","tintindex":0},"up":{"uv":[0.0,0.25,0.0,0.0],"rotation":0,"texture":"#0","tintindex":0},"down":{"uv":[0.0,0.0,0.0,0.25],"rotation":0,"texture":"#0","tintindex":0}}},{"from":[9.571428,8.057143,5.842857],"to":[9.571428,8.6285715,6.4142857],"rotation":{"angle":0.0,"axis":"y","origin":[8.0,6.342857,14.842857]},"faces":{"east":{"uv":[9.25,2.75,9.5,3.0],"rotation":0,"texture":"#0","tintindex":0},"south":{"uv":[0.0,0.0,0.0,0.25],"rotation":0,"texture":"#0","tintindex":0},"north":{"uv":[0.0,0.0,0.0,0.25],"rotation":0,"texture":"#0","tintindex":0},"west":{"uv":[3.0,9.25,3.25,9.5],"rotation":0,"texture":"#0","tintindex":0},"up":{"uv":[0.0,0.25,0.0,0.0],"rotation":0,"texture":"#0","tintindex":0},"down":{"uv":[0.0,0.0,0.0,0.25],"rotation":0,"texture":"#0","tintindex":0}}},{"from":[6.428571,8.057143,5.842857],"to":[6.428571,8.6285715,6.4142857],"rotation":{"angle":0.0,"axis":"y","origin":[8.0,6.342857,14.842857]},"faces":{"east":{"uv":[9.25,3.0,9.5,3.25],"rotation":0,"texture":"#0","tintindex":0},"south":{"uv":[0.0,0.0,0.0,0.25],"rotation":0,"texture":"#0","tintindex":0},"north":{"uv":[0.0,0.0,0.0,0.25],"rotation":0,"texture":"#0","tintindex":0},"west":{"uv":[3.25,9.25,3.5,9.5],"rotation":0,"texture":"#0","tintindex":0},"up":{"uv":[0.0,0.25,0.0,0.0],"rotation":0,"texture":"#0","tintindex":0},"down":{"uv":[0.0,0.0,0.0,0.25],"rotation":0,"texture":"#0","tintindex":0}}},{"from":[6.428571,8.057143,4.7],"to":[6.428571,8.6285715,5.271428],"rotation":{"angle":0.0,"axis":"y","origin":[8.0,6.342857,14.842857]},"faces":{"east":{"uv":[9.25,3.25,9.5,3.5],"rotation":0,"texture":"#0","tintindex":0},"south":{"uv":[0.0,0.0,0.0,0.25],"rotation":0,"texture":"#0","tintindex":0},"north":{"uv":[0.0,0.0,0.0,0.25],"rotation":0,"texture":"#0","tintindex":0},"west":{"uv":[3.5,9.25,3.75,9.5],"rotation":0,"texture":"#0","tintindex":0},"up":{"uv":[0.0,0.25,0.0,0.0],"rotation":0,"texture":"#0","tintindex":0},"down":{"uv":[0.0,0.0,0.0,0.25],"rotation":0,"texture":"#0","tintindex":0}}},{"from":[9.571428,8.057143,4.7],"to":[9.571428,8.6285715,5.271428],"rotation":{"angle":0.0,"axis":"y","origin":[8.0,6.342857,14.842857]},"faces":{"east":{"uv":[9.25,3.5,9.5,3.75],"rotation":0,"texture":"#0","tintindex":0},"south":{"uv":[0.0,0.0,0.0,0.25],"rotation":0,"texture":"#0","tintindex":0},"north":{"uv":[0.0,0.0,0.0,0.25],"rotation":0,"texture":"#0","tintindex":0},"west":{"uv":[3.75,9.25,4.0,9.5],"rotation":0,"texture":"#0","tintindex":0},"up":{"uv":[0.0,0.25,0.0,0.0],"rotation":0,"texture":"#0","tintindex":0},"down":{"uv":[0.0,0.0,0.0,0.25],"rotation":0,"texture":"#0","tintindex":0}}},{"from":[9.0,8.057143,4.7],"to":[9.571428,8.6285715,4.7],"rotation":{"angle":0.0,"axis":"y","origin":[8.0,6.342857,14.842857]},"faces":{"east":{"uv":[0.0,0.0,0.0,0.25],"rotation":0,"texture":"#0","tintindex":0},"south":{"uv":[9.25,4.0,9.5,4.25],"rotation":0,"texture":"#0","tintindex":0},"north":{"uv":[9.25,3.75,9.5,4.0],"rotation":0,"texture":"#0","tintindex":0},"west":{"uv":[0.0,0.0,0.0,0.25],"rotation":0,"texture":"#0","tintindex":0},"up":{"uv":[0.25,0.0,0.0,0.0],"rotation":0,"texture":"#0","tintindex":0},"down":{"uv":[0.25,0.0,0.0,0.0],"rotation":0,"texture":"#0","tintindex":0}}},{"from":[7.714286,8.057143,4.7],"to":[8.285714,8.6285715,4.7],"rotation":{"angle":0.0,"axis":"y","origin":[8.0,6.342857,14.842857]},"faces":{"east":{"uv":[0.0,0.0,0.0,0.25],"rotation":0,"texture":"#0","tintindex":0},"south":{"uv":[9.25,4.5,9.5,4.75],"rotation":0,"texture":"#0","tintindex":0},"north":{"uv":[9.25,4.25,9.5,4.5],"rotation":0,"texture":"#0","tintindex":0},"west":{"uv":[0.0,0.0,0.0,0.25],"rotation":0,"texture":"#0","tintindex":0},"up":{"uv":[0.25,0.0,0.0,0.0],"rotation":0,"texture":"#0","tintindex":0},"down":{"uv":[0.25,0.0,0.0,0.0],"rotation":0,"texture":"#0","tintindex":0}}},{"from":[6.428571,8.057143,4.7],"to":[7.0,8.6285715,4.7],"rotation":{"angle":0.0,"axis":"y","origin":[8.0,6.342857,14.842857]},"faces":{"east":{"uv":[0.0,0.0,0.0,0.25],"rotation":0,"texture":"#0","tintindex":0},"south":{"uv":[5.25,9.25,5.5,9.5],"rotation":0,"texture":"#0","tintindex":0},"north":{"uv":[5.0,9.25,5.25,9.5],"rotation":0,"texture":"#0","tintindex":0},"west":{"uv":[0.0,0.0,0.0,0.25],"rotation":0,"texture":"#0","tintindex":0},"up":{"uv":[0.25,0.0,0.0,0.0],"rotation":0,"texture":"#0","tintindex":0},"down":{"uv":[0.25,0.0,0.0,0.0],"rotation":0,"texture":"#0","tintindex":0}}}],"textures":{"0":"modelengine:entity/rata"},"display":{"head":{"translation":[0.0,-6.4,0.0],"scale":[4.0,4.0,4.0]}}}