{"elements":[{"from":[7.4428573,5.5714283,7.4214287],"to":[8.557143,7.857143,8.564285],"rotation":{"angle":0.0,"axis":"y","origin":[9.714286,7.857143,3.992857]},"faces":{"east":{"uv":[8.0,8.25,8.5,9.25],"rotation":0,"texture":"#0","tintindex":0},"south":{"uv":[4.0,8.5,4.5,9.5],"rotation":0,"texture":"#0","tintindex":0},"north":{"uv":[7.5,8.25,8.0,9.25],"rotation":0,"texture":"#0","tintindex":0},"west":{"uv":[4.5,8.5,5.0,9.5],"rotation":0,"texture":"#0","tintindex":0},"up":{"uv":[9.25,4.75,8.75,4.25],"rotation":0,"texture":"#0","tintindex":0},"down":{"uv":[5.5,8.75,5.0,9.25],"rotation":0,"texture":"#0","tintindex":0}}},{"from":[7.4428573,5.5714283,6.992857],"to":[8.557143,6.142857,7.4214287],"rotation":{"angle":0.0,"axis":"y","origin":[9.714286,7.857143,3.992857]},"faces":{"east":{"uv":[9.25,6.5,9.5,6.75],"rotation":0,"texture":"#0","tintindex":0},"south":{"uv":[9.0,8.75,9.5,9.0],"rotation":0,"texture":"#0","tintindex":0},"north":{"uv":[8.5,9.0,9.0,9.25],"rotation":0,"texture":"#0","tintindex":0},"west":{"uv":[6.75,9.25,7.0,9.5],"rotation":0,"texture":"#0","tintindex":0},"up":{"uv":[9.5,9.25,9.0,9.0],"rotation":0,"texture":"#0","tintindex":0},"down":{"uv":[9.75,0.75,9.25,1.0],"rotation":0,"texture":"#0","tintindex":0}}}],"textures":{"0":"modelengine:entity/rata"},"display":{"head":{"translation":[0.0,-6.4,0.0],"scale":[4.0,4.0,4.0]}}}