{"elements":[{"from":[7.4428573,5.5714283,7.4214287],"to":[8.557143,7.857143,8.564285],"rotation":{"angle":0.0,"axis":"y","origin":[9.714286,7.857143,12.564286]},"faces":{"east":{"uv":[2.5,8.25,3.0,9.25],"rotation":0,"texture":"#0","tintindex":0},"south":{"uv":[3.0,8.25,3.5,9.25],"rotation":0,"texture":"#0","tintindex":0},"north":{"uv":[8.25,2.0,8.75,3.0],"rotation":0,"texture":"#0","tintindex":0},"west":{"uv":[8.25,3.0,8.75,4.0],"rotation":0,"texture":"#0","tintindex":0},"up":{"uv":[9.25,2.75,8.75,2.25],"rotation":0,"texture":"#0","tintindex":0},"down":{"uv":[9.25,2.75,8.75,3.25],"rotation":0,"texture":"#0","tintindex":0}}},{"from":[7.4428573,5.5714283,6.992857],"to":[8.557143,6.142857,7.4214287],"rotation":{"angle":0.0,"axis":"y","origin":[9.714286,7.857143,12.564286]},"faces":{"east":{"uv":[6.0,9.25,6.25,9.5],"rotation":0,"texture":"#0","tintindex":0},"south":{"uv":[2.0,9.0,2.5,9.25],"rotation":0,"texture":"#0","tintindex":0},"north":{"uv":[1.5,9.0,2.0,9.25],"rotation":0,"texture":"#0","tintindex":0},"west":{"uv":[6.25,9.25,6.5,9.5],"rotation":0,"texture":"#0","tintindex":0},"up":{"uv":[9.5,5.25,9.0,5.0],"rotation":0,"texture":"#0","tintindex":0},"down":{"uv":[6.0,9.0,5.5,9.25],"rotation":0,"texture":"#0","tintindex":0}}}],"textures":{"0":"modelengine:entity/rata"},"display":{"head":{"translation":[0.0,-6.4,0.0],"scale":[4.0,4.0,4.0]}}}