{"elements":[{"from":[7.428571,7.428571,8.285714],"to":[8.571428,8.571428,19.142857],"rotation":{"angle":0.0,"axis":"y","origin":[8.0,5.714286,3.7142854]},"faces":{"east":{"uv":[5.0,5.25,9.75,5.75],"rotation":0,"texture":"#0","tintindex":0},"south":{"uv":[1.5,6.0,2.0,6.5],"rotation":0,"texture":"#0","tintindex":0},"north":{"uv":[1.0,6.0,1.5,6.5],"rotation":0,"texture":"#0","tintindex":0},"west":{"uv":[5.0,5.75,9.75,6.25],"rotation":0,"texture":"#0","tintindex":0},"up":{"uv":[0.5,10.75,0.0,6.0],"rotation":0,"texture":"#0","tintindex":0},"down":{"uv":[1.0,6.0,0.5,10.75],"rotation":0,"texture":"#0","tintindex":0}}}],"textures":{"0":"modelengine:entity/rata"},"display":{"head":{"translation":[0.0,-6.4,0.0],"scale":[4.0,4.0,4.0]}}}