{"elements":[{"from":[5.714286,11.287848,6.8955874],"to":[10.285714,14.71642,9.181302],"rotation":{"angle":-22.5,"axis":"x","origin":[8.0,11.287848,8.0384445]},"faces":{"east":{"uv":[7.25,9.25,8.25,10.75],"rotation":0,"texture":"#0","tintindex":0},"south":{"uv":[0.0,8.25,2.0,9.75],"rotation":0,"texture":"#0","tintindex":0},"north":{"uv":[0.0,6.75,2.0,8.25],"rotation":0,"texture":"#0","tintindex":0},"west":{"uv":[8.25,9.25,9.25,10.75],"rotation":0,"texture":"#0","tintindex":0},"up":{"uv":[8.75,2.25,6.75,1.25],"rotation":0,"texture":"#0","tintindex":0},"down":{"uv":[6.25,8.25,4.25,9.25],"rotation":0,"texture":"#0","tintindex":0}}},{"from":[7.428571,13.573563,7.467016],"to":[8.571428,15.859278,8.609873],"rotation":{"angle":-22.5,"axis":"x","origin":[8.0,11.287848,8.0384445]},"faces":{"east":{"uv":[12.25,8.0,12.75,9.0],"rotation":0,"texture":"#0","tintindex":0},"south":{"uv":[12.25,9.0,12.75,10.0],"rotation":0,"texture":"#0","tintindex":0},"north":{"uv":[11.25,8.25,11.75,9.25],"rotation":0,"texture":"#0","tintindex":0},"west":{"uv":[12.25,10.0,12.75,11.0],"rotation":0,"texture":"#0","tintindex":0},"up":{"uv":[9.25,1.75,8.75,1.25],"rotation":0,"texture":"#0","tintindex":0},"down":{"uv":[12.75,6.75,12.25,7.25],"rotation":0,"texture":"#0","tintindex":0}}},{"from":[5.7285714,7.8592772,6.8955874],"to":[10.271429,11.859278,9.0384445],"rotation":{"angle":0.0,"axis":"y","origin":[8.0,9.859277,7.967016]},"faces":{"east":{"uv":[8.5,2.25,9.5,4.0],"rotation":0,"texture":"#0","tintindex":0},"south":{"uv":[4.25,6.5,6.25,8.25],"rotation":0,"texture":"#0","tintindex":0},"north":{"uv":[6.5,2.25,8.5,4.0],"rotation":0,"texture":"#0","tintindex":0},"west":{"uv":[9.25,0.0,10.25,1.75],"rotation":0,"texture":"#0","tintindex":0},"up":{"uv":[10.25,6.25,8.25,5.25],"rotation":0,"texture":"#0","tintindex":0},"down":{"uv":[8.25,8.25,6.25,9.25],"rotation":0,"texture":"#0","tintindex":0}}},{"from":[5.7285714,5.5735626,6.8955874],"to":[10.271429,7.8592772,6.8955874],"rotation":{"angle":0.0,"axis":"y","origin":[8.0,6.7164197,6.8955874]},"faces":{"east":{"uv":[0.0,0.0,0.0,1.0],"rotation":0,"texture":"#0","tintindex":0},"south":{"uv":[8.25,7.25,10.25,8.25],"rotation":0,"texture":"#0","tintindex":0},"north":{"uv":[8.25,6.25,10.25,7.25],"rotation":0,"texture":"#0","tintindex":0},"west":{"uv":[0.0,0.0,0.0,1.0],"rotation":0,"texture":"#0","tintindex":0},"up":{"uv":[2.0,0.0,0.0,0.0],"rotation":0,"texture":"#0","tintindex":0},"down":{"uv":[2.0,0.0,0.0,0.0],"rotation":0,"texture":"#0","tintindex":0}}},{"from":[10.271429,5.5735626,6.8955874],"to":[10.271429,7.8592772,9.0384445],"rotation":{"angle":0.0,"axis":"y","origin":[10.271429,6.7164197,7.967016]},"faces":{"east":{"uv":[5.0,9.75,6.0,10.75],"rotation":0,"texture":"#0","tintindex":0},"south":{"uv":[0.0,0.0,0.0,1.0],"rotation":0,"texture":"#0","tintindex":0},"north":{"uv":[0.0,0.0,0.0,1.0],"rotation":0,"texture":"#0","tintindex":0},"west":{"uv":[6.0,9.75,7.0,10.75],"rotation":0,"texture":"#0","tintindex":0},"up":{"uv":[0.0,1.0,0.0,0.0],"rotation":0,"texture":"#0","tintindex":0},"down":{"uv":[0.0,0.0,0.0,1.0],"rotation":0,"texture":"#0","tintindex":0}}},{"from":[5.7285714,5.5735626,6.8955874],"to":[5.7285714,7.8592772,9.0384445],"rotation":{"angle":0.0,"axis":"y","origin":[5.7285714,6.7164197,7.967016]},"faces":{"east":{"uv":[9.25,9.75,10.25,10.75],"rotation":0,"texture":"#0","tintindex":0},"south":{"uv":[0.0,0.0,0.0,1.0],"rotation":0,"texture":"#0","tintindex":0},"north":{"uv":[0.0,0.0,0.0,1.0],"rotation":0,"texture":"#0","tintindex":0},"west":{"uv":[0.0,10.25,1.0,11.25],"rotation":0,"texture":"#0","tintindex":0},"up":{"uv":[0.0,1.0,0.0,0.0],"rotation":0,"texture":"#0","tintindex":0},"down":{"uv":[0.0,0.0,0.0,1.0],"rotation":0,"texture":"#0","tintindex":0}}},{"from":[5.7285714,5.5735626,9.0384445],"to":[10.271429,7.8592772,9.0384445],"rotation":{"angle":0.0,"axis":"y","origin":[8.0,6.7164197,9.0384445]},"faces":{"east":{"uv":[0.0,0.0,0.0,1.0],"rotation":0,"texture":"#0","tintindex":0},"south":{"uv":[2.0,8.5,4.0,9.5],"rotation":0,"texture":"#0","tintindex":0},"north":{"uv":[8.25,8.25,10.25,9.25],"rotation":0,"texture":"#0","tintindex":0},"west":{"uv":[0.0,0.0,0.0,1.0],"rotation":0,"texture":"#0","tintindex":0},"up":{"uv":[2.0,0.0,0.0,0.0],"rotation":0,"texture":"#0","tintindex":0},"down":{"uv":[2.0,0.0,0.0,0.0],"rotation":0,"texture":"#0","tintindex":0}}}],"textures":{"0":"modelengine:entity/esqueleto_guerrero"},"display":{"head":{"translation":[0.0,-6.4,0.0],"scale":[4.0,4.0,4.0]}}}