{"elements":[{"from":[5.714286,8.0,4.5714283],"to":[10.285714,12.571428,9.142858],"rotation":{"angle":0.0,"axis":"y","origin":[8.0,-5.714287,9.714286]},"faces":{"east":{"uv":[4.5,2.25,6.5,4.25],"rotation":0,"texture":"#0","tintindex":0},"south":{"uv":[4.25,4.5,6.25,6.5],"rotation":0,"texture":"#0","tintindex":0},"north":{"uv":[2.25,4.5,4.25,6.5],"rotation":0,"texture":"#0","tintindex":0},"west":{"uv":[6.25,4.25,8.25,6.25],"rotation":0,"texture":"#0","tintindex":0},"up":{"uv":[8.25,8.25,6.25,6.25],"rotation":0,"texture":"#0","tintindex":0},"down":{"uv":[4.25,6.5,2.25,8.5],"rotation":0,"texture":"#0","tintindex":0}}}],"textures":{"0":"modelengine:entity/esqueleto_guerrero"},"display":{"head":{"translation":[0.0,-6.4,0.0],"scale":[4.0,4.0,4.0]}}}