{"elements":[{"from":[7.428571,4.142857,7.3714285],"to":[8.571428,8.571428,8.514286],"rotation":{"angle":45.0,"axis":"x","origin":[8.0,8.0,7.9428573]},"faces":{"east":{"uv":[2.5,10.25,3.0,12.25],"rotation":0,"texture":"#0","tintindex":0},"south":{"uv":[3.0,10.25,3.5,12.25],"rotation":0,"texture":"#0","tintindex":0},"north":{"uv":[2.0,10.25,2.5,12.25],"rotation":0,"texture":"#0","tintindex":0},"west":{"uv":[3.5,10.25,4.0,12.25],"rotation":0,"texture":"#0","tintindex":0},"up":{"uv":[13.5,2.0,13.0,1.5],"rotation":0,"texture":"#0","tintindex":0},"down":{"uv":[13.5,2.0,13.0,2.5],"rotation":0,"texture":"#0","tintindex":0}}}],"textures":{"0":"modelengine:entity/esqueleto_guerrero"},"display":{"head":{"translation":[0.0,-6.4,0.0],"scale":[4.0,4.0,4.0]}}}