{"elements":[{"from":[7.4428573,3.8039165,7.428571],"to":[8.557143,7.803917,8.571428],"rotation":{"angle":-45.0,"axis":"x","origin":[8.0,8.0,8.0]},"faces":{"east":{"uv":[8.5,10.75,9.0,12.5],"rotation":0,"texture":"#0","tintindex":0},"south":{"uv":[9.0,10.75,9.5,12.5],"rotation":0,"texture":"#0","tintindex":0},"north":{"uv":[8.0,10.75,8.5,12.5],"rotation":0,"texture":"#0","tintindex":0},"west":{"uv":[9.5,10.75,10.0,12.5],"rotation":0,"texture":"#0","tintindex":0},"up":{"uv":[13.5,3.0,13.0,2.5],"rotation":0,"texture":"#0","tintindex":0},"down":{"uv":[13.5,3.0,13.0,3.5],"rotation":0,"texture":"#0","tintindex":0}}}],"textures":{"0":"modelengine:entity/esqueleto_guerrero"},"display":{"head":{"translation":[0.0,-6.4,0.0],"scale":[4.0,4.0,4.0]}}}