{"elements":[{"from":[6.6886263,4.031841,7.602305],"to":[7.8314834,8.031841,8.745162],"rotation":{"angle":-22.5,"axis":"z","origin":[7.8314834,7.4604125,8.173734]},"faces":{"east":{"uv":[10.75,3.75,11.25,5.5],"rotation":0,"texture":"#0","tintindex":0},"south":{"uv":[5.0,10.75,5.5,12.5],"rotation":0,"texture":"#0","tintindex":0},"north":{"uv":[10.25,9.75,10.75,11.5],"rotation":0,"texture":"#0","tintindex":0},"west":{"uv":[5.5,10.75,6.0,12.5],"rotation":0,"texture":"#0","tintindex":0},"up":{"uv":[13.0,3.0,12.5,2.5],"rotation":0,"texture":"#0","tintindex":0},"down":{"uv":[8.5,12.5,8.0,13.0],"rotation":0,"texture":"#0","tintindex":0}}},{"from":[5.5883765,1.6349883,7.602305],"to":[6.7026625,5.06356,8.745162],"rotation":{"angle":45.0,"axis":"x","origin":[6.1171975,4.8889837,8.173734]},"faces":{"east":{"uv":[11.25,3.75,11.75,5.25],"rotation":0,"texture":"#0","tintindex":0},"south":{"uv":[11.25,5.25,11.75,6.75],"rotation":0,"texture":"#0","tintindex":0},"north":{"uv":[1.25,11.25,1.75,12.75],"rotation":0,"texture":"#0","tintindex":0},"west":{"uv":[11.25,6.75,11.75,8.25],"rotation":0,"texture":"#0","tintindex":0},"up":{"uv":[9.0,13.0,8.5,12.5],"rotation":0,"texture":"#0","tintindex":0},"down":{"uv":[9.5,12.5,9.0,13.0],"rotation":0,"texture":"#0","tintindex":0}}},{"from":[5.4312334,2.2064166,7.459448],"to":[6.859805,2.7778454,8.88802],"rotation":{"angle":45.0,"axis":"x","origin":[6.1171975,4.8889837,8.173734]},"faces":{"east":{"uv":[13.0,9.5,13.75,9.75],"rotation":0,"texture":"#0","tintindex":0},"south":{"uv":[13.0,9.75,13.75,10.0],"rotation":0,"texture":"#0","tintindex":0},"north":{"uv":[3.25,9.5,4.0,9.75],"rotation":0,"texture":"#0","tintindex":0},"west":{"uv":[13.0,10.0,13.75,10.25],"rotation":0,"texture":"#0","tintindex":0},"up":{"uv":[11.0,1.75,10.25,1.0],"rotation":0,"texture":"#0","tintindex":0},"down":{"uv":[13.0,3.0,12.25,3.75],"rotation":0,"texture":"#0","tintindex":0}}},{"from":[5.4312334,3.3492742,7.459448],"to":[6.859805,3.920703,8.88802],"rotation":{"angle":45.0,"axis":"x","origin":[6.1171975,4.8889837,8.173734]},"faces":{"east":{"uv":[13.0,10.25,13.75,10.5],"rotation":0,"texture":"#0","tintindex":0},"south":{"uv":[13.0,10.5,13.75,10.75],"rotation":0,"texture":"#0","tintindex":0},"north":{"uv":[10.25,13.0,11.0,13.25],"rotation":0,"texture":"#0","tintindex":0},"west":{"uv":[13.0,10.75,13.75,11.0],"rotation":0,"texture":"#0","tintindex":0},"up":{"uv":[4.0,13.0,3.25,12.25],"rotation":0,"texture":"#0","tintindex":0},"down":{"uv":[13.0,3.75,12.25,4.5],"rotation":0,"texture":"#0","tintindex":0}}},{"from":[4.716948,1.9207025,4.173733],"to":[5.288377,4.634989,9.88802],"rotation":{"angle":45.0,"axis":"x","origin":[6.1171975,4.8889837,8.173734]},"faces":{"east":{"uv":[6.75,0.0,9.25,1.25],"rotation":0,"texture":"#0","tintindex":0},"south":{"uv":[5.75,12.5,6.0,13.75],"rotation":0,"texture":"#0","tintindex":0},"north":{"uv":[12.5,5.5,12.75,6.75],"rotation":0,"texture":"#0","tintindex":0},"west":{"uv":[8.25,4.0,10.75,5.25],"rotation":0,"texture":"#0","tintindex":0},"up":{"uv":[2.0,13.75,1.75,11.25],"rotation":0,"texture":"#0","tintindex":0},"down":{"uv":[12.0,3.75,11.75,6.25],"rotation":0,"texture":"#0","tintindex":0}}},{"from":[4.574091,2.0635595,7.173733],"to":[5.4312334,4.06356,9.173734],"rotation":{"angle":45.0,"axis":"x","origin":[6.1171975,4.8889837,8.173734]},"faces":{"east":{"uv":[10.25,0.0,11.25,1.0],"rotation":0,"texture":"#0","tintindex":0},"south":{"uv":[12.25,12.0,12.75,13.0],"rotation":0,"texture":"#0","tintindex":0},"north":{"uv":[12.25,11.0,12.75,12.0],"rotation":0,"texture":"#0","tintindex":0},"west":{"uv":[1.0,10.25,2.0,11.25],"rotation":0,"texture":"#0","tintindex":0},"up":{"uv":[13.0,1.5,12.5,0.5],"rotation":0,"texture":"#0","tintindex":0},"down":{"uv":[13.0,1.5,12.5,2.5],"rotation":0,"texture":"#0","tintindex":0}}},{"from":[4.288377,2.6349883,7.745162],"to":[4.574091,3.4921312,8.602304],"rotation":{"angle":45.0,"axis":"x","origin":[6.1171975,4.8889837,8.173734]},"faces":{"east":{"uv":[9.5,12.5,10.0,13.0],"rotation":0,"texture":"#0","tintindex":0},"south":{"uv":[13.25,13.25,13.5,13.75],"rotation":0,"texture":"#0","tintindex":0},"north":{"uv":[13.25,11.75,13.5,12.25],"rotation":0,"texture":"#0","tintindex":0},"west":{"uv":[1.25,12.75,1.75,13.25],"rotation":0,"texture":"#0","tintindex":0},"up":{"uv":[0.25,14.0,0.0,13.5],"rotation":0,"texture":"#0","tintindex":0},"down":{"uv":[0.5,13.5,0.25,14.0],"rotation":0,"texture":"#0","tintindex":0}}},{"from":[4.345519,2.9778457,7.6594477],"to":[4.5169477,3.1492743,7.745162],"rotation":{"angle":45.0,"axis":"x","origin":[6.1171975,4.8889837,8.173734]},"faces":{"east":{"uv":[3.0,13.75,3.25,14.0],"rotation":0,"texture":"#0","tintindex":0},"south":{"uv":[3.75,13.75,4.0,14.0],"rotation":0,"texture":"#0","tintindex":0},"north":{"uv":[4.75,12.25,5.0,12.5],"rotation":0,"texture":"#0","tintindex":0},"west":{"uv":[13.75,6.0,14.0,6.25],"rotation":0,"texture":"#0","tintindex":0},"up":{"uv":[6.5,14.0,6.25,13.75],"rotation":0,"texture":"#0","tintindex":0},"down":{"uv":[14.0,6.25,13.75,6.5],"rotation":0,"texture":"#0","tintindex":0}}},{"from":[4.345519,2.9778457,8.602304],"to":[4.5169477,3.1492743,8.688019],"rotation":{"angle":45.0,"axis":"x","origin":[6.1171975,4.8889837,8.173734]},"faces":{"east":{"uv":[13.75,6.5,14.0,6.75],"rotation":0,"texture":"#0","tintindex":0},"south":{"uv":[6.75,13.75,7.0,14.0],"rotation":0,"texture":"#0","tintindex":0},"north":{"uv":[6.5,13.75,6.75,14.0],"rotation":0,"texture":"#0","tintindex":0},"west":{"uv":[13.75,6.75,14.0,7.0],"rotation":0,"texture":"#0","tintindex":0},"up":{"uv":[7.25,14.0,7.0,13.75],"rotation":0,"texture":"#0","tintindex":0},"down":{"uv":[14.0,7.0,13.75,7.25],"rotation":0,"texture":"#0","tintindex":0}}},{"from":[4.345519,3.4921312,8.088019],"to":[4.5169477,3.5778456,8.259448],"rotation":{"angle":45.0,"axis":"x","origin":[6.1171975,4.8889837,8.173734]},"faces":{"east":{"uv":[7.5,13.75,7.75,14.0],"rotation":0,"texture":"#0","tintindex":0},"south":{"uv":[7.75,13.75,8.0,14.0],"rotation":0,"texture":"#0","tintindex":0},"north":{"uv":[7.25,13.75,7.5,14.0],"rotation":0,"texture":"#0","tintindex":0},"west":{"uv":[13.75,8.0,14.0,8.25],"rotation":0,"texture":"#0","tintindex":0},"up":{"uv":[14.0,8.5,13.75,8.25],"rotation":0,"texture":"#0","tintindex":0},"down":{"uv":[14.0,8.5,13.75,8.75],"rotation":0,"texture":"#0","tintindex":0}}},{"from":[4.345519,2.549274,8.088019],"to":[4.5169477,2.6349883,8.259448],"rotation":{"angle":45.0,"axis":"x","origin":[6.1171975,4.8889837,8.173734]},"faces":{"east":{"uv":[13.75,9.0,14.0,9.25],"rotation":0,"texture":"#0","tintindex":0},"south":{"uv":[9.25,13.75,9.5,14.0],"rotation":0,"texture":"#0","tintindex":0},"north":{"uv":[13.75,8.75,14.0,9.0],"rotation":0,"texture":"#0","tintindex":0},"west":{"uv":[13.75,9.25,14.0,9.5],"rotation":0,"texture":"#0","tintindex":0},"up":{"uv":[9.75,14.0,9.5,13.75],"rotation":0,"texture":"#0","tintindex":0},"down":{"uv":[14.0,9.5,13.75,9.75],"rotation":0,"texture":"#0","tintindex":0}}},{"from":[4.716948,0.7778454,4.173733],"to":[5.288377,1.7778454,9.88802],"rotation":{"angle":45.0,"axis":"x","origin":[6.1171975,4.8889837,8.173734]},"faces":{"east":{"uv":[9.25,9.25,11.75,9.75],"rotation":0,"texture":"#0","tintindex":0},"south":{"uv":[13.5,0.5,13.75,1.0],"rotation":0,"texture":"#0","tintindex":0},"north":{"uv":[0.5,13.5,0.75,14.0],"rotation":0,"texture":"#0","tintindex":0},"west":{"uv":[9.5,2.25,12.0,2.75],"rotation":0,"texture":"#0","tintindex":0},"up":{"uv":[12.0,8.75,11.75,6.25],"rotation":0,"texture":"#0","tintindex":0},"down":{"uv":[12.0,8.75,11.75,11.25],"rotation":0,"texture":"#0","tintindex":0}}},{"from":[4.716948,-0.36501217,4.173733],"to":[5.288377,0.6349883,9.88802],"rotation":{"angle":45.0,"axis":"x","origin":[6.1171975,4.8889837,8.173734]},"faces":{"east":{"uv":[9.5,2.75,12.0,3.25],"rotation":0,"texture":"#0","tintindex":0},"south":{"uv":[13.5,1.0,13.75,1.5],"rotation":0,"texture":"#0","tintindex":0},"north":{"uv":[0.75,13.5,1.0,14.0],"rotation":0,"texture":"#0","tintindex":0},"west":{"uv":[9.5,3.25,12.0,3.75],"rotation":0,"texture":"#0","tintindex":0},"up":{"uv":[12.0,13.75,11.75,11.25],"rotation":0,"texture":"#0","tintindex":0},"down":{"uv":[12.25,0.0,12.0,2.5],"rotation":0,"texture":"#0","tintindex":0}}},{"from":[4.716948,1.7778454,5.3165903],"to":[5.288377,1.9207025,9.31659],"rotation":{"angle":45.0,"axis":"x","origin":[6.1171975,4.8889837,8.173734]},"faces":{"east":{"uv":[4.5,4.25,6.25,4.5],"rotation":0,"texture":"#0","tintindex":0},"south":{"uv":[13.75,10.0,14.0,10.25],"rotation":0,"texture":"#0","tintindex":0},"north":{"uv":[13.75,9.75,14.0,10.0],"rotation":0,"texture":"#0","tintindex":0},"west":{"uv":[6.5,4.0,8.25,4.25],"rotation":0,"texture":"#0","tintindex":0},"up":{"uv":[2.25,8.5,2.0,6.75],"rotation":0,"texture":"#0","tintindex":0},"down":{"uv":[12.0,0.0,11.75,1.75],"rotation":0,"texture":"#0","tintindex":0}}},{"from":[4.716948,0.6349883,4.173733],"to":[5.288377,0.7778454,7.030876],"rotation":{"angle":45.0,"axis":"x","origin":[6.1171975,4.8889837,8.173734]},"faces":{"east":{"uv":[2.0,9.5,3.25,9.75],"rotation":0,"texture":"#0","tintindex":0},"south":{"uv":[13.75,10.5,14.0,10.75],"rotation":0,"texture":"#0","tintindex":0},"north":{"uv":[13.75,10.25,14.0,10.5],"rotation":0,"texture":"#0","tintindex":0},"west":{"uv":[9.5,3.75,10.75,4.0],"rotation":0,"texture":"#0","tintindex":0},"up":{"uv":[6.25,13.75,6.0,12.5],"rotation":0,"texture":"#0","tintindex":0},"down":{"uv":[6.5,12.5,6.25,13.75],"rotation":0,"texture":"#0","tintindex":0}}},{"from":[4.716948,0.6349883,8.745162],"to":[5.288377,0.7778454,9.88802],"rotation":{"angle":45.0,"axis":"x","origin":[6.1171975,4.8889837,8.173734]},"faces":{"east":{"uv":[10.75,9.0,11.25,9.25],"rotation":0,"texture":"#0","tintindex":0},"south":{"uv":[11.0,13.75,11.25,14.0],"rotation":0,"texture":"#0","tintindex":0},"north":{"uv":[13.75,10.75,14.0,11.0],"rotation":0,"texture":"#0","tintindex":0},"west":{"uv":[12.25,7.25,12.75,7.5],"rotation":0,"texture":"#0","tintindex":0},"up":{"uv":[13.75,2.0,13.5,1.5],"rotation":0,"texture":"#0","tintindex":0},"down":{"uv":[13.75,2.0,13.5,2.5],"rotation":0,"texture":"#0","tintindex":0}}},{"from":[4.716948,4.777846,4.173733],"to":[5.288377,5.920703,9.88802],"rotation":{"angle":45.0,"axis":"x","origin":[6.1171975,4.8889837,8.173734]},"faces":{"east":{"uv":[0.0,9.75,2.5,10.25],"rotation":0,"texture":"#0","tintindex":0},"south":{"uv":[2.5,13.5,2.75,14.0],"rotation":0,"texture":"#0","tintindex":0},"north":{"uv":[2.25,13.5,2.5,14.0],"rotation":0,"texture":"#0","tintindex":0},"west":{"uv":[2.5,9.75,5.0,10.25],"rotation":0,"texture":"#0","tintindex":0},"up":{"uv":[12.25,5.0,12.0,2.5],"rotation":0,"texture":"#0","tintindex":0},"down":{"uv":[12.25,5.0,12.0,7.5],"rotation":0,"texture":"#0","tintindex":0}}},{"from":[4.859805,-0.50786877,4.030876],"to":[5.1455193,-0.36501217,9.88802],"rotation":{"angle":45.0,"axis":"x","origin":[6.1171975,4.8889837,8.173734]},"faces":{"east":{"uv":[12.0,7.5,14.5,7.75],"rotation":0,"texture":"#0","tintindex":0},"south":{"uv":[11.25,13.75,11.5,14.0],"rotation":0,"texture":"#0","tintindex":0},"north":{"uv":[13.75,11.0,14.0,11.25],"rotation":0,"texture":"#0","tintindex":0},"west":{"uv":[12.0,7.75,14.5,8.0],"rotation":0,"texture":"#0","tintindex":0},"up":{"uv":[12.25,10.5,12.0,8.0],"rotation":0,"texture":"#0","tintindex":0},"down":{"uv":[12.25,10.5,12.0,13.0],"rotation":0,"texture":"#0","tintindex":0}}},{"from":[4.859805,0.06355953,10.030876],"to":[5.1455193,0.2064166,11.030876],"rotation":{"angle":45.0,"axis":"x","origin":[6.1171975,4.8889837,8.173734]},"faces":{"east":{"uv":[13.5,2.5,14.0,2.75],"rotation":0,"texture":"#0","tintindex":0},"south":{"uv":[11.5,13.75,11.75,14.0],"rotation":0,"texture":"#0","tintindex":0},"north":{"uv":[13.75,11.25,14.0,11.5],"rotation":0,"texture":"#0","tintindex":0},"west":{"uv":[2.75,13.5,3.25,13.75],"rotation":0,"texture":"#0","tintindex":0},"up":{"uv":[13.75,3.25,13.5,2.75],"rotation":0,"texture":"#0","tintindex":0},"down":{"uv":[3.5,13.5,3.25,14.0],"rotation":0,"texture":"#0","tintindex":0}}},{"from":[4.859805,0.6349883,11.173734],"to":[5.1455193,0.7778454,12.173734],"rotation":{"angle":45.0,"axis":"x","origin":[6.1171975,4.8889837,8.173734]},"faces":{"east":{"uv":[13.5,3.25,14.0,3.5],"rotation":0,"texture":"#0","tintindex":0},"south":{"uv":[13.75,11.75,14.0,12.0],"rotation":0,"texture":"#0","tintindex":0},"north":{"uv":[11.75,13.75,12.0,14.0],"rotation":0,"texture":"#0","tintindex":0},"west":{"uv":[13.5,3.5,14.0,3.75],"rotation":0,"texture":"#0","tintindex":0},"up":{"uv":[3.75,14.0,3.5,13.5],"rotation":0,"texture":"#0","tintindex":0},"down":{"uv":[13.75,3.75,13.5,4.25],"rotation":0,"texture":"#0","tintindex":0}}},{"from":[4.859805,4.777846,11.173734],"to":[5.1455193,4.920703,12.173734],"rotation":{"angle":45.0,"axis":"x","origin":[6.1171975,4.8889837,8.173734]},"faces":{"east":{"uv":[13.5,4.25,14.0,4.5],"rotation":0,"texture":"#0","tintindex":0},"south":{"uv":[13.75,12.0,14.0,12.25],"rotation":0,"texture":"#0","tintindex":0},"north":{"uv":[12.0,13.75,12.25,14.0],"rotation":0,"texture":"#0","tintindex":0},"west":{"uv":[13.5,4.5,14.0,4.75],"rotation":0,"texture":"#0","tintindex":0},"up":{"uv":[5.0,14.0,4.75,13.5],"rotation":0,"texture":"#0","tintindex":0},"down":{"uv":[13.75,4.75,13.5,5.25],"rotation":0,"texture":"#0","tintindex":0}}},{"from":[4.859805,5.3492746,9.88802],"to":[5.1455193,5.492131,11.173734],"rotation":{"angle":45.0,"axis":"x","origin":[6.1171975,4.8889837,8.173734]},"faces":{"east":{"uv":[13.5,5.25,14.0,5.5],"rotation":0,"texture":"#0","tintindex":0},"south":{"uv":[13.75,12.5,14.0,12.75],"rotation":0,"texture":"#0","tintindex":0},"north":{"uv":[13.75,12.25,14.0,12.5],"rotation":0,"texture":"#0","tintindex":0},"west":{"uv":[13.5,5.5,14.0,5.75],"rotation":0,"texture":"#0","tintindex":0},"up":{"uv":[5.25,14.0,5.0,13.5],"rotation":0,"texture":"#0","tintindex":0},"down":{"uv":[13.75,5.75,13.5,6.25],"rotation":0,"texture":"#0","tintindex":0}}},{"from":[4.859805,5.3492746,3.4594474],"to":[5.1455193,5.492131,4.030876],"rotation":{"angle":45.0,"axis":"x","origin":[6.1171975,4.8889837,8.173734]},"faces":{"east":{"uv":[13.75,13.0,14.0,13.25],"rotation":0,"texture":"#0","tintindex":0},"south":{"uv":[13.25,13.75,13.5,14.0],"rotation":0,"texture":"#0","tintindex":0},"north":{"uv":[13.75,12.75,14.0,13.0],"rotation":0,"texture":"#0","tintindex":0},"west":{"uv":[13.75,13.25,14.0,13.5],"rotation":0,"texture":"#0","tintindex":0},"up":{"uv":[14.0,13.75,13.75,13.5],"rotation":0,"texture":"#0","tintindex":0},"down":{"uv":[14.0,13.75,13.75,14.0],"rotation":0,"texture":"#0","tintindex":0}}},{"from":[4.859805,0.06355953,3.4594474],"to":[5.1455193,0.2064166,4.030876],"rotation":{"angle":45.0,"axis":"x","origin":[6.1171975,4.8889837,8.173734]},"faces":{"east":{"uv":[0.25,14.0,0.5,14.25],"rotation":0,"texture":"#0","tintindex":0},"south":{"uv":[0.5,14.0,0.75,14.25],"rotation":0,"texture":"#0","tintindex":0},"north":{"uv":[0.0,14.0,0.25,14.25],"rotation":0,"texture":"#0","tintindex":0},"west":{"uv":[0.75,14.0,1.0,14.25],"rotation":0,"texture":"#0","tintindex":0},"up":{"uv":[14.25,1.25,14.0,1.0],"rotation":0,"texture":"#0","tintindex":0},"down":{"uv":[1.5,14.0,1.25,14.25],"rotation":0,"texture":"#0","tintindex":0}}},{"from":[4.859805,5.920703,4.030876],"to":[5.1455193,6.06356,9.88802],"rotation":{"angle":45.0,"axis":"x","origin":[6.1171975,4.8889837,8.173734]},"faces":{"east":{"uv":[12.25,0.0,14.75,0.25],"rotation":0,"texture":"#0","tintindex":0},"south":{"uv":[1.5,14.0,1.75,14.25],"rotation":0,"texture":"#0","tintindex":0},"north":{"uv":[14.0,1.25,14.25,1.5],"rotation":0,"texture":"#0","tintindex":0},"west":{"uv":[12.25,0.25,14.75,0.5],"rotation":0,"texture":"#0","tintindex":0},"up":{"uv":[12.5,3.0,12.25,0.5],"rotation":0,"texture":"#0","tintindex":0},"down":{"uv":[2.25,12.25,2.0,14.75],"rotation":0,"texture":"#0","tintindex":0}}},{"from":[4.859805,1.7778454,12.316591],"to":[5.1455193,1.9207025,12.745162],"rotation":{"angle":45.0,"axis":"x","origin":[6.1171975,4.8889837,8.173734]},"faces":{"east":{"uv":[14.0,1.75,14.25,2.0],"rotation":0,"texture":"#0","tintindex":0},"south":{"uv":[2.25,14.0,2.5,14.25],"rotation":0,"texture":"#0","tintindex":0},"north":{"uv":[14.0,1.5,14.25,1.75],"rotation":0,"texture":"#0","tintindex":0},"west":{"uv":[2.5,14.0,2.75,14.25],"rotation":0,"texture":"#0","tintindex":0},"up":{"uv":[14.25,2.75,14.0,2.5],"rotation":0,"texture":"#0","tintindex":0},"down":{"uv":[3.25,14.0,3.0,14.25],"rotation":0,"texture":"#0","tintindex":0}}},{"from":[4.859805,3.6349888,12.316591],"to":[5.1455193,3.7778459,12.745162],"rotation":{"angle":45.0,"axis":"x","origin":[6.1171975,4.8889837,8.173734]},"faces":{"east":{"uv":[14.0,3.25,14.25,3.5],"rotation":0,"texture":"#0","tintindex":0},"south":{"uv":[3.5,14.0,3.75,14.25],"rotation":0,"texture":"#0","tintindex":0},"north":{"uv":[3.25,14.0,3.5,14.25],"rotation":0,"texture":"#0","tintindex":0},"west":{"uv":[14.0,3.5,14.25,3.75],"rotation":0,"texture":"#0","tintindex":0},"up":{"uv":[4.0,14.25,3.75,14.0],"rotation":0,"texture":"#0","tintindex":0},"down":{"uv":[14.25,4.25,14.0,4.5],"rotation":0,"texture":"#0","tintindex":0}}},{"from":[4.859805,-0.50786877,9.88802],"to":[5.1455193,0.2064166,10.030876],"rotation":{"angle":45.0,"axis":"x","origin":[6.1171975,4.8889837,8.173734]},"faces":{"east":{"uv":[4.75,14.0,5.0,14.25],"rotation":0,"texture":"#0","tintindex":0},"south":{"uv":[5.0,14.0,5.25,14.25],"rotation":0,"texture":"#0","tintindex":0},"north":{"uv":[14.0,4.5,14.25,4.75],"rotation":0,"texture":"#0","tintindex":0},"west":{"uv":[14.0,5.25,14.25,5.5],"rotation":0,"texture":"#0","tintindex":0},"up":{"uv":[14.25,5.75,14.0,5.5],"rotation":0,"texture":"#0","tintindex":0},"down":{"uv":[6.0,14.0,5.75,14.25],"rotation":0,"texture":"#0","tintindex":0}}},{"from":[4.859805,0.06355953,11.030876],"to":[5.1455193,0.7778454,11.173734],"rotation":{"angle":45.0,"axis":"x","origin":[6.1171975,4.8889837,8.173734]},"faces":{"east":{"uv":[14.0,6.0,14.25,6.25],"rotation":0,"texture":"#0","tintindex":0},"south":{"uv":[6.25,14.0,6.5,14.25],"rotation":0,"texture":"#0","tintindex":0},"north":{"uv":[6.0,14.0,6.25,14.25],"rotation":0,"texture":"#0","tintindex":0},"west":{"uv":[14.0,6.25,14.25,6.5],"rotation":0,"texture":"#0","tintindex":0},"up":{"uv":[6.75,14.25,6.5,14.0],"rotation":0,"texture":"#0","tintindex":0},"down":{"uv":[14.25,6.5,14.0,6.75],"rotation":0,"texture":"#0","tintindex":0}}},{"from":[4.859805,0.6349883,12.173734],"to":[5.1455193,1.9207025,12.316591],"rotation":{"angle":45.0,"axis":"x","origin":[6.1171975,4.8889837,8.173734]},"faces":{"east":{"uv":[13.5,6.75,13.75,7.25],"rotation":0,"texture":"#0","tintindex":0},"south":{"uv":[8.0,13.5,8.25,14.0],"rotation":0,"texture":"#0","tintindex":0},"north":{"uv":[13.5,6.25,13.75,6.75],"rotation":0,"texture":"#0","tintindex":0},"west":{"uv":[13.5,8.0,13.75,8.5],"rotation":0,"texture":"#0","tintindex":0},"up":{"uv":[7.0,14.25,6.75,14.0],"rotation":0,"texture":"#0","tintindex":0},"down":{"uv":[14.25,6.75,14.0,7.0],"rotation":0,"texture":"#0","tintindex":0}}},{"from":[4.859805,3.4921312,12.173734],"to":[5.1455193,4.920703,12.316591],"rotation":{"angle":45.0,"axis":"x","origin":[6.1171975,4.8889837,8.173734]},"faces":{"east":{"uv":[11.0,1.0,11.25,1.75],"rotation":0,"texture":"#0","tintindex":0},"south":{"uv":[3.75,13.0,4.0,13.75],"rotation":0,"texture":"#0","tintindex":0},"north":{"uv":[4.0,8.5,4.25,9.25],"rotation":0,"texture":"#0","tintindex":0},"west":{"uv":[11.0,13.0,11.25,13.75],"rotation":0,"texture":"#0","tintindex":0},"up":{"uv":[7.25,14.25,7.0,14.0],"rotation":0,"texture":"#0","tintindex":0},"down":{"uv":[14.25,7.0,14.0,7.25],"rotation":0,"texture":"#0","tintindex":0}}},{"from":[4.859805,4.777846,11.030876],"to":[5.1455193,5.3492746,11.173734],"rotation":{"angle":45.0,"axis":"x","origin":[6.1171975,4.8889837,8.173734]},"faces":{"east":{"uv":[14.0,7.25,14.25,7.5],"rotation":0,"texture":"#0","tintindex":0},"south":{"uv":[7.5,14.0,7.75,14.25],"rotation":0,"texture":"#0","tintindex":0},"north":{"uv":[7.25,14.0,7.5,14.25],"rotation":0,"texture":"#0","tintindex":0},"west":{"uv":[7.75,14.0,8.0,14.25],"rotation":0,"texture":"#0","tintindex":0},"up":{"uv":[8.25,14.25,8.0,14.0],"rotation":0,"texture":"#0","tintindex":0},"down":{"uv":[14.25,8.0,14.0,8.25],"rotation":0,"texture":"#0","tintindex":0}}},{"from":[4.859805,5.492131,9.88802],"to":[5.1455193,6.06356,10.030876],"rotation":{"angle":45.0,"axis":"x","origin":[6.1171975,4.8889837,8.173734]},"faces":{"east":{"uv":[14.0,8.25,14.25,8.5],"rotation":0,"texture":"#0","tintindex":0},"south":{"uv":[8.5,14.0,8.75,14.25],"rotation":0,"texture":"#0","tintindex":0},"north":{"uv":[8.25,14.0,8.5,14.25],"rotation":0,"texture":"#0","tintindex":0},"west":{"uv":[14.0,8.5,14.25,8.75],"rotation":0,"texture":"#0","tintindex":0},"up":{"uv":[9.0,14.25,8.75,14.0],"rotation":0,"texture":"#0","tintindex":0},"down":{"uv":[14.25,8.75,14.0,9.0],"rotation":0,"texture":"#0","tintindex":0}}},{"from":[4.859805,5.3492746,4.030876],"to":[5.1455193,5.920703,4.173733],"rotation":{"angle":45.0,"axis":"x","origin":[6.1171975,4.8889837,8.173734]},"faces":{"east":{"uv":[14.0,9.0,14.25,9.25],"rotation":0,"texture":"#0","tintindex":0},"south":{"uv":[9.25,14.0,9.5,14.25],"rotation":0,"texture":"#0","tintindex":0},"north":{"uv":[9.0,14.0,9.25,14.25],"rotation":0,"texture":"#0","tintindex":0},"west":{"uv":[14.0,9.25,14.25,9.5],"rotation":0,"texture":"#0","tintindex":0},"up":{"uv":[9.75,14.25,9.5,14.0],"rotation":0,"texture":"#0","tintindex":0},"down":{"uv":[14.25,9.5,14.0,9.75],"rotation":0,"texture":"#0","tintindex":0}}},{"from":[4.859805,-0.36501217,4.030876],"to":[5.1455193,0.2064166,4.173733],"rotation":{"angle":45.0,"axis":"x","origin":[6.1171975,4.8889837,8.173734]},"faces":{"east":{"uv":[14.0,9.75,14.25,10.0],"rotation":0,"texture":"#0","tintindex":0},"south":{"uv":[10.0,14.0,10.25,14.25],"rotation":0,"texture":"#0","tintindex":0},"north":{"uv":[9.75,14.0,10.0,14.25],"rotation":0,"texture":"#0","tintindex":0},"west":{"uv":[14.0,10.0,14.25,10.25],"rotation":0,"texture":"#0","tintindex":0},"up":{"uv":[10.5,14.25,10.25,14.0],"rotation":0,"texture":"#0","tintindex":0},"down":{"uv":[14.25,10.25,14.0,10.5],"rotation":0,"texture":"#0","tintindex":0}}},{"from":[4.859805,0.2064166,3.4594474],"to":[5.1455193,5.3492746,3.6023045],"rotation":{"angle":45.0,"axis":"x","origin":[6.1171975,4.8889837,8.173734]},"faces":{"east":{"uv":[4.25,12.25,4.5,14.5],"rotation":0,"texture":"#0","tintindex":0},"south":{"uv":[4.5,12.25,4.75,14.5],"rotation":0,"texture":"#0","tintindex":0},"north":{"uv":[4.0,12.25,4.25,14.5],"rotation":0,"texture":"#0","tintindex":0},"west":{"uv":[12.25,4.5,12.5,6.75],"rotation":0,"texture":"#0","tintindex":0},"up":{"uv":[10.75,14.25,10.5,14.0],"rotation":0,"texture":"#0","tintindex":0},"down":{"uv":[14.25,10.5,14.0,10.75],"rotation":0,"texture":"#0","tintindex":0}}},{"from":[4.859805,1.7778454,12.745162],"to":[5.1455193,3.7778459,12.88802],"rotation":{"angle":45.0,"axis":"x","origin":[6.1171975,4.8889837,8.173734]},"faces":{"east":{"uv":[12.75,5.5,13.0,6.5],"rotation":0,"texture":"#0","tintindex":0},"south":{"uv":[12.75,6.5,13.0,7.5],"rotation":0,"texture":"#0","tintindex":0},"north":{"uv":[7.0,9.75,7.25,10.75],"rotation":0,"texture":"#0","tintindex":0},"west":{"uv":[12.75,8.0,13.0,9.0],"rotation":0,"texture":"#0","tintindex":0},"up":{"uv":[11.0,14.25,10.75,14.0],"rotation":0,"texture":"#0","tintindex":0},"down":{"uv":[14.25,10.75,14.0,11.0],"rotation":0,"texture":"#0","tintindex":0}}},{"from":[4.716948,0.2064166,9.88802],"to":[5.288377,2.9207025,11.030876],"rotation":{"angle":45.0,"axis":"x","origin":[6.1171975,4.8889837,8.173734]},"faces":{"east":{"uv":[2.25,12.25,2.75,13.5],"rotation":0,"texture":"#0","tintindex":0},"south":{"uv":[6.75,12.5,7.0,13.75],"rotation":0,"texture":"#0","tintindex":0},"north":{"uv":[6.5,12.5,6.75,13.75],"rotation":0,"texture":"#0","tintindex":0},"west":{"uv":[2.75,12.25,3.25,13.5],"rotation":0,"texture":"#0","tintindex":0},"up":{"uv":[8.5,14.0,8.25,13.5],"rotation":0,"texture":"#0","tintindex":0},"down":{"uv":[8.75,13.5,8.5,14.0],"rotation":0,"texture":"#0","tintindex":0}}},{"from":[4.716948,3.0635595,9.88802],"to":[5.288377,5.3492746,11.030876],"rotation":{"angle":45.0,"axis":"x","origin":[6.1171975,4.8889837,8.173734]},"faces":{"east":{"uv":[12.5,4.5,13.0,5.5],"rotation":0,"texture":"#0","tintindex":0},"south":{"uv":[12.75,10.0,13.0,11.0],"rotation":0,"texture":"#0","tintindex":0},"north":{"uv":[12.75,9.0,13.0,10.0],"rotation":0,"texture":"#0","tintindex":0},"west":{"uv":[4.75,12.5,5.25,13.5],"rotation":0,"texture":"#0","tintindex":0},"up":{"uv":[13.75,9.0,13.5,8.5],"rotation":0,"texture":"#0","tintindex":0},"down":{"uv":[9.0,13.5,8.75,14.0],"rotation":0,"texture":"#0","tintindex":0}}},{"from":[4.716948,0.7778454,11.030876],"to":[5.288377,4.492131,12.173734],"rotation":{"angle":45.0,"axis":"x","origin":[6.1171975,4.8889837,8.173734]},"faces":{"east":{"uv":[10.75,5.5,11.25,7.25],"rotation":0,"texture":"#0","tintindex":0},"south":{"uv":[5.5,12.5,5.75,14.25],"rotation":0,"texture":"#0","tintindex":0},"north":{"uv":[5.25,12.5,5.5,14.25],"rotation":0,"texture":"#0","tintindex":0},"west":{"uv":[6.0,10.75,6.5,12.5],"rotation":0,"texture":"#0","tintindex":0},"up":{"uv":[9.25,14.0,9.0,13.5],"rotation":0,"texture":"#0","tintindex":0},"down":{"uv":[13.75,9.0,13.5,9.5],"rotation":0,"texture":"#0","tintindex":0}}},{"from":[4.716948,4.634989,11.030876],"to":[5.288377,4.777846,12.173734],"rotation":{"angle":45.0,"axis":"x","origin":[6.1171975,4.8889837,8.173734]},"faces":{"east":{"uv":[13.5,7.25,14.0,7.5],"rotation":0,"texture":"#0","tintindex":0},"south":{"uv":[14.0,11.0,14.25,11.25],"rotation":0,"texture":"#0","tintindex":0},"north":{"uv":[11.0,14.0,11.25,14.25],"rotation":0,"texture":"#0","tintindex":0},"west":{"uv":[9.25,13.5,9.75,13.75],"rotation":0,"texture":"#0","tintindex":0},"up":{"uv":[10.0,14.0,9.75,13.5],"rotation":0,"texture":"#0","tintindex":0},"down":{"uv":[10.5,13.5,10.25,14.0],"rotation":0,"texture":"#0","tintindex":0}}},{"from":[4.716948,2.6349883,12.173734],"to":[5.288377,3.6349888,12.745162],"rotation":{"angle":45.0,"axis":"x","origin":[6.1171975,4.8889837,8.173734]},"faces":{"east":{"uv":[10.75,13.5,11.0,14.0],"rotation":0,"texture":"#0","tintindex":0},"south":{"uv":[13.5,11.75,13.75,12.25],"rotation":0,"texture":"#0","tintindex":0},"north":{"uv":[10.5,13.5,10.75,14.0],"rotation":0,"texture":"#0","tintindex":0},"west":{"uv":[13.5,12.5,13.75,13.0],"rotation":0,"texture":"#0","tintindex":0},"up":{"uv":[11.5,14.25,11.25,14.0],"rotation":0,"texture":"#0","tintindex":0},"down":{"uv":[14.25,11.25,14.0,11.5],"rotation":0,"texture":"#0","tintindex":0}}},{"from":[4.716948,1.9207025,12.173734],"to":[5.288377,2.4921312,12.745162],"rotation":{"angle":45.0,"axis":"x","origin":[6.1171975,4.8889837,8.173734]},"faces":{"east":{"uv":[14.0,11.5,14.25,11.75],"rotation":0,"texture":"#0","tintindex":0},"south":{"uv":[11.75,14.0,12.0,14.25],"rotation":0,"texture":"#0","tintindex":0},"north":{"uv":[11.5,14.0,11.75,14.25],"rotation":0,"texture":"#0","tintindex":0},"west":{"uv":[14.0,11.75,14.25,12.0],"rotation":0,"texture":"#0","tintindex":0},"up":{"uv":[12.25,14.25,12.0,14.0],"rotation":0,"texture":"#0","tintindex":0},"down":{"uv":[14.25,12.0,14.0,12.25],"rotation":0,"texture":"#0","tintindex":0}}},{"from":[4.716948,0.2064166,3.6023045],"to":[5.288377,3.0635595,4.173733],"rotation":{"angle":45.0,"axis":"x","origin":[6.1171975,4.8889837,8.173734]},"faces":{"east":{"uv":[7.25,12.5,7.5,13.75],"rotation":0,"texture":"#0","tintindex":0},"south":{"uv":[7.5,12.5,7.75,13.75],"rotation":0,"texture":"#0","tintindex":0},"north":{"uv":[7.0,12.5,7.25,13.75],"rotation":0,"texture":"#0","tintindex":0},"west":{"uv":[7.75,12.5,8.0,13.75],"rotation":0,"texture":"#0","tintindex":0},"up":{"uv":[12.5,14.25,12.25,14.0],"rotation":0,"texture":"#0","tintindex":0},"down":{"uv":[14.25,12.25,14.0,12.5],"rotation":0,"texture":"#0","tintindex":0}}},{"from":[4.716948,3.206417,3.6023045],"to":[5.288377,5.3492746,4.173733],"rotation":{"angle":45.0,"axis":"x","origin":[6.1171975,4.8889837,8.173734]},"faces":{"east":{"uv":[11.25,12.75,11.5,13.75],"rotation":0,"texture":"#0","tintindex":0},"south":{"uv":[11.5,12.75,11.75,13.75],"rotation":0,"texture":"#0","tintindex":0},"north":{"uv":[12.75,11.0,13.0,12.0],"rotation":0,"texture":"#0","tintindex":0},"west":{"uv":[12.75,12.0,13.0,13.0],"rotation":0,"texture":"#0","tintindex":0},"up":{"uv":[12.75,14.25,12.5,14.0],"rotation":0,"texture":"#0","tintindex":0},"down":{"uv":[14.25,12.5,14.0,12.75],"rotation":0,"texture":"#0","tintindex":0}}}],"textures":{"0":"modelengine:entity/esqueleto_guerrero"},"display":{"head":{"translation":[0.0,-6.4,0.0],"scale":[4.0,4.0,4.0]}}}