{"elements":[{"from":[7.457143,7.0,7.5142856],"to":[8.542857,8.142858,8.657143],"rotation":{"angle":0.0,"axis":"y","origin":[8.0,10.624655,5.5142856]},"faces":{"east":{"uv":[13.0,3.5,13.5,4.0],"rotation":0,"texture":"#0","tintindex":0},"south":{"uv":[13.0,4.0,13.5,4.5],"rotation":0,"texture":"#0","tintindex":0},"north":{"uv":[3.25,13.0,3.75,13.5],"rotation":0,"texture":"#0","tintindex":0},"west":{"uv":[13.0,4.5,13.5,5.0],"rotation":0,"texture":"#0","tintindex":0},"up":{"uv":[13.5,5.5,13.0,5.0],"rotation":0,"texture":"#0","tintindex":0},"down":{"uv":[13.5,5.5,13.0,6.0],"rotation":0,"texture":"#0","tintindex":0}}},{"from":[7.457143,7.0,6.942857],"to":[8.542857,7.5714283,7.5142856],"rotation":{"angle":0.0,"axis":"y","origin":[8.0,10.624655,5.5142856]},"faces":{"east":{"uv":[6.25,14.25,6.5,14.5],"rotation":0,"texture":"#0","tintindex":0},"south":{"uv":[13.75,3.0,14.25,3.25],"rotation":0,"texture":"#0","tintindex":0},"north":{"uv":[13.75,2.75,14.25,3.0],"rotation":0,"texture":"#0","tintindex":0},"west":{"uv":[14.25,6.25,14.5,6.5],"rotation":0,"texture":"#0","tintindex":0},"up":{"uv":[14.25,4.0,13.75,3.75],"rotation":0,"texture":"#0","tintindex":0},"down":{"uv":[14.25,4.0,13.75,4.25],"rotation":0,"texture":"#0","tintindex":0}}}],"textures":{"0":"modelengine:entity/esqueleto_guerrero"},"display":{"head":{"translation":[0.0,-6.4,0.0],"scale":[4.0,4.0,4.0]}}}