{"elements":[{"from":[7.457143,7.0,6.885714],"to":[8.542857,7.5714283,7.457143],"rotation":{"angle":0.0,"axis":"y","origin":[8.0,10.624655,5.457143]},"faces":{"east":{"uv":[6.5,14.25,6.75,14.5],"rotation":0,"texture":"#0","tintindex":0},"south":{"uv":[13.75,5.0,14.25,5.25],"rotation":0,"texture":"#0","tintindex":0},"north":{"uv":[13.75,4.75,14.25,5.0],"rotation":0,"texture":"#0","tintindex":0},"west":{"uv":[14.25,6.5,14.5,6.75],"rotation":0,"texture":"#0","tintindex":0},"up":{"uv":[6.25,14.0,5.75,13.75],"rotation":0,"texture":"#0","tintindex":0},"down":{"uv":[14.25,5.75,13.75,6.0],"rotation":0,"texture":"#0","tintindex":0}}},{"from":[7.457143,7.0,7.457143],"to":[8.542857,8.142858,8.6],"rotation":{"angle":0.0,"axis":"y","origin":[8.0,10.624655,5.457143]},"faces":{"east":{"uv":[8.5,13.0,9.0,13.5],"rotation":0,"texture":"#0","tintindex":0},"south":{"uv":[13.0,8.5,13.5,9.0],"rotation":0,"texture":"#0","tintindex":0},"north":{"uv":[13.0,8.0,13.5,8.5],"rotation":0,"texture":"#0","tintindex":0},"west":{"uv":[9.0,13.0,9.5,13.5],"rotation":0,"texture":"#0","tintindex":0},"up":{"uv":[13.5,9.5,13.0,9.0],"rotation":0,"texture":"#0","tintindex":0},"down":{"uv":[10.0,13.0,9.5,13.5],"rotation":0,"texture":"#0","tintindex":0}}}],"textures":{"0":"modelengine:entity/esqueleto_guerrero"},"display":{"head":{"translation":[0.0,-6.4,0.0],"scale":[4.0,4.0,4.0]}}}