{"elements":[{"from":[8.142858,4.0,7.428571],"to":[9.285714,8.0,8.571428],"rotation":{"angle":22.5,"axis":"z","origin":[8.142858,7.428571,8.0]},"faces":{"east":{"uv":[7.0,10.75,7.5,12.5],"rotation":0,"texture":"#0","tintindex":0},"south":{"uv":[10.75,7.25,11.25,9.0],"rotation":0,"texture":"#0","tintindex":0},"north":{"uv":[6.5,10.75,7.0,12.5],"rotation":0,"texture":"#0","tintindex":0},"west":{"uv":[7.5,10.75,8.0,12.5],"rotation":0,"texture":"#0","tintindex":0},"up":{"uv":[0.5,13.5,0.0,13.0],"rotation":0,"texture":"#0","tintindex":0},"down":{"uv":[1.0,13.0,0.5,13.5],"rotation":0,"texture":"#0","tintindex":0}}},{"from":[9.543107,1.8888617,7.142857],"to":[10.114535,2.4602904,8.857143],"rotation":{"angle":45.0,"axis":"x","origin":[9.857143,4.8571424,8.0]},"faces":{"east":{"uv":[13.0,11.0,13.75,11.25],"rotation":0,"texture":"#0","tintindex":0},"south":{"uv":[14.0,12.75,14.25,13.0],"rotation":0,"texture":"#0","tintindex":0},"north":{"uv":[12.75,14.0,13.0,14.25],"rotation":0,"texture":"#0","tintindex":0},"west":{"uv":[13.0,11.25,13.75,11.5],"rotation":0,"texture":"#0","tintindex":0},"up":{"uv":[13.25,12.25,13.0,11.5],"rotation":0,"texture":"#0","tintindex":0},"down":{"uv":[12.25,13.0,12.0,13.75],"rotation":0,"texture":"#0","tintindex":0}}},{"from":[9.457393,1.8031473,8.857143],"to":[10.20025,2.5460043,9.142858],"rotation":{"angle":45.0,"axis":"x","origin":[9.857143,4.8571424,8.0]},"faces":{"east":{"uv":[14.0,13.0,14.25,13.25],"rotation":0,"texture":"#0","tintindex":0},"south":{"uv":[13.25,14.0,13.5,14.25],"rotation":0,"texture":"#0","tintindex":0},"north":{"uv":[13.0,14.0,13.25,14.25],"rotation":0,"texture":"#0","tintindex":0},"west":{"uv":[14.0,13.25,14.25,13.5],"rotation":0,"texture":"#0","tintindex":0},"up":{"uv":[13.75,14.25,13.5,14.0],"rotation":0,"texture":"#0","tintindex":0},"down":{"uv":[14.25,13.5,14.0,13.75],"rotation":0,"texture":"#0","tintindex":0}}},{"from":[9.685964,1.7460046,-0.8571434],"to":[9.971678,2.6031475,6.5714283],"rotation":{"angle":45.0,"axis":"x","origin":[9.857143,4.8571424,8.0]},"faces":{"east":{"uv":[8.75,1.75,12.0,2.25],"rotation":0,"texture":"#0","tintindex":0},"south":{"uv":[13.5,13.5,13.75,14.0],"rotation":0,"texture":"#0","tintindex":0},"north":{"uv":[13.5,13.0,13.75,13.5],"rotation":0,"texture":"#0","tintindex":0},"west":{"uv":[4.0,9.25,7.25,9.75],"rotation":0,"texture":"#0","tintindex":0},"up":{"uv":[10.25,14.0,10.0,10.75],"rotation":0,"texture":"#0","tintindex":0},"down":{"uv":[1.25,11.25,1.0,14.5],"rotation":0,"texture":"#0","tintindex":0}}},{"from":[9.971678,2.0317187,5.142857],"to":[10.028821,2.3174334,6.5714283],"rotation":{"angle":45.0,"axis":"x","origin":[9.857143,4.8571424,8.0]},"faces":{"east":{"uv":[12.25,13.0,13.0,13.25],"rotation":0,"texture":"#0","tintindex":0},"south":{"uv":[14.0,13.75,14.25,14.0],"rotation":0,"texture":"#0","tintindex":0},"north":{"uv":[13.75,14.0,14.0,14.25],"rotation":0,"texture":"#0","tintindex":0},"west":{"uv":[13.0,12.25,13.75,12.5],"rotation":0,"texture":"#0","tintindex":0},"up":{"uv":[13.25,13.25,13.0,12.5],"rotation":0,"texture":"#0","tintindex":0},"down":{"uv":[1.5,13.25,1.25,14.0],"rotation":0,"texture":"#0","tintindex":0}}},{"from":[9.971678,1.7460046,6.285714],"to":[10.028821,2.0317187,6.5714283],"rotation":{"angle":45.0,"axis":"x","origin":[9.857143,4.8571424,8.0]},"faces":{"east":{"uv":[0.0,14.25,0.25,14.5],"rotation":0,"texture":"#0","tintindex":0},"south":{"uv":[0.25,14.25,0.5,14.5],"rotation":0,"texture":"#0","tintindex":0},"north":{"uv":[14.0,14.0,14.25,14.25],"rotation":0,"texture":"#0","tintindex":0},"west":{"uv":[0.5,14.25,0.75,14.5],"rotation":0,"texture":"#0","tintindex":0},"up":{"uv":[14.5,0.75,14.25,0.5],"rotation":0,"texture":"#0","tintindex":0},"down":{"uv":[1.0,14.25,0.75,14.5],"rotation":0,"texture":"#0","tintindex":0}}},{"from":[9.628821,1.7460046,6.285714],"to":[9.685964,2.0317187,6.5714283],"rotation":{"angle":45.0,"axis":"x","origin":[9.857143,4.8571424,8.0]},"faces":{"east":{"uv":[14.25,1.0,14.5,1.25],"rotation":0,"texture":"#0","tintindex":0},"south":{"uv":[1.25,14.25,1.5,14.5],"rotation":0,"texture":"#0","tintindex":0},"north":{"uv":[14.25,0.75,14.5,1.0],"rotation":0,"texture":"#0","tintindex":0},"west":{"uv":[14.25,1.25,14.5,1.5],"rotation":0,"texture":"#0","tintindex":0},"up":{"uv":[1.75,14.5,1.5,14.25],"rotation":0,"texture":"#0","tintindex":0},"down":{"uv":[14.5,1.5,14.25,1.75],"rotation":0,"texture":"#0","tintindex":0}}},{"from":[9.628821,2.3174334,6.285714],"to":[9.685964,2.6031475,6.5714283],"rotation":{"angle":45.0,"axis":"x","origin":[9.857143,4.8571424,8.0]},"faces":{"east":{"uv":[14.25,1.75,14.5,2.0],"rotation":0,"texture":"#0","tintindex":0},"south":{"uv":[14.25,2.0,14.5,2.25],"rotation":0,"texture":"#0","tintindex":0},"north":{"uv":[1.75,14.25,2.0,14.5],"rotation":0,"texture":"#0","tintindex":0},"west":{"uv":[2.25,14.25,2.5,14.5],"rotation":0,"texture":"#0","tintindex":0},"up":{"uv":[14.5,2.5,14.25,2.25],"rotation":0,"texture":"#0","tintindex":0},"down":{"uv":[2.75,14.25,2.5,14.5],"rotation":0,"texture":"#0","tintindex":0}}},{"from":[9.628821,1.6888614,6.285714],"to":[10.028821,1.7460046,6.5714283],"rotation":{"angle":45.0,"axis":"x","origin":[9.857143,4.8571424,8.0]},"faces":{"east":{"uv":[2.75,14.25,3.0,14.5],"rotation":0,"texture":"#0","tintindex":0},"south":{"uv":[14.25,2.75,14.5,3.0],"rotation":0,"texture":"#0","tintindex":0},"north":{"uv":[14.25,2.5,14.5,2.75],"rotation":0,"texture":"#0","tintindex":0},"west":{"uv":[3.0,14.25,3.25,14.5],"rotation":0,"texture":"#0","tintindex":0},"up":{"uv":[14.5,3.25,14.25,3.0],"rotation":0,"texture":"#0","tintindex":0},"down":{"uv":[3.5,14.25,3.25,14.5],"rotation":0,"texture":"#0","tintindex":0}}},{"from":[9.628821,2.6031475,6.285714],"to":[10.028821,2.6602902,6.5714283],"rotation":{"angle":45.0,"axis":"x","origin":[9.857143,4.8571424,8.0]},"faces":{"east":{"uv":[3.5,14.25,3.75,14.5],"rotation":0,"texture":"#0","tintindex":0},"south":{"uv":[14.25,3.5,14.5,3.75],"rotation":0,"texture":"#0","tintindex":0},"north":{"uv":[14.25,3.25,14.5,3.5],"rotation":0,"texture":"#0","tintindex":0},"west":{"uv":[3.75,14.25,4.0,14.5],"rotation":0,"texture":"#0","tintindex":0},"up":{"uv":[14.5,4.0,14.25,3.75],"rotation":0,"texture":"#0","tintindex":0},"down":{"uv":[14.5,4.0,14.25,4.25],"rotation":0,"texture":"#0","tintindex":0}}},{"from":[9.971678,2.3174334,6.285714],"to":[10.028821,2.6031475,6.5714283],"rotation":{"angle":45.0,"axis":"x","origin":[9.857143,4.8571424,8.0]},"faces":{"east":{"uv":[14.25,4.5,14.5,4.75],"rotation":0,"texture":"#0","tintindex":0},"south":{"uv":[4.75,14.25,5.0,14.5],"rotation":0,"texture":"#0","tintindex":0},"north":{"uv":[14.25,4.25,14.5,4.5],"rotation":0,"texture":"#0","tintindex":0},"west":{"uv":[14.25,4.75,14.5,5.0],"rotation":0,"texture":"#0","tintindex":0},"up":{"uv":[5.25,14.5,5.0,14.25],"rotation":0,"texture":"#0","tintindex":0},"down":{"uv":[14.5,5.0,14.25,5.25],"rotation":0,"texture":"#0","tintindex":0}}},{"from":[9.628821,2.0317187,5.142857],"to":[9.685964,2.3174334,6.5714283],"rotation":{"angle":45.0,"axis":"x","origin":[9.857143,4.8571424,8.0]},"faces":{"east":{"uv":[10.25,13.25,11.0,13.5],"rotation":0,"texture":"#0","tintindex":0},"south":{"uv":[14.25,5.25,14.5,5.5],"rotation":0,"texture":"#0","tintindex":0},"north":{"uv":[5.25,14.25,5.5,14.5],"rotation":0,"texture":"#0","tintindex":0},"west":{"uv":[13.25,11.5,14.0,11.75],"rotation":0,"texture":"#0","tintindex":0},"up":{"uv":[1.75,14.0,1.5,13.25],"rotation":0,"texture":"#0","tintindex":0},"down":{"uv":[12.5,13.25,12.25,14.0],"rotation":0,"texture":"#0","tintindex":0}}},{"from":[9.543107,1.3174334,6.5714283],"to":[10.114535,3.0317192,7.142857],"rotation":{"angle":45.0,"axis":"x","origin":[9.857143,4.8571424,8.0]},"faces":{"east":{"uv":[13.25,12.5,13.5,13.25],"rotation":0,"texture":"#0","tintindex":0},"south":{"uv":[12.75,13.25,13.0,14.0],"rotation":0,"texture":"#0","tintindex":0},"north":{"uv":[12.5,13.25,12.75,14.0],"rotation":0,"texture":"#0","tintindex":0},"west":{"uv":[13.0,13.25,13.25,14.0],"rotation":0,"texture":"#0","tintindex":0},"up":{"uv":[5.75,14.5,5.5,14.25],"rotation":0,"texture":"#0","tintindex":0},"down":{"uv":[14.5,5.5,14.25,5.75],"rotation":0,"texture":"#0","tintindex":0}}},{"from":[9.543107,3.0317192,6.428571],"to":[10.114535,3.3174334,7.285714],"rotation":{"angle":45.0,"axis":"x","origin":[9.857143,4.8571424,8.0]},"faces":{"east":{"uv":[13.75,0.5,14.25,0.75],"rotation":0,"texture":"#0","tintindex":0},"south":{"uv":[14.25,5.75,14.5,6.0],"rotation":0,"texture":"#0","tintindex":0},"north":{"uv":[5.75,14.25,6.0,14.5],"rotation":0,"texture":"#0","tintindex":0},"west":{"uv":[13.75,0.75,14.25,1.0],"rotation":0,"texture":"#0","tintindex":0},"up":{"uv":[14.0,1.5,13.75,1.0],"rotation":0,"texture":"#0","tintindex":0},"down":{"uv":[14.0,1.5,13.75,2.0],"rotation":0,"texture":"#0","tintindex":0}}},{"from":[9.543107,1.0317187,6.428571],"to":[10.114535,1.3174334,7.285714],"rotation":{"angle":45.0,"axis":"x","origin":[9.857143,4.8571424,8.0]},"faces":{"east":{"uv":[13.75,2.0,14.25,2.25],"rotation":0,"texture":"#0","tintindex":0},"south":{"uv":[14.25,6.0,14.5,6.25],"rotation":0,"texture":"#0","tintindex":0},"north":{"uv":[6.0,14.25,6.25,14.5],"rotation":0,"texture":"#0","tintindex":0},"west":{"uv":[13.75,2.25,14.25,2.5],"rotation":0,"texture":"#0","tintindex":0},"up":{"uv":[2.0,14.25,1.75,13.75],"rotation":0,"texture":"#0","tintindex":0},"down":{"uv":[3.0,13.75,2.75,14.25],"rotation":0,"texture":"#0","tintindex":0}}},{"from":[9.271678,1.6031475,7.428571],"to":[10.385964,5.0317187,8.571428],"rotation":{"angle":45.0,"axis":"x","origin":[9.857143,4.8571424,8.0]},"faces":{"east":{"uv":[11.25,11.25,11.75,12.75],"rotation":0,"texture":"#0","tintindex":0},"south":{"uv":[10.25,11.5,10.75,13.0],"rotation":0,"texture":"#0","tintindex":0},"north":{"uv":[11.25,9.75,11.75,11.25],"rotation":0,"texture":"#0","tintindex":0},"west":{"uv":[10.75,11.5,11.25,13.0],"rotation":0,"texture":"#0","tintindex":0},"up":{"uv":[13.5,1.0,13.0,0.5],"rotation":0,"texture":"#0","tintindex":0},"down":{"uv":[13.5,1.0,13.0,1.5],"rotation":0,"texture":"#0","tintindex":0}}}],"textures":{"0":"modelengine:entity/esqueleto_guerrero"},"display":{"head":{"translation":[0.0,-6.4,0.0],"scale":[4.0,4.0,4.0]}}}