{"elements":[{"from":[7.4428573,3.8039165,7.428571],"to":[8.557143,7.803917,8.571428],"rotation":{"angle":-45.0,"axis":"x","origin":[8.0,8.0,8.0]},"faces":{"east":{"uv":[0.0,11.25,0.5,13.0],"rotation":0,"texture":"#0","tintindex":0},"south":{"uv":[11.25,0.0,11.75,1.75],"rotation":0,"texture":"#0","tintindex":0},"north":{"uv":[10.75,9.75,11.25,11.5],"rotation":0,"texture":"#0","tintindex":0},"west":{"uv":[0.5,11.25,1.0,13.0],"rotation":0,"texture":"#0","tintindex":0},"up":{"uv":[13.5,7.5,13.0,7.0],"rotation":0,"texture":"#0","tintindex":0},"down":{"uv":[8.5,13.0,8.0,13.5],"rotation":0,"texture":"#0","tintindex":0}}}],"textures":{"0":"modelengine:entity/esqueleto_guerrero"},"display":{"head":{"translation":[0.0,-6.4,0.0],"scale":[4.0,4.0,4.0]}}}