{"elements":[{"from":[7.3714285,4.142857,7.3714285],"to":[8.514286,8.571428,8.514286],"rotation":{"angle":45.0,"axis":"x","origin":[7.9428573,8.0,7.9428573]},"faces":{"east":{"uv":[4.5,10.25,5.0,12.25],"rotation":0,"texture":"#0","tintindex":0},"south":{"uv":[10.25,5.25,10.75,7.25],"rotation":0,"texture":"#0","tintindex":0},"north":{"uv":[4.0,10.25,4.5,12.25],"rotation":0,"texture":"#0","tintindex":0},"west":{"uv":[10.25,7.25,10.75,9.25],"rotation":0,"texture":"#0","tintindex":0},"up":{"uv":[13.5,6.5,13.0,6.0],"rotation":0,"texture":"#0","tintindex":0},"down":{"uv":[13.5,6.5,13.0,7.0],"rotation":0,"texture":"#0","tintindex":0}}}],"textures":{"0":"modelengine:entity/esqueleto_guerrero"},"display":{"head":{"translation":[0.0,-6.4,0.0],"scale":[4.0,4.0,4.0]}}}