{"elements":[{"from":[-5.714287,7.428571,1.6071424],"to":[21.714287,30.857143,14.178572],"rotation":{"angle":0.0,"axis":"y","origin":[8.0,-6.285715,7.892857]},"faces":{"east":{"uv":[0.0,5.125,1.375,7.6875],"rotation":0,"texture":"#0","tintindex":0},"south":{"uv":[0.0,2.5625,3.0,5.125],"rotation":0,"texture":"#0","tintindex":0},"north":{"uv":[0.0,0.0,3.0,2.5625],"rotation":0,"texture":"#0","tintindex":0},"west":{"uv":[1.375,5.125,2.75,7.6875],"rotation":0,"texture":"#0","tintindex":0},"up":{"uv":[6.0,4.375,3.0,3.0],"rotation":0,"texture":"#0","tintindex":0},"down":{"uv":[6.0,4.375,3.0,5.75],"rotation":0,"texture":"#0","tintindex":0}}},{"from":[-6.285715,6.8571424,1.0357141],"to":[22.285715,11.428572,14.75],"rotation":{"angle":0.0,"axis":"y","origin":[8.0,-6.285715,7.892857]},"faces":{"east":{"uv":[8.125,2.5,9.625,3.0],"rotation":0,"texture":"#0","tintindex":0},"south":{"uv":[7.75,7.875,10.875,8.375],"rotation":0,"texture":"#0","tintindex":0},"north":{"uv":[7.75,7.375,10.875,7.875],"rotation":0,"texture":"#0","tintindex":0},"west":{"uv":[11.25,2.5,12.75,3.0],"rotation":0,"texture":"#0","tintindex":0},"up":{"uv":[6.125,1.5,3.0,0.0],"rotation":0,"texture":"#0","tintindex":0},"down":{"uv":[6.125,1.5,3.0,3.0],"rotation":0,"texture":"#0","tintindex":0}}},{"from":[-3.4285717,8.0,0.46428537],"to":[1.1428566,10.285714,15.321428],"rotation":{"angle":0.0,"axis":"y","origin":[8.0,-6.285715,7.892857]},"faces":{"east":{"uv":[12.125,4.875,13.75,5.125],"rotation":0,"texture":"#0","tintindex":0},"south":{"uv":[13.25,5.375,13.75,5.625],"rotation":0,"texture":"#0","tintindex":0},"north":{"uv":[2.25,11.3125,2.75,11.5625],"rotation":0,"texture":"#0","tintindex":0},"west":{"uv":[12.125,5.125,13.75,5.375],"rotation":0,"texture":"#0","tintindex":0},"up":{"uv":[11.625,9.875,11.125,8.25],"rotation":0,"texture":"#0","tintindex":0},"down":{"uv":[10.75,11.1875,10.25,12.8125],"rotation":0,"texture":"#0","tintindex":0}}},{"from":[14.857143,8.0,0.46428537],"to":[19.428572,10.285714,15.321428],"rotation":{"angle":0.0,"axis":"y","origin":[8.0,-6.285715,7.892857]},"faces":{"east":{"uv":[0.5,12.1875,2.125,12.4375],"rotation":0,"texture":"#0","tintindex":0},"south":{"uv":[13.25,5.875,13.75,6.125],"rotation":0,"texture":"#0","tintindex":0},"north":{"uv":[13.25,5.625,13.75,5.875],"rotation":0,"texture":"#0","tintindex":0},"west":{"uv":[4.4375,12.1875,6.0625,12.4375],"rotation":0,"texture":"#0","tintindex":0},"up":{"uv":[11.25,12.8125,10.75,11.1875],"rotation":0,"texture":"#0","tintindex":0},"down":{"uv":[11.75,0.0,11.25,1.625],"rotation":0,"texture":"#0","tintindex":0}}},{"from":[4.0,5.7142854,-2.3928576],"to":[12.0,12.571428,1.0357141],"rotation":{"angle":0.0,"axis":"y","origin":[8.0,-6.285715,7.892857]},"faces":{"east":{"uv":[8.6875,12.625,9.0625,13.375],"rotation":0,"texture":"#0","tintindex":0},"south":{"uv":[11.75,0.0,12.625,0.75],"rotation":0,"texture":"#0","tintindex":0},"north":{"uv":[11.625,8.5,12.5,9.25],"rotation":0,"texture":"#0","tintindex":0},"west":{"uv":[12.625,11.0625,13.0,11.8125],"rotation":0,"texture":"#0","tintindex":0},"up":{"uv":[13.4375,8.5,12.5625,8.125],"rotation":0,"texture":"#0","tintindex":0},"down":{"uv":[13.5,0.0,12.625,0.375],"rotation":0,"texture":"#0","tintindex":0}}},{"from":[0.5714283,10.285714,-0.6785717],"to":[4.0,12.0,1.0357141],"rotation":{"angle":0.0,"axis":"y","origin":[8.0,-6.285715,7.892857]},"faces":{"east":{"uv":[13.5,9.1875,13.6875,9.375],"rotation":0,"texture":"#0","tintindex":0},"south":{"uv":[13.25,6.6875,13.625,6.875],"rotation":0,"texture":"#0","tintindex":0},"north":{"uv":[7.375,10.5,7.75,10.6875],"rotation":0,"texture":"#0","tintindex":0},"west":{"uv":[13.5,9.375,13.6875,9.5625],"rotation":0,"texture":"#0","tintindex":0},"up":{"uv":[13.625,8.125,13.25,7.9375],"rotation":0,"texture":"#0","tintindex":0},"down":{"uv":[13.625,10.125,13.25,10.3125],"rotation":0,"texture":"#0","tintindex":0}}},{"from":[12.0,10.285714,-0.6785717],"to":[15.428572,12.0,1.0357141],"rotation":{"angle":0.0,"axis":"y","origin":[8.0,-6.285715,7.892857]},"faces":{"east":{"uv":[13.5,9.5625,13.6875,9.75],"rotation":0,"texture":"#0","tintindex":0},"south":{"uv":[2.5625,13.3125,2.9375,13.5],"rotation":0,"texture":"#0","tintindex":0},"north":{"uv":[13.3125,2.5,13.6875,2.6875],"rotation":0,"texture":"#0","tintindex":0},"west":{"uv":[11.6875,13.5,11.875,13.6875],"rotation":0,"texture":"#0","tintindex":0},"up":{"uv":[13.6875,2.875,13.3125,2.6875],"rotation":0,"texture":"#0","tintindex":0},"down":{"uv":[3.3125,13.3125,2.9375,13.5],"rotation":0,"texture":"#0","tintindex":0}}},{"from":[0.5714283,12.0,-0.6785717],"to":[2.2857141,14.857143,1.0357141],"rotation":{"angle":0.0,"axis":"y","origin":[8.0,-6.285715,7.892857]},"faces":{"east":{"uv":[13.4375,4.3125,13.625,4.625],"rotation":0,"texture":"#0","tintindex":0},"south":{"uv":[13.4375,8.125,13.625,8.4375],"rotation":0,"texture":"#0","tintindex":0},"north":{"uv":[13.375,11.6875,13.5625,12.0],"rotation":0,"texture":"#0","tintindex":0},"west":{"uv":[9.25,13.4375,9.4375,13.75],"rotation":0,"texture":"#0","tintindex":0},"up":{"uv":[12.0625,13.6875,11.875,13.5],"rotation":0,"texture":"#0","tintindex":0},"down":{"uv":[12.25,13.5,12.0625,13.6875],"rotation":0,"texture":"#0","tintindex":0}}},{"from":[13.714286,12.0,-0.6785717],"to":[15.428572,14.857143,1.0357141],"rotation":{"angle":0.0,"axis":"y","origin":[8.0,-6.285715,7.892857]},"faces":{"east":{"uv":[0.0,13.5,0.1875,13.8125],"rotation":0,"texture":"#0","tintindex":0},"south":{"uv":[13.5,0.0,13.6875,0.3125],"rotation":0,"texture":"#0","tintindex":0},"north":{"uv":[9.4375,13.4375,9.625,13.75],"rotation":0,"texture":"#0","tintindex":0},"west":{"uv":[0.1875,13.5,0.375,13.8125],"rotation":0,"texture":"#0","tintindex":0},"up":{"uv":[13.6875,12.375,13.5,12.1875],"rotation":0,"texture":"#0","tintindex":0},"down":{"uv":[12.4375,13.5,12.25,13.6875],"rotation":0,"texture":"#0","tintindex":0}}},{"from":[-6.285715,-0.57142925,1.0357141],"to":[22.285715,6.8571424,1.0357141],"rotation":{"angle":0.0,"axis":"y","origin":[8.0,-6.285715,7.892857]},"faces":{"east":{"uv":[0.0,0.0,0.0,0.8125],"rotation":0,"texture":"#0","tintindex":0},"south":{"uv":[7.75,3.9375,10.875,4.75],"rotation":0,"texture":"#0","tintindex":0},"north":{"uv":[7.75,3.125,10.875,3.9375],"rotation":0,"texture":"#0","tintindex":0},"west":{"uv":[0.0,0.0,0.0,0.8125],"rotation":0,"texture":"#0","tintindex":0},"up":{"uv":[3.125,0.0,0.0,0.0],"rotation":0,"texture":"#0","tintindex":0},"down":{"uv":[3.125,0.0,0.0,0.0],"rotation":0,"texture":"#0","tintindex":0}}},{"from":[-6.285715,-0.57142925,14.75],"to":[22.285715,6.8571424,14.75],"rotation":{"angle":0.0,"axis":"y","origin":[8.0,-6.285715,7.892857]},"faces":{"east":{"uv":[0.0,0.0,0.0,0.8125],"rotation":0,"texture":"#0","tintindex":0},"south":{"uv":[7.75,5.5625,10.875,6.375],"rotation":0,"texture":"#0","tintindex":0},"north":{"uv":[7.75,4.75,10.875,5.5625],"rotation":0,"texture":"#0","tintindex":0},"west":{"uv":[0.0,0.0,0.0,0.8125],"rotation":0,"texture":"#0","tintindex":0},"up":{"uv":[3.125,0.0,0.0,0.0],"rotation":0,"texture":"#0","tintindex":0},"down":{"uv":[3.125,0.0,0.0,0.0],"rotation":0,"texture":"#0","tintindex":0}}},{"from":[-6.285715,-0.57142925,1.0357141],"to":[-6.285715,6.8571424,14.75],"rotation":{"angle":0.0,"axis":"y","origin":[8.0,-6.285715,7.892857]},"faces":{"east":{"uv":[9.375,6.375,10.875,7.1875],"rotation":0,"texture":"#0","tintindex":0},"south":{"uv":[0.0,0.0,0.0,0.8125],"rotation":0,"texture":"#0","tintindex":0},"north":{"uv":[0.0,0.0,0.0,0.8125],"rotation":0,"texture":"#0","tintindex":0},"west":{"uv":[9.625,1.625,11.125,2.4375],"rotation":0,"texture":"#0","tintindex":0},"up":{"uv":[0.0,1.5,0.0,0.0],"rotation":0,"texture":"#0","tintindex":0},"down":{"uv":[0.0,0.0,0.0,1.5],"rotation":0,"texture":"#0","tintindex":0}}},{"from":[22.285715,-0.57142925,1.0357141],"to":[22.285715,6.8571424,14.75],"rotation":{"angle":0.0,"axis":"y","origin":[8.0,-6.285715,7.892857]},"faces":{"east":{"uv":[9.75,0.0,11.25,0.8125],"rotation":0,"texture":"#0","tintindex":0},"south":{"uv":[0.0,0.0,0.0,0.8125],"rotation":0,"texture":"#0","tintindex":0},"north":{"uv":[0.0,0.0,0.0,0.8125],"rotation":0,"texture":"#0","tintindex":0},"west":{"uv":[9.75,0.8125,11.25,1.625],"rotation":0,"texture":"#0","tintindex":0},"up":{"uv":[0.0,1.5,0.0,0.0],"rotation":0,"texture":"#0","tintindex":0},"down":{"uv":[0.0,0.0,0.0,1.5],"rotation":0,"texture":"#0","tintindex":0}}},{"from":[14.857143,25.714287,0.46428537],"to":[19.428572,32.0,15.321428],"rotation":{"angle":0.0,"axis":"y","origin":[8.0,-6.285715,7.892857]},"faces":{"east":{"uv":[9.625,2.4375,11.25,3.125],"rotation":0,"texture":"#0","tintindex":0},"south":{"uv":[1.3125,12.4375,1.8125,13.125],"rotation":0,"texture":"#0","tintindex":0},"north":{"uv":[0.8125,12.4375,1.3125,13.125],"rotation":0,"texture":"#0","tintindex":0},"west":{"uv":[8.625,9.8125,10.25,10.5],"rotation":0,"texture":"#0","tintindex":0},"up":{"uv":[11.75,12.8125,11.25,11.1875],"rotation":0,"texture":"#0","tintindex":0},"down":{"uv":[0.5,11.3125,0.0,12.9375],"rotation":0,"texture":"#0","tintindex":0}}},{"from":[16.285715,26.857143,-0.1071434],"to":[18.0,28.571428,15.892858],"rotation":{"angle":45.0,"axis":"z","origin":[17.142857,27.714287,7.892857]},"faces":{"east":{"uv":[12.5,9.0,14.25,9.1875],"rotation":0,"texture":"#0","tintindex":0},"south":{"uv":[12.4375,13.5,12.625,13.6875],"rotation":0,"texture":"#0","tintindex":0},"north":{"uv":[13.5,12.375,13.6875,12.5625],"rotation":0,"texture":"#0","tintindex":0},"west":{"uv":[12.625,0.375,14.375,0.5625],"rotation":0,"texture":"#0","tintindex":0},"up":{"uv":[6.25,13.9375,6.0625,12.1875],"rotation":0,"texture":"#0","tintindex":0},"down":{"uv":[8.0625,12.5,7.875,14.25],"rotation":0,"texture":"#0","tintindex":0}}},{"from":[15.428572,25.142859,0.46428537],"to":[18.857143,25.714287,15.321428],"rotation":{"angle":0.0,"axis":"y","origin":[8.0,-6.285715,7.892857]},"faces":{"east":{"uv":[12.75,9.75,14.375,9.8125],"rotation":0,"texture":"#0","tintindex":0},"south":{"uv":[7.5625,11.4375,7.9375,11.5],"rotation":0,"texture":"#0","tintindex":0},"north":{"uv":[7.1875,11.4375,7.5625,11.5],"rotation":0,"texture":"#0","tintindex":0},"west":{"uv":[13.125,3.75,14.75,3.8125],"rotation":0,"texture":"#0","tintindex":0},"up":{"uv":[8.6875,13.5625,8.3125,11.9375],"rotation":0,"texture":"#0","tintindex":0},"down":{"uv":[3.875,12.0,3.5,13.625],"rotation":0,"texture":"#0","tintindex":0}}}],"textures":{"0":"modelengine:entity/jefe_piglin"},"display":{"head":{"translation":[0.0,-3.6857133,0.0],"scale":[4.0,4.0,4.0]}}}