{"elements":[{"from":[7.202654,7.9586344,1.4945054],"to":[8.91694,8.530063,2.0659342],"rotation":{"angle":0.0,"axis":"y","origin":[8.345511,-29.184223,8.351648]},"faces":{"east":{"uv":[9.1875,9.75,9.25,9.8125],"rotation":0,"texture":"#0","tintindex":0},"south":{"uv":[7.1875,11.375,7.375,11.4375],"rotation":0,"texture":"#0","tintindex":0},"north":{"uv":[2.75,5.6875,2.9375,5.75],"rotation":0,"texture":"#0","tintindex":0},"west":{"uv":[7.6875,10.4375,7.75,10.5],"rotation":0,"texture":"#0","tintindex":0},"up":{"uv":[8.125,11.5,7.9375,11.4375],"rotation":0,"texture":"#0","tintindex":0},"down":{"uv":[8.3125,11.4375,8.125,11.5],"rotation":0,"texture":"#0","tintindex":0}}},{"from":[6.631225,7.9586344,1.4945054],"to":[7.202654,8.530063,2.6373625],"rotation":{"angle":0.0,"axis":"y","origin":[8.345511,-29.184223,8.351648]},"faces":{"east":{"uv":[2.625,8.8125,2.75,8.875],"rotation":0,"texture":"#0","tintindex":0},"south":{"uv":[4.4375,12.125,4.5,12.1875],"rotation":0,"texture":"#0","tintindex":0},"north":{"uv":[11.9375,9.8125,12.0,9.875],"rotation":0,"texture":"#0","tintindex":0},"west":{"uv":[10.125,9.75,10.25,9.8125],"rotation":0,"texture":"#0","tintindex":0},"up":{"uv":[3.0,5.75,2.9375,5.625],"rotation":0,"texture":"#0","tintindex":0},"down":{"uv":[6.75,5.625,6.6875,5.75],"rotation":0,"texture":"#0","tintindex":0}}},{"from":[8.91694,7.9586344,1.4945054],"to":[9.488368,8.530063,2.6373625],"rotation":{"angle":0.0,"axis":"y","origin":[8.345511,-29.184223,8.351648]},"faces":{"east":{"uv":[10.75,7.3125,10.875,7.375],"rotation":0,"texture":"#0","tintindex":0},"south":{"uv":[7.125,12.4375,7.1875,12.5],"rotation":0,"texture":"#0","tintindex":0},"north":{"uv":[2.0625,12.4375,2.125,12.5],"rotation":0,"texture":"#0","tintindex":0},"west":{"uv":[8.5,11.4375,8.625,11.5],"rotation":0,"texture":"#0","tintindex":0},"up":{"uv":[11.625,8.25,11.5625,8.125],"rotation":0,"texture":"#0","tintindex":0},"down":{"uv":[12.0,10.75,11.9375,10.875],"rotation":0,"texture":"#0","tintindex":0}}},{"from":[10.631226,9.67292,-0.7912092],"to":[12.345511,12.530064,0.9230766],"rotation":{"angle":0.0,"axis":"y","origin":[8.345511,-29.184223,8.351648]},"faces":{"east":{"uv":[10.75,13.375,10.9375,13.6875],"rotation":0,"texture":"#0","tintindex":0},"south":{"uv":[10.9375,13.375,11.125,13.6875],"rotation":0,"texture":"#0","tintindex":0},"north":{"uv":[3.3125,13.3125,3.5,13.625],"rotation":0,"texture":"#0","tintindex":0},"west":{"uv":[13.375,11.0625,13.5625,11.375],"rotation":0,"texture":"#0","tintindex":0},"up":{"uv":[6.4375,12.0625,6.25,11.875],"rotation":0,"texture":"#0","tintindex":0},"down":{"uv":[13.5625,12.0,13.375,12.1875],"rotation":0,"texture":"#0","tintindex":0}}},{"from":[10.631226,7.9586344,-0.7912092],"to":[12.345511,9.67292,4.3516483],"rotation":{"angle":0.0,"axis":"y","origin":[8.345511,-29.184223,8.351648]},"faces":{"east":{"uv":[1.5,8.6875,2.0625,8.875],"rotation":0,"texture":"#0","tintindex":0},"south":{"uv":[2.9375,13.5,3.125,13.6875],"rotation":0,"texture":"#0","tintindex":0},"north":{"uv":[13.4375,4.625,13.625,4.8125],"rotation":0,"texture":"#0","tintindex":0},"west":{"uv":[2.0625,8.6875,2.625,8.875],"rotation":0,"texture":"#0","tintindex":0},"up":{"uv":[2.9375,5.6875,2.75,5.125],"rotation":0,"texture":"#0","tintindex":0},"down":{"uv":[2.9375,9.75,2.75,10.3125],"rotation":0,"texture":"#0","tintindex":0}}},{"from":[5.488368,7.9586344,2.6373625],"to":[10.631226,11.387206,4.3516483],"rotation":{"angle":0.0,"axis":"y","origin":[8.345511,-29.184223,8.351648]},"faces":{"east":{"uv":[1.625,13.125,1.8125,13.5],"rotation":0,"texture":"#0","tintindex":0},"south":{"uv":[12.75,2.5,13.3125,2.875],"rotation":0,"texture":"#0","tintindex":0},"north":{"uv":[9.625,10.5,10.1875,10.875],"rotation":0,"texture":"#0","tintindex":0},"west":{"uv":[5.625,13.25,5.8125,13.625],"rotation":0,"texture":"#0","tintindex":0},"up":{"uv":[1.4375,9.75,0.875,9.5625],"rotation":0,"texture":"#0","tintindex":0},"down":{"uv":[13.75,0.9375,13.1875,1.125],"rotation":0,"texture":"#0","tintindex":0}}},{"from":[3.7740822,9.67292,-0.7912092],"to":[5.488368,12.530064,0.9230766],"rotation":{"angle":0.0,"axis":"y","origin":[8.345511,-29.184223,8.351648]},"faces":{"east":{"uv":[11.3125,13.375,11.5,13.6875],"rotation":0,"texture":"#0","tintindex":0},"south":{"uv":[13.375,11.375,13.5625,11.6875],"rotation":0,"texture":"#0","tintindex":0},"north":{"uv":[11.125,13.375,11.3125,13.6875],"rotation":0,"texture":"#0","tintindex":0},"west":{"uv":[11.5,13.375,11.6875,13.6875],"rotation":0,"texture":"#0","tintindex":0},"up":{"uv":[3.3125,13.6875,3.125,13.5],"rotation":0,"texture":"#0","tintindex":0},"down":{"uv":[4.0625,13.5,3.875,13.6875],"rotation":0,"texture":"#0","tintindex":0}}},{"from":[3.7740822,7.9586344,-0.7912092],"to":[5.488368,9.67292,4.3516483],"rotation":{"angle":0.0,"axis":"y","origin":[8.345511,-29.184223,8.351648]},"faces":{"east":{"uv":[13.25,2.1875,13.8125,2.375],"rotation":0,"texture":"#0","tintindex":0},"south":{"uv":[4.25,13.5,4.4375,13.6875],"rotation":0,"texture":"#0","tintindex":0},"north":{"uv":[4.0625,13.5,4.25,13.6875],"rotation":0,"texture":"#0","tintindex":0},"west":{"uv":[13.25,6.125,13.8125,6.3125],"rotation":0,"texture":"#0","tintindex":0},"up":{"uv":[7.375,11.375,7.1875,10.8125],"rotation":0,"texture":"#0","tintindex":0},"down":{"uv":[6.4375,11.3125,6.25,11.875],"rotation":0,"texture":"#0","tintindex":0}}},{"from":[0.91693974,9.101491,6.6373625],"to":[2.0597968,13.67292,10.065934],"rotation":{"angle":-22.5,"axis":"z","origin":[1.488368,13.101492,8.351648]},"faces":{"east":{"uv":[4.5,13.125,4.875,13.625],"rotation":0,"texture":"#0","tintindex":0},"south":{"uv":[8.6875,11.9375,8.8125,12.4375],"rotation":0,"texture":"#0","tintindex":0},"north":{"uv":[11.125,1.625,11.25,2.125],"rotation":0,"texture":"#0","tintindex":0},"west":{"uv":[4.875,13.125,5.25,13.625],"rotation":0,"texture":"#0","tintindex":0},"up":{"uv":[9.0625,13.75,8.9375,13.375],"rotation":0,"texture":"#0","tintindex":0},"down":{"uv":[0.5,13.4375,0.375,13.8125],"rotation":0,"texture":"#0","tintindex":0}}},{"from":[1.488368,7.9586344,4.3516483],"to":[15.202654,15.958634,12.351648],"rotation":{"angle":0.0,"axis":"y","origin":[8.345511,-29.184223,8.351648]},"faces":{"east":{"uv":[11.125,9.875,12.0,10.75],"rotation":0,"texture":"#0","tintindex":0},"south":{"uv":[7.75,8.375,9.25,9.25],"rotation":0,"texture":"#0","tintindex":0},"north":{"uv":[8.125,1.625,9.625,2.5],"rotation":0,"texture":"#0","tintindex":0},"west":{"uv":[11.25,1.625,12.125,2.5],"rotation":0,"texture":"#0","tintindex":0},"up":{"uv":[1.5,9.5625,0.0,8.6875],"rotation":0,"texture":"#0","tintindex":0},"down":{"uv":[3.0,8.875,1.5,9.75],"rotation":0,"texture":"#0","tintindex":0}}},{"from":[0.34551096,12.530064,3.2087913],"to":[3.7740822,17.67292,6.6373625],"rotation":{"angle":0.0,"axis":"y","origin":[8.345511,-29.184223,8.351648]},"faces":{"east":{"uv":[12.75,9.1875,13.125,9.75],"rotation":0,"texture":"#0","tintindex":0},"south":{"uv":[10.25,12.8125,10.625,13.375],"rotation":0,"texture":"#0","tintindex":0},"north":{"uv":[2.9375,12.75,3.3125,13.3125],"rotation":0,"texture":"#0","tintindex":0},"west":{"uv":[10.625,12.8125,11.0,13.375],"rotation":0,"texture":"#0","tintindex":0},"up":{"uv":[13.5,12.5625,13.125,12.1875],"rotation":0,"texture":"#0","tintindex":0},"down":{"uv":[13.5,12.5625,13.125,12.9375],"rotation":0,"texture":"#0","tintindex":0}}},{"from":[6.631225,11.387206,3.2087913],"to":[9.488368,18.815777,13.494506],"rotation":{"angle":0.0,"axis":"y","origin":[8.345511,-29.184223,8.351648]},"faces":{"east":{"uv":[10.875,5.375,12.0,6.1875],"rotation":0,"texture":"#0","tintindex":0},"south":{"uv":[4.1875,12.6875,4.5,13.5],"rotation":0,"texture":"#0","tintindex":0},"north":{"uv":[3.875,12.6875,4.1875,13.5],"rotation":0,"texture":"#0","tintindex":0},"west":{"uv":[10.875,6.1875,12.0,7.0],"rotation":0,"texture":"#0","tintindex":0},"up":{"uv":[7.6875,10.5,7.375,9.375],"rotation":0,"texture":"#0","tintindex":0},"down":{"uv":[0.8125,12.4375,0.5,13.5625],"rotation":0,"texture":"#0","tintindex":0}}},{"from":[-1.3687744,17.101492,7.2087913],"to":[18.059797,18.24435,9.494506],"rotation":{"angle":0.0,"axis":"y","origin":[8.345511,-29.184223,8.351648]},"faces":{"east":{"uv":[9.25,3.0,9.5,3.125],"rotation":0,"texture":"#0","tintindex":0},"south":{"uv":[12.625,1.125,14.75,1.25],"rotation":0,"texture":"#0","tintindex":0},"north":{"uv":[12.125,2.375,14.25,2.5],"rotation":0,"texture":"#0","tintindex":0},"west":{"uv":[6.5,9.25,6.75,9.375],"rotation":0,"texture":"#0","tintindex":0},"up":{"uv":[14.125,10.5625,12.0,10.3125],"rotation":0,"texture":"#0","tintindex":0},"down":{"uv":[14.125,10.5625,12.0,10.8125],"rotation":0,"texture":"#0","tintindex":0}}},{"from":[-1.3687744,18.24435,7.2087913],"to":[-0.22591782,21.67292,9.494506],"rotation":{"angle":0.0,"axis":"y","origin":[8.345511,-29.184223,8.351648]},"faces":{"east":{"uv":[6.5,8.875,6.75,9.25],"rotation":0,"texture":"#0","tintindex":0},"south":{"uv":[2.5625,13.5,2.6875,13.875],"rotation":0,"texture":"#0","tintindex":0},"north":{"uv":[1.625,13.5,1.75,13.875],"rotation":0,"texture":"#0","tintindex":0},"west":{"uv":[13.25,12.9375,13.5,13.3125],"rotation":0,"texture":"#0","tintindex":0},"up":{"uv":[11.125,9.625,11.0,9.375],"rotation":0,"texture":"#0","tintindex":0},"down":{"uv":[9.375,12.625,9.25,12.875],"rotation":0,"texture":"#0","tintindex":0}}},{"from":[16.91694,18.24435,7.2087913],"to":[18.059797,21.101492,9.494506],"rotation":{"angle":0.0,"axis":"y","origin":[8.345511,-29.184223,8.351648]},"faces":{"east":{"uv":[2.0625,13.3125,2.3125,13.625],"rotation":0,"texture":"#0","tintindex":0},"south":{"uv":[2.125,12.1875,2.25,12.5],"rotation":0,"texture":"#0","tintindex":0},"north":{"uv":[11.125,2.125,11.25,2.4375],"rotation":0,"texture":"#0","tintindex":0},"west":{"uv":[2.3125,13.3125,2.5625,13.625],"rotation":0,"texture":"#0","tintindex":0},"up":{"uv":[13.125,12.4375,13.0,12.1875],"rotation":0,"texture":"#0","tintindex":0},"down":{"uv":[0.8125,13.5625,0.6875,13.8125],"rotation":0,"texture":"#0","tintindex":0}}},{"from":[0.91693974,13.101492,3.7802196],"to":[15.774083,17.101492,12.923078],"rotation":{"angle":0.0,"axis":"y","origin":[8.345511,-29.184223,8.351648]},"faces":{"east":{"uv":[12.125,3.0,13.125,3.4375],"rotation":0,"texture":"#0","tintindex":0},"south":{"uv":[2.25,11.5625,3.875,12.0],"rotation":0,"texture":"#0","tintindex":0},"north":{"uv":[7.1875,11.5,8.8125,11.9375],"rotation":0,"texture":"#0","tintindex":0},"west":{"uv":[12.125,3.4375,13.125,3.875],"rotation":0,"texture":"#0","tintindex":0},"up":{"uv":[1.625,8.6875,0.0,7.6875],"rotation":0,"texture":"#0","tintindex":0},"down":{"uv":[9.375,6.375,7.75,7.375],"rotation":0,"texture":"#0","tintindex":0}}},{"from":[12.916941,12.530064,3.2087913],"to":[16.345512,17.67292,6.6373625],"rotation":{"angle":0.0,"axis":"y","origin":[8.345511,-29.184223,8.351648]},"faces":{"east":{"uv":[11.375,12.8125,11.75,13.375],"rotation":0,"texture":"#0","tintindex":0},"south":{"uv":[9.25,12.875,9.625,13.4375],"rotation":0,"texture":"#0","tintindex":0},"north":{"uv":[11.0,12.8125,11.375,13.375],"rotation":0,"texture":"#0","tintindex":0},"west":{"uv":[0.0,12.9375,0.375,13.5],"rotation":0,"texture":"#0","tintindex":0},"up":{"uv":[13.5625,0.9375,13.1875,0.5625],"rotation":0,"texture":"#0","tintindex":0},"down":{"uv":[6.625,13.1875,6.25,13.5625],"rotation":0,"texture":"#0","tintindex":0}}},{"from":[0.34551096,12.530064,10.065934],"to":[3.7740822,17.67292,13.494506],"rotation":{"angle":0.0,"axis":"y","origin":[8.345511,-29.184223,8.351648]},"faces":{"east":{"uv":[12.125,12.9375,12.5,13.5],"rotation":0,"texture":"#0","tintindex":0},"south":{"uv":[12.5,12.9375,12.875,13.5],"rotation":0,"texture":"#0","tintindex":0},"north":{"uv":[11.75,12.9375,12.125,13.5],"rotation":0,"texture":"#0","tintindex":0},"west":{"uv":[12.875,12.9375,13.25,13.5],"rotation":0,"texture":"#0","tintindex":0},"up":{"uv":[7.0,13.5625,6.625,13.1875],"rotation":0,"texture":"#0","tintindex":0},"down":{"uv":[13.5625,8.5,13.1875,8.875],"rotation":0,"texture":"#0","tintindex":0}}},{"from":[12.916941,12.530064,10.065934],"to":[16.345512,17.67292,13.494506],"rotation":{"angle":0.0,"axis":"y","origin":[8.345511,-29.184223,8.351648]},"faces":{"east":{"uv":[13.0,11.0625,13.375,11.625],"rotation":0,"texture":"#0","tintindex":0},"south":{"uv":[13.0,11.625,13.375,12.1875],"rotation":0,"texture":"#0","tintindex":0},"north":{"uv":[13.0,3.875,13.375,4.4375],"rotation":0,"texture":"#0","tintindex":0},"west":{"uv":[0.8125,13.125,1.1875,13.6875],"rotation":0,"texture":"#0","tintindex":0},"up":{"uv":[13.625,1.8125,13.25,1.4375],"rotation":0,"texture":"#0","tintindex":0},"down":{"uv":[13.625,1.8125,13.25,2.1875],"rotation":0,"texture":"#0","tintindex":0}}},{"from":[14.631226,9.101491,6.6373625],"to":[15.774083,13.67292,10.065934],"rotation":{"angle":22.5,"axis":"z","origin":[15.202654,13.101492,8.351648]},"faces":{"east":{"uv":[5.25,13.125,5.625,13.625],"rotation":0,"texture":"#0","tintindex":0},"south":{"uv":[7.0,13.1875,7.125,13.6875],"rotation":0,"texture":"#0","tintindex":0},"north":{"uv":[0.375,12.9375,0.5,13.4375],"rotation":0,"texture":"#0","tintindex":0},"west":{"uv":[13.125,9.1875,13.5,9.6875],"rotation":0,"texture":"#0","tintindex":0},"up":{"uv":[2.8125,13.875,2.6875,13.5],"rotation":0,"texture":"#0","tintindex":0},"down":{"uv":[2.9375,13.5,2.8125,13.875],"rotation":0,"texture":"#0","tintindex":0}}},{"from":[2.0597968,7.9586344,8.923077],"to":[2.631225,10.244349,9.494506],"rotation":{"angle":-22.5,"axis":"z","origin":[1.488368,13.101492,8.351648]},"faces":{"east":{"uv":[2.9375,5.375,3.0,5.625],"rotation":0,"texture":"#0","tintindex":0},"south":{"uv":[6.6875,3.125,6.75,3.375],"rotation":0,"texture":"#0","tintindex":0},"north":{"uv":[2.9375,5.125,3.0,5.375],"rotation":0,"texture":"#0","tintindex":0},"west":{"uv":[6.6875,3.375,6.75,3.625],"rotation":0,"texture":"#0","tintindex":0},"up":{"uv":[12.5625,7.6875,12.5,7.625],"rotation":0,"texture":"#0","tintindex":0},"down":{"uv":[12.5625,7.6875,12.5,7.75],"rotation":0,"texture":"#0","tintindex":0}}},{"from":[0.91693974,7.9586344,8.923077],"to":[2.0597968,8.530063,9.494506],"rotation":{"angle":-22.5,"axis":"z","origin":[1.488368,13.101492,8.351648]},"faces":{"east":{"uv":[3.4375,12.6875,3.5,12.75],"rotation":0,"texture":"#0","tintindex":0},"south":{"uv":[12.0,10.8125,12.125,10.875],"rotation":0,"texture":"#0","tintindex":0},"north":{"uv":[11.8125,9.8125,11.9375,9.875],"rotation":0,"texture":"#0","tintindex":0},"west":{"uv":[8.25,12.6875,8.3125,12.75],"rotation":0,"texture":"#0","tintindex":0},"up":{"uv":[12.25,10.875,12.125,10.8125],"rotation":0,"texture":"#0","tintindex":0},"down":{"uv":[12.375,10.8125,12.25,10.875],"rotation":0,"texture":"#0","tintindex":0}}},{"from":[0.34551096,7.9586344,8.923077],"to":[0.91693974,10.244349,9.494506],"rotation":{"angle":-22.5,"axis":"z","origin":[1.488368,13.101492,8.351648]},"faces":{"east":{"uv":[6.6875,3.875,6.75,4.125],"rotation":0,"texture":"#0","tintindex":0},"south":{"uv":[6.6875,4.125,6.75,4.375],"rotation":0,"texture":"#0","tintindex":0},"north":{"uv":[6.6875,3.625,6.75,3.875],"rotation":0,"texture":"#0","tintindex":0},"west":{"uv":[6.6875,4.375,6.75,4.625],"rotation":0,"texture":"#0","tintindex":0},"up":{"uv":[12.8125,1.5,12.75,1.4375],"rotation":0,"texture":"#0","tintindex":0},"down":{"uv":[8.3125,12.75,8.25,12.8125],"rotation":0,"texture":"#0","tintindex":0}}},{"from":[2.0597968,7.9586344,7.2087913],"to":[2.631225,10.244349,7.7802196],"rotation":{"angle":-22.5,"axis":"z","origin":[1.488368,13.101492,8.351648]},"faces":{"east":{"uv":[6.6875,4.875,6.75,5.125],"rotation":0,"texture":"#0","tintindex":0},"south":{"uv":[6.6875,5.125,6.75,5.375],"rotation":0,"texture":"#0","tintindex":0},"north":{"uv":[6.6875,4.625,6.75,4.875],"rotation":0,"texture":"#0","tintindex":0},"west":{"uv":[6.6875,5.375,6.75,5.625],"rotation":0,"texture":"#0","tintindex":0},"up":{"uv":[12.875,1.5,12.8125,1.4375],"rotation":0,"texture":"#0","tintindex":0},"down":{"uv":[8.3125,12.8125,8.25,12.875],"rotation":0,"texture":"#0","tintindex":0}}},{"from":[0.91693974,7.9586344,7.2087913],"to":[2.0597968,8.530063,7.7802196],"rotation":{"angle":-22.5,"axis":"z","origin":[1.488368,13.101492,8.351648]},"faces":{"east":{"uv":[12.875,1.4375,12.9375,1.5],"rotation":0,"texture":"#0","tintindex":0},"south":{"uv":[8.6875,12.5625,8.8125,12.625],"rotation":0,"texture":"#0","tintindex":0},"north":{"uv":[12.5,9.1875,12.625,9.25],"rotation":0,"texture":"#0","tintindex":0},"west":{"uv":[8.25,12.875,8.3125,12.9375],"rotation":0,"texture":"#0","tintindex":0},"up":{"uv":[12.75,1.5,12.625,1.4375],"rotation":0,"texture":"#0","tintindex":0},"down":{"uv":[12.75,9.1875,12.625,9.25],"rotation":0,"texture":"#0","tintindex":0}}},{"from":[0.34551096,7.9586344,7.2087913],"to":[0.91693974,10.244349,7.7802196],"rotation":{"angle":-22.5,"axis":"z","origin":[1.488368,13.101492,8.351648]},"faces":{"east":{"uv":[7.6875,9.375,7.75,9.625],"rotation":0,"texture":"#0","tintindex":0},"south":{"uv":[9.1875,9.5,9.25,9.75],"rotation":0,"texture":"#0","tintindex":0},"north":{"uv":[9.1875,9.25,9.25,9.5],"rotation":0,"texture":"#0","tintindex":0},"west":{"uv":[7.6875,9.625,7.75,9.875],"rotation":0,"texture":"#0","tintindex":0},"up":{"uv":[13.0,1.5,12.9375,1.4375],"rotation":0,"texture":"#0","tintindex":0},"down":{"uv":[8.3125,12.9375,8.25,13.0],"rotation":0,"texture":"#0","tintindex":0}}}],"textures":{"0":"modelengine:entity/jefe_piglin"},"display":{"head":{"translation":[0.0,-6.4,0.0],"scale":[4.0,4.0,4.0]}}}