{"elements":[{"from":[4.0,-5.4285717,4.0],"to":[12.0,7.714286,12.0],"rotation":{"angle":0.0,"axis":"y","origin":[15.428572,-5.4285717,8.0]},"faces":{"east":{"uv":[3.875,8.875,4.75,10.3125],"rotation":0,"texture":"#0","tintindex":0},"south":{"uv":[4.75,8.875,5.625,10.3125],"rotation":0,"texture":"#0","tintindex":0},"north":{"uv":[3.0,8.875,3.875,10.3125],"rotation":0,"texture":"#0","tintindex":0},"west":{"uv":[5.625,8.875,6.5,10.3125],"rotation":0,"texture":"#0","tintindex":0},"up":{"uv":[1.375,12.1875,0.5,11.3125],"rotation":0,"texture":"#0","tintindex":0},"down":{"uv":[2.25,11.3125,1.375,12.1875],"rotation":0,"texture":"#0","tintindex":0}}}],"textures":{"0":"modelengine:entity/jefe_piglin"},"display":{"head":{"translation":[0.0,-6.4,0.0],"scale":[4.0,4.0,4.0]}}}