{"elements":[{"from":[-1.0612249,-16.0,3.4285712],"to":[8.081633,12.57143,12.571428],"rotation":{"angle":0.0,"axis":"y","origin":[21.795918,-23.428572,8.0]},"faces":{"east":{"uv":[3.75,5.75,4.75,8.875],"rotation":0,"texture":"#0","tintindex":0},"south":{"uv":[4.75,5.75,5.75,8.875],"rotation":0,"texture":"#0","tintindex":0},"north":{"uv":[2.75,5.75,3.75,8.875],"rotation":0,"texture":"#0","tintindex":0},"west":{"uv":[5.75,5.75,6.75,8.875],"rotation":0,"texture":"#0","tintindex":0},"up":{"uv":[2.625,8.6875,1.625,7.6875],"rotation":0,"texture":"#0","tintindex":0},"down":{"uv":[5.5,10.3125,4.5,11.3125],"rotation":0,"texture":"#0","tintindex":0}}},{"from":[-2.7755108,-9.142857,2.2857141],"to":[5.7959185,-2.2857132,13.714286],"rotation":{"angle":0.0,"axis":"y","origin":[21.795918,-23.428572,8.0]},"faces":{"east":{"uv":[7.375,10.6875,8.625,11.4375],"rotation":0,"texture":"#0","tintindex":0},"south":{"uv":[11.625,7.75,12.5625,8.5],"rotation":0,"texture":"#0","tintindex":0},"north":{"uv":[11.5625,7.0,12.5,7.75],"rotation":0,"texture":"#0","tintindex":0},"west":{"uv":[10.875,3.125,12.125,3.875],"rotation":0,"texture":"#0","tintindex":0},"up":{"uv":[1.8125,11.0,0.875,9.75],"rotation":0,"texture":"#0","tintindex":0},"down":{"uv":[2.75,9.75,1.8125,11.0],"rotation":0,"texture":"#0","tintindex":0}}},{"from":[1.2244897,-6.8571415,1.7142854],"to":[3.5102038,-4.5714273,14.285715],"rotation":{"angle":45.0,"axis":"z","origin":[2.3673468,-5.714285,8.0]},"faces":{"east":{"uv":[12.375,10.8125,13.75,11.0625],"rotation":0,"texture":"#0","tintindex":0},"south":{"uv":[13.375,3.8125,13.625,4.0625],"rotation":0,"texture":"#0","tintindex":0},"north":{"uv":[13.25,13.3125,13.5,13.5625],"rotation":0,"texture":"#0","tintindex":0},"west":{"uv":[4.4375,12.4375,5.8125,12.6875],"rotation":0,"texture":"#0","tintindex":0},"up":{"uv":[9.625,12.875,9.375,11.5],"rotation":0,"texture":"#0","tintindex":0},"down":{"uv":[2.0625,12.4375,1.8125,13.8125],"rotation":0,"texture":"#0","tintindex":0}}},{"from":[-3.34694,-6.5714273,7.142857],"to":[-2.7755108,-4.8571415,8.857143],"rotation":{"angle":45.0,"axis":"x","origin":[-3.061225,-5.714285,8.0]},"faces":{"east":{"uv":[13.5,12.5625,13.6875,12.75],"rotation":0,"texture":"#0","tintindex":0},"south":{"uv":[2.9375,9.75,3.0,9.9375],"rotation":0,"texture":"#0","tintindex":0},"north":{"uv":[1.4375,9.5625,1.5,9.75],"rotation":0,"texture":"#0","tintindex":0},"west":{"uv":[12.625,13.5,12.8125,13.6875],"rotation":0,"texture":"#0","tintindex":0},"up":{"uv":[7.75,10.0625,7.6875,9.875],"rotation":0,"texture":"#0","tintindex":0},"down":{"uv":[3.0,9.9375,2.9375,10.125],"rotation":0,"texture":"#0","tintindex":0}}},{"from":[-2.2040825,3.4285731,2.2857141],"to":[4.0816326,8.000002,13.714286],"rotation":{"angle":0.0,"axis":"y","origin":[21.795918,-23.428572,8.0]},"faces":{"east":{"uv":[11.75,11.9375,13.0,12.4375],"rotation":0,"texture":"#0","tintindex":0},"south":{"uv":[12.4375,12.4375,13.125,12.9375],"rotation":0,"texture":"#0","tintindex":0},"north":{"uv":[11.75,12.4375,12.4375,12.9375],"rotation":0,"texture":"#0","tintindex":0},"west":{"uv":[2.25,12.0,3.5,12.5],"rotation":0,"texture":"#0","tintindex":0},"up":{"uv":[6.6875,4.375,6.0,3.125],"rotation":0,"texture":"#0","tintindex":0},"down":{"uv":[6.6875,4.375,6.0,5.625],"rotation":0,"texture":"#0","tintindex":0}}},{"from":[0.081632614,4.57143,1.7142854],"to":[2.3673468,6.8571444,14.285715],"rotation":{"angle":45.0,"axis":"z","origin":[1.2244897,5.7142873,8.0]},"faces":{"east":{"uv":[2.0625,12.5,3.4375,12.75],"rotation":0,"texture":"#0","tintindex":0},"south":{"uv":[8.6875,13.375,8.9375,13.625],"rotation":0,"texture":"#0","tintindex":0},"north":{"uv":[13.375,4.0625,13.625,4.3125],"rotation":0,"texture":"#0","tintindex":0},"west":{"uv":[12.5,6.875,13.875,7.125],"rotation":0,"texture":"#0","tintindex":0},"up":{"uv":[6.0625,13.8125,5.8125,12.4375],"rotation":0,"texture":"#0","tintindex":0},"down":{"uv":[7.375,12.5,7.125,13.875],"rotation":0,"texture":"#0","tintindex":0}}},{"from":[-2.7755108,4.8571444,7.142857],"to":[-2.2040825,6.57143,8.857143],"rotation":{"angle":45.0,"axis":"x","origin":[-2.4897966,5.7142873,8.0]},"faces":{"east":{"uv":[13.5,12.75,13.6875,12.9375],"rotation":0,"texture":"#0","tintindex":0},"south":{"uv":[2.9375,10.125,3.0,10.3125],"rotation":0,"texture":"#0","tintindex":0},"north":{"uv":[7.6875,10.0625,7.75,10.25],"rotation":0,"texture":"#0","tintindex":0},"west":{"uv":[12.8125,13.5,13.0,13.6875],"rotation":0,"texture":"#0","tintindex":0},"up":{"uv":[7.75,10.4375,7.6875,10.25],"rotation":0,"texture":"#0","tintindex":0},"down":{"uv":[10.25,10.5,10.1875,10.6875],"rotation":0,"texture":"#0","tintindex":0}}}],"textures":{"0":"modelengine:entity/jefe_piglin"},"display":{"head":{"translation":[0.0,-7.7061296,0.0],"scale":[4.0,4.0,4.0]}}}