{"elements":[{"from":[4.0,-5.4285717,4.0],"to":[12.0,7.714286,12.0],"rotation":{"angle":0.0,"axis":"y","origin":[0.5714283,-5.4285717,8.0]},"faces":{"east":{"uv":[9.25,8.375,10.125,9.8125],"rotation":0,"texture":"#0","tintindex":0},"south":{"uv":[6.5,9.375,7.375,10.8125],"rotation":0,"texture":"#0","tintindex":0},"north":{"uv":[7.75,9.25,8.625,10.6875],"rotation":0,"texture":"#0","tintindex":0},"west":{"uv":[0.0,9.5625,0.875,11.0],"rotation":0,"texture":"#0","tintindex":0},"up":{"uv":[5.375,12.1875,4.5,11.3125],"rotation":0,"texture":"#0","tintindex":0},"down":{"uv":[6.25,11.3125,5.375,12.1875],"rotation":0,"texture":"#0","tintindex":0}}}],"textures":{"0":"modelengine:entity/jefe_piglin"},"display":{"head":{"translation":[0.0,-6.4,0.0],"scale":[4.0,4.0,4.0]}}}