{"elements":[{"from":[8.057143,-16.0,3.4285712],"to":[17.2,12.571432,12.571428],"rotation":{"angle":0.0,"axis":"y","origin":[-5.6571436,-23.428572,8.0]},"faces":{"east":{"uv":[6.75,3.125,7.75,6.25],"rotation":0,"texture":"#0","tintindex":0},"south":{"uv":[6.75,6.25,7.75,9.375],"rotation":0,"texture":"#0","tintindex":0},"north":{"uv":[6.125,0.0,7.125,3.125],"rotation":0,"texture":"#0","tintindex":0},"west":{"uv":[7.125,0.0,8.125,3.125],"rotation":0,"texture":"#0","tintindex":0},"up":{"uv":[6.5,11.3125,5.5,10.3125],"rotation":0,"texture":"#0","tintindex":0},"down":{"uv":[9.625,10.5,8.625,11.5],"rotation":0,"texture":"#0","tintindex":0}}},{"from":[10.342857,-9.142855,2.2857141],"to":[18.342857,-2.2857113,13.714286],"rotation":{"angle":0.0,"axis":"y","origin":[-5.6571436,-23.428572,8.0]},"faces":{"east":{"uv":[10.875,3.875,12.125,4.625],"rotation":0,"texture":"#0","tintindex":0},"south":{"uv":[11.75,11.1875,12.625,11.9375],"rotation":0,"texture":"#0","tintindex":0},"north":{"uv":[11.75,0.75,12.625,1.5],"rotation":0,"texture":"#0","tintindex":0},"west":{"uv":[10.875,4.625,12.125,5.375],"rotation":0,"texture":"#0","tintindex":0},"up":{"uv":[11.0,9.625,10.125,8.375],"rotation":0,"texture":"#0","tintindex":0},"down":{"uv":[11.125,9.625,10.25,10.875],"rotation":0,"texture":"#0","tintindex":0}}},{"from":[18.342857,-6.5714264,7.142857],"to":[18.914288,-4.8571405,8.857143],"rotation":{"angle":45.0,"axis":"x","origin":[18.628572,-5.714283,8.0]},"faces":{"east":{"uv":[13.5,12.9375,13.6875,13.125],"rotation":0,"texture":"#0","tintindex":0},"south":{"uv":[6.4375,11.3125,6.5,11.5],"rotation":0,"texture":"#0","tintindex":0},"north":{"uv":[10.1875,10.6875,10.25,10.875],"rotation":0,"texture":"#0","tintindex":0},"west":{"uv":[13.0,13.5,13.1875,13.6875],"rotation":0,"texture":"#0","tintindex":0},"up":{"uv":[6.5,11.6875,6.4375,11.5],"rotation":0,"texture":"#0","tintindex":0},"down":{"uv":[4.5,11.5625,4.4375,11.75],"rotation":0,"texture":"#0","tintindex":0}}},{"from":[12.057143,-6.8571405,1.7142854],"to":[14.342857,-4.5714264,14.285715],"rotation":{"angle":45.0,"axis":"z","origin":[13.200001,-5.714283,8.0]},"faces":{"east":{"uv":[12.5,7.125,13.875,7.375],"rotation":0,"texture":"#0","tintindex":0},"south":{"uv":[10.5,13.375,10.75,13.625],"rotation":0,"texture":"#0","tintindex":0},"north":{"uv":[10.25,13.375,10.5,13.625],"rotation":0,"texture":"#0","tintindex":0},"west":{"uv":[12.5,7.375,13.875,7.625],"rotation":0,"texture":"#0","tintindex":0},"up":{"uv":[7.625,13.875,7.375,12.5],"rotation":0,"texture":"#0","tintindex":0},"down":{"uv":[7.875,12.5,7.625,13.875],"rotation":0,"texture":"#0","tintindex":0}}},{"from":[13.771429,-2.2857113,2.8571424],"to":[17.77143,1.7142882,13.142858],"rotation":{"angle":0.0,"axis":"y","origin":[-5.6571436,-23.428572,8.0]},"faces":{"east":{"uv":[12.125,1.5,13.25,1.9375],"rotation":0,"texture":"#0","tintindex":0},"south":{"uv":[1.1875,13.125,1.625,13.5625],"rotation":0,"texture":"#0","tintindex":0},"north":{"uv":[13.0,4.4375,13.4375,4.875],"rotation":0,"texture":"#0","tintindex":0},"west":{"uv":[12.125,1.9375,13.25,2.375],"rotation":0,"texture":"#0","tintindex":0},"up":{"uv":[6.6875,13.1875,6.25,12.0625],"rotation":0,"texture":"#0","tintindex":0},"down":{"uv":[7.125,12.0625,6.6875,13.1875],"rotation":0,"texture":"#0","tintindex":0}}},{"from":[12.057143,3.428574,2.2857141],"to":[18.342857,8.000003,13.714286],"rotation":{"angle":0.0,"axis":"y","origin":[-5.6571436,-23.428572,8.0]},"faces":{"east":{"uv":[12.0,5.375,13.25,5.875],"rotation":0,"texture":"#0","tintindex":0},"south":{"uv":[12.5625,7.625,13.25,8.125],"rotation":0,"texture":"#0","tintindex":0},"north":{"uv":[12.5,8.5,13.1875,9.0],"rotation":0,"texture":"#0","tintindex":0},"west":{"uv":[12.0,5.875,13.25,6.375],"rotation":0,"texture":"#0","tintindex":0},"up":{"uv":[7.1875,12.0625,6.5,10.8125],"rotation":0,"texture":"#0","tintindex":0},"down":{"uv":[11.5625,7.0,10.875,8.25],"rotation":0,"texture":"#0","tintindex":0}}},{"from":[18.342857,4.8571453,7.142857],"to":[18.914288,6.571431,8.857143],"rotation":{"angle":45.0,"axis":"x","origin":[18.628572,5.714288,8.0]},"faces":{"east":{"uv":[13.5,13.125,13.6875,13.3125],"rotation":0,"texture":"#0","tintindex":0},"south":{"uv":[11.5625,7.9375,11.625,8.125],"rotation":0,"texture":"#0","tintindex":0},"north":{"uv":[11.5625,7.75,11.625,7.9375],"rotation":0,"texture":"#0","tintindex":0},"west":{"uv":[13.5,13.3125,13.6875,13.5],"rotation":0,"texture":"#0","tintindex":0},"up":{"uv":[6.5,11.875,6.4375,11.6875],"rotation":0,"texture":"#0","tintindex":0},"down":{"uv":[4.5,11.75,4.4375,11.9375],"rotation":0,"texture":"#0","tintindex":0}}},{"from":[18.342857,10.571431,7.142857],"to":[18.914288,12.285717,8.857143],"rotation":{"angle":45.0,"axis":"x","origin":[18.628572,11.428575,8.0]},"faces":{"east":{"uv":[13.5,13.5,13.6875,13.6875],"rotation":0,"texture":"#0","tintindex":0},"south":{"uv":[4.4375,11.9375,4.5,12.125],"rotation":0,"texture":"#0","tintindex":0},"north":{"uv":[6.4375,11.875,6.5,12.0625],"rotation":0,"texture":"#0","tintindex":0},"west":{"uv":[0.5,13.5625,0.6875,13.75],"rotation":0,"texture":"#0","tintindex":0},"up":{"uv":[7.1875,12.25,7.125,12.0625],"rotation":0,"texture":"#0","tintindex":0},"down":{"uv":[7.1875,12.25,7.125,12.4375],"rotation":0,"texture":"#0","tintindex":0}}},{"from":[10.342857,9.14286,2.2857141],"to":[18.342857,13.714289,13.714286],"rotation":{"angle":0.0,"axis":"y","origin":[-5.6571436,-23.428572,8.0]},"faces":{"east":{"uv":[12.0,6.375,13.25,6.875],"rotation":0,"texture":"#0","tintindex":0},"south":{"uv":[12.125,4.375,13.0,4.875],"rotation":0,"texture":"#0","tintindex":0},"north":{"uv":[12.125,3.875,13.0,4.375],"rotation":0,"texture":"#0","tintindex":0},"west":{"uv":[12.0,9.8125,13.25,10.3125],"rotation":0,"texture":"#0","tintindex":0},"up":{"uv":[3.625,11.5625,2.75,10.3125],"rotation":0,"texture":"#0","tintindex":0},"down":{"uv":[4.5,10.3125,3.625,11.5625],"rotation":0,"texture":"#0","tintindex":0}}},{"from":[12.057143,10.571431,1.7142854],"to":[13.771429,12.285717,14.285715],"rotation":{"angle":45.0,"axis":"z","origin":[12.914286,11.428575,8.0]},"faces":{"east":{"uv":[9.375,7.1875,10.75,7.375],"rotation":0,"texture":"#0","tintindex":0},"south":{"uv":[13.5625,0.75,13.75,0.9375],"rotation":0,"texture":"#0","tintindex":0},"north":{"uv":[13.5625,0.5625,13.75,0.75],"rotation":0,"texture":"#0","tintindex":0},"west":{"uv":[12.625,1.25,14.0,1.4375],"rotation":0,"texture":"#0","tintindex":0},"up":{"uv":[8.25,13.875,8.0625,12.5],"rotation":0,"texture":"#0","tintindex":0},"down":{"uv":[9.25,12.625,9.0625,14.0],"rotation":0,"texture":"#0","tintindex":0}}}],"textures":{"0":"modelengine:entity/jefe_piglin"},"display":{"head":{"translation":[0.0,-7.8857255,0.0],"scale":[4.0,4.0,4.0]}}}