{"elements":[{"from":[7.0,7.0,1.6000004],"to":[9.0,9.0,19.2],"rotation":{"angle":0.0,"axis":"y","origin":[-4.6000004,0.19999981,11.200001]},"faces":{"east":{"uv":[9.625,10.875,12.375,11.1875],"rotation":0,"texture":"#0","tintindex":0},"south":{"uv":[13.25,9.8125,13.5625,10.125],"rotation":0,"texture":"#0","tintindex":0},"north":{"uv":[13.25,7.625,13.5625,7.9375],"rotation":0,"texture":"#0","tintindex":0},"west":{"uv":[0.0,11.0,2.75,11.3125],"rotation":0,"texture":"#0","tintindex":0},"up":{"uv":[9.9375,13.9375,9.625,11.1875],"rotation":0,"texture":"#0","tintindex":0},"down":{"uv":[10.25,11.1875,9.9375,13.9375],"rotation":0,"texture":"#0","tintindex":0}}},{"from":[6.6,6.6,19.2],"to":[9.4,9.4,22.800001],"rotation":{"angle":0.0,"axis":"y","origin":[-4.6000004,0.19999981,11.200001]},"faces":{"east":{"uv":[4.5,12.6875,5.0625,13.125],"rotation":0,"texture":"#0","tintindex":0},"south":{"uv":[13.125,3.3125,13.5625,3.75],"rotation":0,"texture":"#0","tintindex":0},"north":{"uv":[13.125,2.875,13.5625,3.3125],"rotation":0,"texture":"#0","tintindex":0},"west":{"uv":[5.0625,12.6875,5.625,13.125],"rotation":0,"texture":"#0","tintindex":0},"up":{"uv":[2.5,13.3125,2.0625,12.75],"rotation":0,"texture":"#0","tintindex":0},"down":{"uv":[2.9375,12.75,2.5,13.3125],"rotation":0,"texture":"#0","tintindex":0}}},{"from":[7.4,7.4,22.800001],"to":[8.6,8.6,23.2],"rotation":{"angle":45.0,"axis":"z","origin":[8.0,8.0,23.0]},"faces":{"east":{"uv":[3.4375,12.5,3.5,12.6875],"rotation":0,"texture":"#0","tintindex":0},"south":{"uv":[1.375,13.5625,1.5625,13.75],"rotation":0,"texture":"#0","tintindex":0},"north":{"uv":[1.1875,13.5625,1.375,13.75],"rotation":0,"texture":"#0","tintindex":0},"west":{"uv":[8.25,12.5,8.3125,12.6875],"rotation":0,"texture":"#0","tintindex":0},"up":{"uv":[8.5,11.5,8.3125,11.4375],"rotation":0,"texture":"#0","tintindex":0},"down":{"uv":[11.8125,9.8125,11.625,9.875],"rotation":0,"texture":"#0","tintindex":0}}},{"from":[6.2,6.2,-5.6000004],"to":[9.8,9.8,1.6000004],"rotation":{"angle":0.0,"axis":"y","origin":[-4.6000004,0.19999981,11.200001]},"faces":{"east":{"uv":[11.625,9.25,12.75,9.8125],"rotation":0,"texture":"#0","tintindex":0},"south":{"uv":[12.625,0.5625,13.1875,1.125],"rotation":0,"texture":"#0","tintindex":0},"north":{"uv":[8.625,9.25,9.1875,9.8125],"rotation":0,"texture":"#0","tintindex":0},"west":{"uv":[7.1875,11.9375,8.3125,12.5],"rotation":0,"texture":"#0","tintindex":0},"up":{"uv":[9.375,12.625,8.8125,11.5],"rotation":0,"texture":"#0","tintindex":0},"down":{"uv":[4.4375,11.5625,3.875,12.6875],"rotation":0,"texture":"#0","tintindex":0}}},{"from":[7.6,8.5,9.536743E-7],"to":[8.4,10.1,0.8000002],"rotation":{"angle":45.0,"axis":"y","origin":[8.0,9.4,0.40000057]},"faces":{"east":{"uv":[8.25,13.5625,8.375,13.8125],"rotation":0,"texture":"#0","tintindex":0},"south":{"uv":[8.375,13.5625,8.5,13.8125],"rotation":0,"texture":"#0","tintindex":0},"north":{"uv":[13.5625,7.625,13.6875,7.875],"rotation":0,"texture":"#0","tintindex":0},"west":{"uv":[13.5625,8.4375,13.6875,8.6875],"rotation":0,"texture":"#0","tintindex":0},"up":{"uv":[6.125,3.125,6.0,3.0],"rotation":0,"texture":"#0","tintindex":0},"down":{"uv":[6.6875,5.625,6.5625,5.75],"rotation":0,"texture":"#0","tintindex":0}}},{"from":[7.6,6.3,20.600002],"to":[8.4,9.7,21.400002],"rotation":{"angle":45.0,"axis":"y","origin":[8.0,8.0,21.0]},"faces":{"east":{"uv":[2.625,8.25,2.75,8.8125],"rotation":0,"texture":"#0","tintindex":0},"south":{"uv":[11.0,8.25,11.125,8.8125],"rotation":0,"texture":"#0","tintindex":0},"north":{"uv":[2.625,7.6875,2.75,8.25],"rotation":0,"texture":"#0","tintindex":0},"west":{"uv":[11.0,8.8125,11.125,9.375],"rotation":0,"texture":"#0","tintindex":0},"up":{"uv":[9.625,3.125,9.5,3.0],"rotation":0,"texture":"#0","tintindex":0},"down":{"uv":[10.25,9.625,10.125,9.75],"rotation":0,"texture":"#0","tintindex":0}}},{"from":[7.6,5.8999996,-2.3999996],"to":[8.4,7.5,-1.5999994],"rotation":{"angle":45.0,"axis":"y","origin":[8.0,9.4,-1.999999]},"faces":{"east":{"uv":[13.5625,8.6875,13.6875,8.9375],"rotation":0,"texture":"#0","tintindex":0},"south":{"uv":[13.5625,9.8125,13.6875,10.0625],"rotation":0,"texture":"#0","tintindex":0},"north":{"uv":[8.5,13.5625,8.625,13.8125],"rotation":0,"texture":"#0","tintindex":0},"west":{"uv":[13.5625,11.0625,13.6875,11.3125],"rotation":0,"texture":"#0","tintindex":0},"up":{"uv":[10.875,7.3125,10.75,7.1875],"rotation":0,"texture":"#0","tintindex":0},"down":{"uv":[11.0,8.25,10.875,8.375],"rotation":0,"texture":"#0","tintindex":0}}},{"from":[7.6,5.8999996,-4.799999],"to":[8.4,7.5,-3.999999],"rotation":{"angle":45.0,"axis":"y","origin":[8.0,9.4,-4.3999996]},"faces":{"east":{"uv":[13.5625,11.5625,13.6875,11.8125],"rotation":0,"texture":"#0","tintindex":0},"south":{"uv":[13.5625,11.8125,13.6875,12.0625],"rotation":0,"texture":"#0","tintindex":0},"north":{"uv":[13.5625,11.3125,13.6875,11.5625],"rotation":0,"texture":"#0","tintindex":0},"west":{"uv":[13.1875,13.5625,13.3125,13.8125],"rotation":0,"texture":"#0","tintindex":0},"up":{"uv":[12.125,1.625,12.0,1.5],"rotation":0,"texture":"#0","tintindex":0},"down":{"uv":[12.125,3.0,12.0,3.125],"rotation":0,"texture":"#0","tintindex":0}}},{"from":[7.6,5.8999996,9.536743E-7],"to":[8.4,7.5,0.8000002],"rotation":{"angle":45.0,"axis":"y","origin":[8.0,9.4,0.40000057]},"faces":{"east":{"uv":[13.625,1.4375,13.75,1.6875],"rotation":0,"texture":"#0","tintindex":0},"south":{"uv":[13.625,1.6875,13.75,1.9375],"rotation":0,"texture":"#0","tintindex":0},"north":{"uv":[13.3125,13.5625,13.4375,13.8125],"rotation":0,"texture":"#0","tintindex":0},"west":{"uv":[13.625,1.9375,13.75,2.1875],"rotation":0,"texture":"#0","tintindex":0},"up":{"uv":[8.8125,12.5625,8.6875,12.4375],"rotation":0,"texture":"#0","tintindex":0},"down":{"uv":[13.0,11.8125,12.875,11.9375],"rotation":0,"texture":"#0","tintindex":0}}},{"from":[7.6,8.5,-4.799999],"to":[8.4,10.1,-3.999999],"rotation":{"angle":45.0,"axis":"y","origin":[8.0,9.4,-4.3999996]},"faces":{"east":{"uv":[2.1875,13.625,2.3125,13.875],"rotation":0,"texture":"#0","tintindex":0},"south":{"uv":[2.3125,13.625,2.4375,13.875],"rotation":0,"texture":"#0","tintindex":0},"north":{"uv":[2.0625,13.625,2.1875,13.875],"rotation":0,"texture":"#0","tintindex":0},"west":{"uv":[2.4375,13.625,2.5625,13.875],"rotation":0,"texture":"#0","tintindex":0},"up":{"uv":[13.125,3.0,13.0,2.875],"rotation":0,"texture":"#0","tintindex":0},"down":{"uv":[13.5625,8.875,13.4375,9.0],"rotation":0,"texture":"#0","tintindex":0}}},{"from":[7.6,8.5,-2.3999996],"to":[8.4,10.1,-1.5999994],"rotation":{"angle":45.0,"axis":"y","origin":[8.0,9.4,-1.999999]},"faces":{"east":{"uv":[3.4375,13.625,3.5625,13.875],"rotation":0,"texture":"#0","tintindex":0},"south":{"uv":[3.5625,13.625,3.6875,13.875],"rotation":0,"texture":"#0","tintindex":0},"north":{"uv":[3.3125,13.625,3.4375,13.875],"rotation":0,"texture":"#0","tintindex":0},"west":{"uv":[3.6875,13.625,3.8125,13.875],"rotation":0,"texture":"#0","tintindex":0},"up":{"uv":[5.3125,13.75,5.1875,13.625],"rotation":0,"texture":"#0","tintindex":0},"down":{"uv":[5.4375,13.625,5.3125,13.75],"rotation":0,"texture":"#0","tintindex":0}}},{"from":[8.4,7.6,-2.3999996],"to":[10.0,8.4,-1.5999994],"rotation":{"angle":45.0,"axis":"x","origin":[9.2,8.0,-1.999999]},"faces":{"east":{"uv":[5.4375,13.625,5.5625,13.75],"rotation":0,"texture":"#0","tintindex":0},"south":{"uv":[11.5,3.0,11.75,3.125],"rotation":0,"texture":"#0","tintindex":0},"north":{"uv":[11.25,3.0,11.5,3.125],"rotation":0,"texture":"#0","tintindex":0},"west":{"uv":[5.5625,13.625,5.6875,13.75],"rotation":0,"texture":"#0","tintindex":0},"up":{"uv":[11.9375,10.875,11.6875,10.75],"rotation":0,"texture":"#0","tintindex":0},"down":{"uv":[12.0,1.5,11.75,1.625],"rotation":0,"texture":"#0","tintindex":0}}},{"from":[6.0,7.6,9.536743E-7],"to":[7.6,8.4,0.8000002],"rotation":{"angle":45.0,"axis":"x","origin":[6.8,8.0,0.40000057]},"faces":{"east":{"uv":[5.6875,13.625,5.8125,13.75],"rotation":0,"texture":"#0","tintindex":0},"south":{"uv":[12.0,6.875,12.25,7.0],"rotation":0,"texture":"#0","tintindex":0},"north":{"uv":[11.75,3.0,12.0,3.125],"rotation":0,"texture":"#0","tintindex":0},"west":{"uv":[13.625,6.6875,13.75,6.8125],"rotation":0,"texture":"#0","tintindex":0},"up":{"uv":[12.5,7.0,12.25,6.875],"rotation":0,"texture":"#0","tintindex":0},"down":{"uv":[12.625,11.0625,12.375,11.1875],"rotation":0,"texture":"#0","tintindex":0}}},{"from":[6.0,7.6,-4.799999],"to":[7.6,8.4,-3.999999],"rotation":{"angle":45.0,"axis":"x","origin":[6.8,8.0,-4.3999996]},"faces":{"east":{"uv":[13.625,7.875,13.75,8.0],"rotation":0,"texture":"#0","tintindex":0},"south":{"uv":[12.75,2.875,13.0,3.0],"rotation":0,"texture":"#0","tintindex":0},"north":{"uv":[12.625,11.8125,12.875,11.9375],"rotation":0,"texture":"#0","tintindex":0},"west":{"uv":[13.625,8.0,13.75,8.125],"rotation":0,"texture":"#0","tintindex":0},"up":{"uv":[13.4375,9.0,13.1875,8.875],"rotation":0,"texture":"#0","tintindex":0},"down":{"uv":[13.8125,3.625,13.5625,3.75],"rotation":0,"texture":"#0","tintindex":0}}},{"from":[6.0,7.6,-2.3999996],"to":[7.6,8.4,-1.5999994],"rotation":{"angle":45.0,"axis":"x","origin":[6.8,8.0,-1.999999]},"faces":{"east":{"uv":[13.625,8.125,13.75,8.25],"rotation":0,"texture":"#0","tintindex":0},"south":{"uv":[13.625,3.8125,13.875,3.9375],"rotation":0,"texture":"#0","tintindex":0},"north":{"uv":[13.5625,12.0625,13.8125,12.1875],"rotation":0,"texture":"#0","tintindex":0},"west":{"uv":[13.625,8.25,13.75,8.375],"rotation":0,"texture":"#0","tintindex":0},"up":{"uv":[13.875,4.0625,13.625,3.9375],"rotation":0,"texture":"#0","tintindex":0},"down":{"uv":[13.875,4.0625,13.625,4.1875],"rotation":0,"texture":"#0","tintindex":0}}},{"from":[8.4,7.6,-4.799999],"to":[10.0,8.4,-3.999999],"rotation":{"angle":45.0,"axis":"x","origin":[9.2,8.0,-4.3999996]},"faces":{"east":{"uv":[8.625,13.625,8.75,13.75],"rotation":0,"texture":"#0","tintindex":0},"south":{"uv":[13.625,4.3125,13.875,4.4375],"rotation":0,"texture":"#0","tintindex":0},"north":{"uv":[13.625,4.1875,13.875,4.3125],"rotation":0,"texture":"#0","tintindex":0},"west":{"uv":[8.75,13.625,8.875,13.75],"rotation":0,"texture":"#0","tintindex":0},"up":{"uv":[4.6875,13.75,4.4375,13.625],"rotation":0,"texture":"#0","tintindex":0},"down":{"uv":[13.875,4.4375,13.625,4.5625],"rotation":0,"texture":"#0","tintindex":0}}},{"from":[8.4,7.6,9.536743E-7],"to":[10.0,8.4,0.8000002],"rotation":{"angle":45.0,"axis":"x","origin":[9.2,8.0,0.40000057]},"faces":{"east":{"uv":[13.625,10.0625,13.75,10.1875],"rotation":0,"texture":"#0","tintindex":0},"south":{"uv":[4.6875,13.625,4.9375,13.75],"rotation":0,"texture":"#0","tintindex":0},"north":{"uv":[13.625,4.5625,13.875,4.6875],"rotation":0,"texture":"#0","tintindex":0},"west":{"uv":[13.625,10.1875,13.75,10.3125],"rotation":0,"texture":"#0","tintindex":0},"up":{"uv":[13.875,4.8125,13.625,4.6875],"rotation":0,"texture":"#0","tintindex":0},"down":{"uv":[5.1875,13.625,4.9375,13.75],"rotation":0,"texture":"#0","tintindex":0}}},{"from":[6.3,7.6,20.600002],"to":[9.7,8.4,21.400002],"rotation":{"angle":45.0,"axis":"x","origin":[9.2,8.0,21.0]},"faces":{"east":{"uv":[10.25,13.625,10.375,13.75],"rotation":0,"texture":"#0","tintindex":0},"south":{"uv":[8.125,3.0,8.6875,3.125],"rotation":0,"texture":"#0","tintindex":0},"north":{"uv":[6.0,5.625,6.5625,5.75],"rotation":0,"texture":"#0","tintindex":0},"west":{"uv":[10.375,13.625,10.5,13.75],"rotation":0,"texture":"#0","tintindex":0},"up":{"uv":[9.25,3.125,8.6875,3.0],"rotation":0,"texture":"#0","tintindex":0},"down":{"uv":[11.6875,10.75,11.125,10.875],"rotation":0,"texture":"#0","tintindex":0}}},{"from":[7.4,7.4,-9.199999],"to":[8.6,8.6,-5.6000004],"rotation":{"angle":0.0,"axis":"y","origin":[-4.6000004,0.19999981,11.200001]},"faces":{"east":{"uv":[13.25,6.3125,13.8125,6.5],"rotation":0,"texture":"#0","tintindex":0},"south":{"uv":[13.5625,3.0625,13.75,3.25],"rotation":0,"texture":"#0","tintindex":0},"north":{"uv":[13.5625,2.875,13.75,3.0625],"rotation":0,"texture":"#0","tintindex":0},"west":{"uv":[13.25,6.5,13.8125,6.6875],"rotation":0,"texture":"#0","tintindex":0},"up":{"uv":[5.8125,13.25,5.625,12.6875],"rotation":0,"texture":"#0","tintindex":0},"down":{"uv":[3.5,12.75,3.3125,13.3125],"rotation":0,"texture":"#0","tintindex":0}}},{"from":[7.4,7.4,-10.0],"to":[8.6,8.6,-8.799999],"rotation":{"angle":-45.0,"axis":"x","origin":[8.0,8.0,-9.4]},"faces":{"east":{"uv":[13.5625,3.4375,13.75,3.625],"rotation":0,"texture":"#0","tintindex":0},"south":{"uv":[6.25,13.5625,6.4375,13.75],"rotation":0,"texture":"#0","tintindex":0},"north":{"uv":[13.5625,3.25,13.75,3.4375],"rotation":0,"texture":"#0","tintindex":0},"west":{"uv":[6.4375,13.5625,6.625,13.75],"rotation":0,"texture":"#0","tintindex":0},"up":{"uv":[6.8125,13.75,6.625,13.5625],"rotation":0,"texture":"#0","tintindex":0},"down":{"uv":[7.0,13.5625,6.8125,13.75],"rotation":0,"texture":"#0","tintindex":0}}},{"from":[8.0,6.2,-16.0],"to":[8.0,11.4,-5.6000004],"rotation":{"angle":0.0,"axis":"y","origin":[-4.6000004,0.19999981,11.200001]},"faces":{"east":{"uv":[8.125,0.0,9.75,0.8125],"rotation":0,"texture":"#0","tintindex":0},"south":{"uv":[0.0,0.0,0.0,0.8125],"rotation":0,"texture":"#0","tintindex":0},"north":{"uv":[0.0,0.0,0.0,0.8125],"rotation":0,"texture":"#0","tintindex":0},"west":{"uv":[8.125,0.8125,9.75,1.625],"rotation":0,"texture":"#0","tintindex":0},"up":{"uv":[0.0,1.625,0.0,0.0],"rotation":0,"texture":"#0","tintindex":0},"down":{"uv":[0.0,0.0,0.0,1.625],"rotation":0,"texture":"#0","tintindex":0}}}],"textures":{"0":"modelengine:entity/jefe_piglin"},"display":{"head":{"translation":[0.0,-6.4,-14.552383],"scale":[4.0,4.0,4.0]}}}