{"elements":[{"from":[5.714286,11.877551,6.408163],"to":[10.285714,14.163265,8.693877],"rotation":{"angle":0.0,"axis":"y","origin":[9.714286,-1.2653065,7.5510206]},"faces":{"east":{"uv":[5.0,2.5,5.5,3.0],"rotation":0,"texture":"#0","tintindex":0},"south":{"uv":[4.875,0.0,5.875,0.5],"rotation":0,"texture":"#0","tintindex":0},"north":{"uv":[3.0,4.75,4.0,5.25],"rotation":0,"texture":"#0","tintindex":0},"west":{"uv":[5.0,3.0,5.5,3.5],"rotation":0,"texture":"#0","tintindex":0},"up":{"uv":[5.875,1.0,4.875,0.5],"rotation":0,"texture":"#0","tintindex":0},"down":{"uv":[5.875,1.0,4.875,1.5],"rotation":0,"texture":"#0","tintindex":0}}},{"from":[6.857143,11.306123,6.408163],"to":[9.142858,11.877551,8.693877],"rotation":{"angle":0.0,"axis":"y","origin":[9.714286,-3.5510206,7.5510206]},"faces":{"east":{"uv":[5.5,5.125,6.0,5.25],"rotation":0,"texture":"#0","tintindex":0},"south":{"uv":[5.25,5.5,5.75,5.625],"rotation":0,"texture":"#0","tintindex":0},"north":{"uv":[5.5,5.0,6.0,5.125],"rotation":0,"texture":"#0","tintindex":0},"west":{"uv":[5.5,5.25,6.0,5.375],"rotation":0,"texture":"#0","tintindex":0},"up":{"uv":[5.5,4.0,5.0,3.5],"rotation":0,"texture":"#0","tintindex":0},"down":{"uv":[5.5,4.0,5.0,4.5],"rotation":0,"texture":"#0","tintindex":0}}},{"from":[6.285714,10.163265,6.408163],"to":[9.714286,11.306123,8.693877],"rotation":{"angle":0.0,"axis":"y","origin":[9.714286,-4.122449,7.5510206]},"faces":{"east":{"uv":[5.5,2.75,6.0,3.0],"rotation":0,"texture":"#0","tintindex":0},"south":{"uv":[5.5,2.5,6.25,2.75],"rotation":0,"texture":"#0","tintindex":0},"north":{"uv":[3.0,5.25,3.75,5.5],"rotation":0,"texture":"#0","tintindex":0},"west":{"uv":[3.0,5.5,3.5,5.75],"rotation":0,"texture":"#0","tintindex":0},"up":{"uv":[5.625,2.0,4.875,1.5],"rotation":0,"texture":"#0","tintindex":0},"down":{"uv":[5.75,2.0,5.0,2.5],"rotation":0,"texture":"#0","tintindex":0}}},{"from":[7.428571,9.591837,6.408163],"to":[8.571428,10.163265,8.693877],"rotation":{"angle":0.0,"axis":"y","origin":[9.714286,-5.2653065,7.5510206]},"faces":{"east":{"uv":[5.5,5.375,6.0,5.5],"rotation":0,"texture":"#0","tintindex":0},"south":{"uv":[5.75,3.25,6.0,3.375],"rotation":0,"texture":"#0","tintindex":0},"north":{"uv":[5.75,2.375,6.0,2.5],"rotation":0,"texture":"#0","tintindex":0},"west":{"uv":[5.625,1.5,6.125,1.625],"rotation":0,"texture":"#0","tintindex":0},"up":{"uv":[4.0,5.75,3.75,5.25],"rotation":0,"texture":"#0","tintindex":0},"down":{"uv":[5.75,3.0,5.5,3.5],"rotation":0,"texture":"#0","tintindex":0}}},{"from":[6.857143,8.448979,6.408163],"to":[9.142858,9.591837,8.693877],"rotation":{"angle":0.0,"axis":"y","origin":[9.714286,-5.836735,7.5510206]},"faces":{"east":{"uv":[5.5,3.75,6.0,4.0],"rotation":0,"texture":"#0","tintindex":0},"south":{"uv":[5.5,4.0,6.0,4.25],"rotation":0,"texture":"#0","tintindex":0},"north":{"uv":[5.5,3.5,6.0,3.75],"rotation":0,"texture":"#0","tintindex":0},"west":{"uv":[5.5,4.25,6.0,4.5],"rotation":0,"texture":"#0","tintindex":0},"up":{"uv":[5.5,5.0,5.0,4.5],"rotation":0,"texture":"#0","tintindex":0},"down":{"uv":[5.5,5.0,5.0,5.5],"rotation":0,"texture":"#0","tintindex":0}}},{"from":[7.428571,7.3061223,6.408163],"to":[8.571428,8.448979,8.693877],"rotation":{"angle":0.0,"axis":"y","origin":[9.714286,-6.9795923,7.5510206]},"faces":{"east":{"uv":[5.5,4.5,6.0,4.75],"rotation":0,"texture":"#0","tintindex":0},"south":{"uv":[4.5,5.625,4.75,5.875],"rotation":0,"texture":"#0","tintindex":0},"north":{"uv":[5.625,1.625,5.875,1.875],"rotation":0,"texture":"#0","tintindex":0},"west":{"uv":[5.5,4.75,6.0,5.0],"rotation":0,"texture":"#0","tintindex":0},"up":{"uv":[3.75,6.0,3.5,5.5],"rotation":0,"texture":"#0","tintindex":0},"down":{"uv":[5.25,5.5,5.0,6.0],"rotation":0,"texture":"#0","tintindex":0}}},{"from":[8.0,5.5918365,8.693877],"to":[8.0,14.163265,12.693878],"rotation":{"angle":0.0,"axis":"y","origin":[9.714286,-1.2653065,9.836735]},"faces":{"east":{"uv":[3.0,0.0,3.875,1.875],"rotation":0,"texture":"#0","tintindex":0},"south":{"uv":[0.0,0.0,0.0,1.875],"rotation":0,"texture":"#0","tintindex":0},"north":{"uv":[0.0,0.0,0.0,1.875],"rotation":0,"texture":"#0","tintindex":0},"west":{"uv":[3.0,1.875,3.875,3.75],"rotation":0,"texture":"#0","tintindex":0},"up":{"uv":[0.0,0.875,0.0,0.0],"rotation":0,"texture":"#0","tintindex":0},"down":{"uv":[0.0,0.0,0.0,0.875],"rotation":0,"texture":"#0","tintindex":0}}}],"textures":{"0":"modelengine:entity/endersoul"},"display":{"head":{"translation":[0.0,-6.4,0.0],"scale":[4.0,4.0,4.0]}}}