{"elements":[{"from":[5.714286,8.0,5.714286],"to":[10.285714,12.571428,10.285714],"rotation":{"angle":0.0,"axis":"y","origin":[9.714286,-2.8571434,8.0]},"faces":{"east":{"uv":[1.0,3.5,2.0,4.5],"rotation":0,"texture":"#0","tintindex":0},"south":{"uv":[2.0,3.5,3.0,4.5],"rotation":0,"texture":"#0","tintindex":0},"north":{"uv":[0.0,3.5,1.0,4.5],"rotation":0,"texture":"#0","tintindex":0},"west":{"uv":[3.0,3.75,4.0,4.75],"rotation":0,"texture":"#0","tintindex":0},"up":{"uv":[4.875,1.0,3.875,0.0],"rotation":0,"texture":"#0","tintindex":0},"down":{"uv":[4.875,1.0,3.875,2.0],"rotation":0,"texture":"#0","tintindex":0}}},{"from":[-1.1428576,8.0,8.0],"to":[5.714286,16.0,8.0],"rotation":{"angle":0.0,"axis":"y","origin":[5.142857,-2.8571434,8.0]},"faces":{"east":{"uv":[0.0,0.0,0.0,1.75],"rotation":0,"texture":"#0","tintindex":0},"south":{"uv":[1.5,0.0,3.0,1.75],"rotation":0,"texture":"#0","tintindex":0},"north":{"uv":[0.0,0.0,1.5,1.75],"rotation":0,"texture":"#0","tintindex":0},"west":{"uv":[0.0,0.0,0.0,1.75],"rotation":0,"texture":"#0","tintindex":0},"up":{"uv":[1.5,0.0,0.0,0.0],"rotation":0,"texture":"#0","tintindex":0},"down":{"uv":[1.5,0.0,0.0,0.0],"rotation":0,"texture":"#0","tintindex":0}}},{"from":[10.285714,8.0,8.0],"to":[17.142857,16.0,8.0],"rotation":{"angle":0.0,"axis":"y","origin":[16.57143,-2.8571434,8.0]},"faces":{"east":{"uv":[0.0,0.0,0.0,1.75],"rotation":0,"texture":"#0","tintindex":0},"south":{"uv":[1.5,1.75,3.0,3.5],"rotation":0,"texture":"#0","tintindex":0},"north":{"uv":[0.0,1.75,1.5,3.5],"rotation":0,"texture":"#0","tintindex":0},"west":{"uv":[0.0,0.0,0.0,1.75],"rotation":0,"texture":"#0","tintindex":0},"up":{"uv":[1.5,0.0,0.0,0.0],"rotation":0,"texture":"#0","tintindex":0},"down":{"uv":[1.5,0.0,0.0,0.0],"rotation":0,"texture":"#0","tintindex":0}}}],"textures":{"0":"modelengine:entity/endersoul"},"display":{"head":{"translation":[0.0,-6.4,0.0],"scale":[4.0,4.0,4.0]}}}