{"elements":[{"from":[6.857143,-7.8571434,7.428571],"to":[8.0,8.714286,8.571428],"rotation":{"angle":0.0,"axis":"y","origin":[7.428571,-7.8571434,8.0]},"faces":{"east":{"uv":[1.75,4.5,2.0,8.125],"rotation":0,"texture":"#0","tintindex":0},"south":{"uv":[2.0,4.5,2.25,8.125],"rotation":0,"texture":"#0","tintindex":0},"north":{"uv":[1.5,4.5,1.75,8.125],"rotation":0,"texture":"#0","tintindex":0},"west":{"uv":[4.5,2.0,4.75,5.625],"rotation":0,"texture":"#0","tintindex":0},"up":{"uv":[6.0,2.375,5.75,2.125],"rotation":0,"texture":"#0","tintindex":0},"down":{"uv":[3.25,5.75,3.0,6.0],"rotation":0,"texture":"#0","tintindex":0}}}],"textures":{"0":"modelengine:entity/endersoul"},"display":{"head":{"translation":[0.0,-6.4,0.0],"scale":[4.0,4.0,4.0]}}}