{"elements":[{"from":[6.857143,-8.0,7.428571],"to":[8.0,9.142858,8.571428],"rotation":{"angle":0.0,"axis":"y","origin":[7.428571,-6.285715,8.0]},"faces":{"east":{"uv":[4.25,2.0,4.5,5.75],"rotation":0,"texture":"#0","tintindex":0},"south":{"uv":[0.0,4.5,0.25,8.25],"rotation":0,"texture":"#0","tintindex":0},"north":{"uv":[4.0,2.0,4.25,5.75],"rotation":0,"texture":"#0","tintindex":0},"west":{"uv":[0.25,4.5,0.5,8.25],"rotation":0,"texture":"#0","tintindex":0},"up":{"uv":[5.0,5.875,4.75,5.625],"rotation":0,"texture":"#0","tintindex":0},"down":{"uv":[5.5,5.625,5.25,5.875],"rotation":0,"texture":"#0","tintindex":0}}}],"textures":{"0":"modelengine:entity/endersoul"},"display":{"head":{"translation":[0.0,-6.4,0.0],"scale":[4.0,4.0,4.0]}}}