{"elements":[{"from":[8.0,-8.0,7.428571],"to":[9.142858,9.142858,8.571428],"rotation":{"angle":0.0,"axis":"y","origin":[8.571428,-6.285715,8.0]},"faces":{"east":{"uv":[0.75,4.5,1.0,8.25],"rotation":0,"texture":"#0","tintindex":0},"south":{"uv":[1.0,4.5,1.25,8.25],"rotation":0,"texture":"#0","tintindex":0},"north":{"uv":[0.5,4.5,0.75,8.25],"rotation":0,"texture":"#0","tintindex":0},"west":{"uv":[1.25,4.5,1.5,8.25],"rotation":0,"texture":"#0","tintindex":0},"up":{"uv":[5.75,5.875,5.5,5.625],"rotation":0,"texture":"#0","tintindex":0},"down":{"uv":[6.0,1.875,5.75,2.125],"rotation":0,"texture":"#0","tintindex":0}}}],"textures":{"0":"modelengine:entity/endersoul"},"display":{"head":{"translation":[0.0,-6.4,0.0],"scale":[4.0,4.0,4.0]}}}