{"elements":[{"from":[8.0,-7.8571434,7.428571],"to":[9.142858,8.714286,8.571428],"rotation":{"angle":0.0,"axis":"y","origin":[8.571428,-7.8571434,8.0]},"faces":{"east":{"uv":[2.5,4.5,2.75,8.125],"rotation":0,"texture":"#0","tintindex":0},"south":{"uv":[2.75,4.5,3.0,8.125],"rotation":0,"texture":"#0","tintindex":0},"north":{"uv":[2.25,4.5,2.5,8.125],"rotation":0,"texture":"#0","tintindex":0},"west":{"uv":[4.75,2.0,5.0,5.625],"rotation":0,"texture":"#0","tintindex":0},"up":{"uv":[6.0,3.25,5.75,3.0],"rotation":0,"texture":"#0","tintindex":0},"down":{"uv":[3.5,5.75,3.25,6.0],"rotation":0,"texture":"#0","tintindex":0}}}],"textures":{"0":"modelengine:entity/endersoul"},"display":{"head":{"translation":[0.0,-6.4,0.0],"scale":[4.0,4.0,4.0]}}}