{"elements":[{"from":[5.714286,8.0,9.142858],"to":[10.285714,14.857143,9.142858],"rotation":{"angle":0.0,"axis":"y","origin":[8.0,1.1428566,8.0]},"faces":{"east":{"uv":[0.0,0.0,0.0,1.5],"rotation":0,"texture":"#0","tintindex":0},"south":{"uv":[4.0,2.625,5.0,4.125],"rotation":0,"texture":"#0","tintindex":0},"north":{"uv":[3.0,2.625,4.0,4.125],"rotation":0,"texture":"#0","tintindex":0},"west":{"uv":[0.0,0.0,0.0,1.5],"rotation":0,"texture":"#0","tintindex":0},"up":{"uv":[1.0,0.0,0.0,0.0],"rotation":0,"texture":"#0","tintindex":0},"down":{"uv":[1.0,0.0,0.0,0.0],"rotation":0,"texture":"#0","tintindex":0}}},{"from":[5.714286,8.0,6.857143],"to":[10.285714,14.857143,6.857143],"rotation":{"angle":0.0,"axis":"y","origin":[8.0,1.1428566,8.0]},"faces":{"east":{"uv":[0.0,0.0,0.0,1.5],"rotation":0,"texture":"#0","tintindex":0},"south":{"uv":[4.0,4.125,5.0,5.625],"rotation":0,"texture":"#0","tintindex":0},"north":{"uv":[3.0,4.125,4.0,5.625],"rotation":0,"texture":"#0","tintindex":0},"west":{"uv":[0.0,0.0,0.0,1.5],"rotation":0,"texture":"#0","tintindex":0},"up":{"uv":[1.0,0.0,0.0,0.0],"rotation":0,"texture":"#0","tintindex":0},"down":{"uv":[1.0,0.0,0.0,0.0],"rotation":0,"texture":"#0","tintindex":0}}},{"from":[5.714286,8.0,6.857143],"to":[10.285714,8.0,9.142858],"rotation":{"angle":0.0,"axis":"y","origin":[8.0,1.1428566,8.0]},"faces":{"east":{"uv":[0.0,0.0,0.5,0.0],"rotation":0,"texture":"#0","tintindex":0},"south":{"uv":[0.0,0.0,1.0,0.0],"rotation":0,"texture":"#0","tintindex":0},"north":{"uv":[0.0,0.0,1.0,0.0],"rotation":0,"texture":"#0","tintindex":0},"west":{"uv":[0.0,0.0,0.5,0.0],"rotation":0,"texture":"#0","tintindex":0},"up":{"uv":[8.0,4.0,7.0,3.5],"rotation":0,"texture":"#0","tintindex":0},"down":{"uv":[8.0,4.0,7.0,4.5],"rotation":0,"texture":"#0","tintindex":0}}},{"from":[10.285714,8.0,6.857143],"to":[10.285714,14.857143,9.142858],"rotation":{"angle":0.0,"axis":"y","origin":[8.0,1.1428566,8.0]},"faces":{"east":{"uv":[6.0,1.0,6.5,2.5],"rotation":0,"texture":"#0","tintindex":0},"south":{"uv":[0.0,0.0,0.0,1.5],"rotation":0,"texture":"#0","tintindex":0},"north":{"uv":[0.0,0.0,0.0,1.5],"rotation":0,"texture":"#0","tintindex":0},"west":{"uv":[6.0,2.5,6.5,4.0],"rotation":0,"texture":"#0","tintindex":0},"up":{"uv":[0.0,0.5,0.0,0.0],"rotation":0,"texture":"#0","tintindex":0},"down":{"uv":[0.0,0.0,0.0,0.5],"rotation":0,"texture":"#0","tintindex":0}}},{"from":[5.714286,8.0,6.857143],"to":[5.714286,14.857143,9.142858],"rotation":{"angle":0.0,"axis":"y","origin":[8.0,1.1428566,8.0]},"faces":{"east":{"uv":[6.0,4.0,6.5,5.5],"rotation":0,"texture":"#0","tintindex":0},"south":{"uv":[0.0,0.0,0.0,1.5],"rotation":0,"texture":"#0","tintindex":0},"north":{"uv":[0.0,0.0,0.0,1.5],"rotation":0,"texture":"#0","tintindex":0},"west":{"uv":[5.0,6.0,5.5,7.5],"rotation":0,"texture":"#0","tintindex":0},"up":{"uv":[0.0,0.5,0.0,0.0],"rotation":0,"texture":"#0","tintindex":0},"down":{"uv":[0.0,0.0,0.0,0.5],"rotation":0,"texture":"#0","tintindex":0}}},{"from":[2.8571424,2.8571424,9.714286],"to":[13.142858,14.857143,9.714286],"rotation":{"angle":0.0,"axis":"y","origin":[8.0,8.0,8.0]},"faces":{"east":{"uv":[0.0,0.0,0.0,2.625],"rotation":0,"texture":"#0","tintindex":0},"south":{"uv":[2.25,0.0,4.5,2.625],"rotation":0,"texture":"#0","tintindex":0},"north":{"uv":[0.0,0.0,2.25,2.625],"rotation":0,"texture":"#0","tintindex":0},"west":{"uv":[0.0,0.0,0.0,2.625],"rotation":0,"texture":"#0","tintindex":0},"up":{"uv":[2.25,0.0,0.0,0.0],"rotation":0,"texture":"#0","tintindex":0},"down":{"uv":[2.25,0.0,0.0,0.0],"rotation":0,"texture":"#0","tintindex":0}}},{"from":[2.8571424,2.8571424,6.285714],"to":[2.8571424,14.857143,9.714286],"rotation":{"angle":0.0,"axis":"y","origin":[8.0,8.0,8.0]},"faces":{"east":{"uv":[0.0,2.625,0.75,5.25],"rotation":0,"texture":"#0","tintindex":0},"south":{"uv":[0.0,0.0,0.0,2.625],"rotation":0,"texture":"#0","tintindex":0},"north":{"uv":[0.0,0.0,0.0,2.625],"rotation":0,"texture":"#0","tintindex":0},"west":{"uv":[0.75,2.625,1.5,5.25],"rotation":0,"texture":"#0","tintindex":0},"up":{"uv":[0.0,0.75,0.0,0.0],"rotation":0,"texture":"#0","tintindex":0},"down":{"uv":[0.0,0.0,0.0,0.75],"rotation":0,"texture":"#0","tintindex":0}}},{"from":[13.142858,2.8571424,6.285714],"to":[13.142858,14.857143,9.714286],"rotation":{"angle":0.0,"axis":"y","origin":[8.0,8.0,8.0]},"faces":{"east":{"uv":[1.5,2.625,2.25,5.25],"rotation":0,"texture":"#0","tintindex":0},"south":{"uv":[0.0,0.0,0.0,2.625],"rotation":0,"texture":"#0","tintindex":0},"north":{"uv":[0.0,0.0,0.0,2.625],"rotation":0,"texture":"#0","tintindex":0},"west":{"uv":[2.25,2.625,3.0,5.25],"rotation":0,"texture":"#0","tintindex":0},"up":{"uv":[0.0,0.75,0.0,0.0],"rotation":0,"texture":"#0","tintindex":0},"down":{"uv":[0.0,0.0,0.0,0.75],"rotation":0,"texture":"#0","tintindex":0}}},{"from":[2.8571424,14.857143,6.285714],"to":[5.714286,16.57143,9.714286],"rotation":{"angle":0.0,"axis":"y","origin":[8.0,1.1428566,8.0]},"faces":{"east":{"uv":[7.0,6.75,7.75,7.125],"rotation":0,"texture":"#0","tintindex":0},"south":{"uv":[3.0,7.5,3.625,7.875],"rotation":0,"texture":"#0","tintindex":0},"north":{"uv":[3.75,7.375,4.375,7.75],"rotation":0,"texture":"#0","tintindex":0},"west":{"uv":[3.0,7.125,3.75,7.5],"rotation":0,"texture":"#0","tintindex":0},"up":{"uv":[4.75,7.375,4.125,6.625],"rotation":0,"texture":"#0","tintindex":0},"down":{"uv":[7.625,4.5,7.0,5.25],"rotation":0,"texture":"#0","tintindex":0}}},{"from":[2.8571424,13.142858,6.285714],"to":[5.714286,14.857143,6.285714],"rotation":{"angle":0.0,"axis":"y","origin":[8.0,1.1428566,8.0]},"faces":{"east":{"uv":[0.0,0.0,0.0,0.375],"rotation":0,"texture":"#0","tintindex":0},"south":{"uv":[5.625,7.5,6.25,7.875],"rotation":0,"texture":"#0","tintindex":0},"north":{"uv":[5.0,7.5,5.625,7.875],"rotation":0,"texture":"#0","tintindex":0},"west":{"uv":[0.0,0.0,0.0,0.375],"rotation":0,"texture":"#0","tintindex":0},"up":{"uv":[0.625,0.0,0.0,0.0],"rotation":0,"texture":"#0","tintindex":0},"down":{"uv":[0.625,0.0,0.0,0.0],"rotation":0,"texture":"#0","tintindex":0}}},{"from":[10.285714,13.142858,6.285714],"to":[13.142858,14.857143,6.285714],"rotation":{"angle":0.0,"axis":"y","origin":[8.0,1.1428566,8.0]},"faces":{"east":{"uv":[0.0,0.0,0.0,0.375],"rotation":0,"texture":"#0","tintindex":0},"south":{"uv":[1.0,7.625,1.625,8.0],"rotation":0,"texture":"#0","tintindex":0},"north":{"uv":[7.0,7.5,7.625,7.875],"rotation":0,"texture":"#0","tintindex":0},"west":{"uv":[0.0,0.0,0.0,0.375],"rotation":0,"texture":"#0","tintindex":0},"up":{"uv":[0.625,0.0,0.0,0.0],"rotation":0,"texture":"#0","tintindex":0},"down":{"uv":[0.625,0.0,0.0,0.0],"rotation":0,"texture":"#0","tintindex":0}}},{"from":[10.285714,14.857143,6.285714],"to":[13.142858,16.57143,9.714286],"rotation":{"angle":0.0,"axis":"y","origin":[8.0,1.1428566,8.0]},"faces":{"east":{"uv":[7.0,7.125,7.75,7.5],"rotation":0,"texture":"#0","tintindex":0},"south":{"uv":[7.625,4.875,8.25,5.25],"rotation":0,"texture":"#0","tintindex":0},"north":{"uv":[7.625,4.5,8.25,4.875],"rotation":0,"texture":"#0","tintindex":0},"west":{"uv":[1.0,7.25,1.75,7.625],"rotation":0,"texture":"#0","tintindex":0},"up":{"uv":[7.625,6.0,7.0,5.25],"rotation":0,"texture":"#0","tintindex":0},"down":{"uv":[7.625,6.0,7.0,6.75],"rotation":0,"texture":"#0","tintindex":0}}}],"textures":{"0":"modelengine:entity/nigromante"},"display":{"head":{"translation":[0.0,-6.4,0.0],"scale":[4.0,4.0,4.0]}}}