{"elements":[{"from":[6.285714,7.3061223,6.897959],"to":[6.857143,7.877551,10.32653],"rotation":{"angle":0.0,"axis":"y","origin":[8.0,1.5918365,8.612245]},"faces":{"east":{"uv":[0.0,7.75,0.75,7.875],"rotation":0,"texture":"#0","tintindex":0},"south":{"uv":[0.375,8.0,0.5,8.125],"rotation":0,"texture":"#0","tintindex":0},"north":{"uv":[8.0,0.25,8.125,0.375],"rotation":0,"texture":"#0","tintindex":0},"west":{"uv":[3.625,7.75,4.375,7.875],"rotation":0,"texture":"#0","tintindex":0},"up":{"uv":[2.5,7.5,2.375,6.75],"rotation":0,"texture":"#0","tintindex":0},"down":{"uv":[2.5,7.5,2.375,8.25],"rotation":0,"texture":"#0","tintindex":0}}},{"from":[9.142858,7.3061223,6.897959],"to":[9.714286,7.877551,10.32653],"rotation":{"angle":0.0,"axis":"y","origin":[8.0,1.5918365,8.612245]},"faces":{"east":{"uv":[7.75,6.75,8.5,6.875],"rotation":0,"texture":"#0","tintindex":0},"south":{"uv":[1.0,8.0,1.125,8.125],"rotation":0,"texture":"#0","tintindex":0},"north":{"uv":[8.0,0.375,8.125,0.5],"rotation":0,"texture":"#0","tintindex":0},"west":{"uv":[7.75,6.875,8.5,7.0],"rotation":0,"texture":"#0","tintindex":0},"up":{"uv":[6.375,8.25,6.25,7.5],"rotation":0,"texture":"#0","tintindex":0},"down":{"uv":[6.5,7.5,6.375,8.25],"rotation":0,"texture":"#0","tintindex":0}}},{"from":[6.857143,7.3061223,6.897959],"to":[9.142858,7.877551,7.469388],"rotation":{"angle":0.0,"axis":"y","origin":[8.0,1.5918365,8.612245]},"faces":{"east":{"uv":[1.125,8.0,1.25,8.125],"rotation":0,"texture":"#0","tintindex":0},"south":{"uv":[7.75,7.0,8.25,7.125],"rotation":0,"texture":"#0","tintindex":0},"north":{"uv":[4.5,2.5,5.0,2.625],"rotation":0,"texture":"#0","tintindex":0},"west":{"uv":[1.25,8.0,1.375,8.125],"rotation":0,"texture":"#0","tintindex":0},"up":{"uv":[8.25,7.25,7.75,7.125],"rotation":0,"texture":"#0","tintindex":0},"down":{"uv":[8.25,7.25,7.75,7.375],"rotation":0,"texture":"#0","tintindex":0}}},{"from":[8.571428,7.877551,6.897959],"to":[9.142858,9.020409,7.469388],"rotation":{"angle":0.0,"axis":"y","origin":[8.0,1.5918365,8.612245]},"faces":{"east":{"uv":[7.375,7.875,7.5,8.125],"rotation":0,"texture":"#0","tintindex":0},"south":{"uv":[7.5,7.875,7.625,8.125],"rotation":0,"texture":"#0","tintindex":0},"north":{"uv":[3.625,7.5,3.75,7.75],"rotation":0,"texture":"#0","tintindex":0},"west":{"uv":[7.625,7.875,7.75,8.125],"rotation":0,"texture":"#0","tintindex":0},"up":{"uv":[1.5,8.125,1.375,8.0],"rotation":0,"texture":"#0","tintindex":0},"down":{"uv":[1.625,8.0,1.5,8.125],"rotation":0,"texture":"#0","tintindex":0}}},{"from":[7.428571,7.877551,6.897959],"to":[8.571428,9.591837,7.469388],"rotation":{"angle":0.0,"axis":"y","origin":[8.0,1.5918365,8.612245]},"faces":{"east":{"uv":[5.625,7.875,5.75,8.25],"rotation":0,"texture":"#0","tintindex":0},"south":{"uv":[2.5,7.75,2.75,8.125],"rotation":0,"texture":"#0","tintindex":0},"north":{"uv":[0.75,7.75,1.0,8.125],"rotation":0,"texture":"#0","tintindex":0},"west":{"uv":[5.75,7.875,5.875,8.25],"rotation":0,"texture":"#0","tintindex":0},"up":{"uv":[3.0,7.875,2.75,7.75],"rotation":0,"texture":"#0","tintindex":0},"down":{"uv":[8.0,7.875,7.75,8.0],"rotation":0,"texture":"#0","tintindex":0}}},{"from":[6.857143,7.877551,6.897959],"to":[7.428571,9.020409,7.469388],"rotation":{"angle":0.0,"axis":"y","origin":[8.0,1.5918365,8.612245]},"faces":{"east":{"uv":[8.0,0.0,8.125,0.25],"rotation":0,"texture":"#0","tintindex":0},"south":{"uv":[0.125,8.0,0.25,8.25],"rotation":0,"texture":"#0","tintindex":0},"north":{"uv":[0.0,8.0,0.125,8.25],"rotation":0,"texture":"#0","tintindex":0},"west":{"uv":[0.25,8.0,0.375,8.25],"rotation":0,"texture":"#0","tintindex":0},"up":{"uv":[1.75,8.125,1.625,8.0],"rotation":0,"texture":"#0","tintindex":0},"down":{"uv":[1.875,8.0,1.75,8.125],"rotation":0,"texture":"#0","tintindex":0}}},{"from":[6.857143,7.3061223,9.755102],"to":[9.142858,7.877551,10.32653],"rotation":{"angle":0.0,"axis":"y","origin":[8.0,1.5918365,8.612245]},"faces":{"east":{"uv":[1.875,8.0,2.0,8.125],"rotation":0,"texture":"#0","tintindex":0},"south":{"uv":[0.0,7.875,0.5,8.0],"rotation":0,"texture":"#0","tintindex":0},"north":{"uv":[7.75,7.375,8.25,7.5],"rotation":0,"texture":"#0","tintindex":0},"west":{"uv":[2.75,8.0,2.875,8.125],"rotation":0,"texture":"#0","tintindex":0},"up":{"uv":[3.25,8.0,2.75,7.875],"rotation":0,"texture":"#0","tintindex":0},"down":{"uv":[3.75,7.875,3.25,8.0],"rotation":0,"texture":"#0","tintindex":0}}}],"textures":{"0":"modelengine:entity/nigromante"},"display":{"head":{"translation":[0.0,-6.4,0.0],"scale":[4.0,4.0,4.0]}}}