{"elements":[{"from":[5.714286,8.0,5.714286],"to":[10.285714,12.571428,10.285714],"rotation":{"angle":0.0,"axis":"y","origin":[8.0,-5.714287,8.0]},"faces":{"east":{"uv":[1.0,5.25,2.0,6.25],"rotation":0,"texture":"#0","tintindex":0},"south":{"uv":[2.0,5.25,3.0,6.25],"rotation":0,"texture":"#0","tintindex":0},"north":{"uv":[0.0,5.25,1.0,6.25],"rotation":0,"texture":"#0","tintindex":0},"west":{"uv":[5.5,0.0,6.5,1.0],"rotation":0,"texture":"#0","tintindex":0},"up":{"uv":[4.0,6.625,3.0,5.625],"rotation":0,"texture":"#0","tintindex":0},"down":{"uv":[5.0,5.625,4.0,6.625],"rotation":0,"texture":"#0","tintindex":0}}}],"textures":{"0":"modelengine:entity/nigromante"},"display":{"head":{"translation":[0.0,-6.4,0.0],"scale":[4.0,4.0,4.0]}}}