{"elements":[{"from":[5.714286,2.2857141,6.857143],"to":[8.0,9.142858,9.142858],"rotation":{"angle":0.0,"axis":"y","origin":[10.285714,-4.5714293,8.0]},"faces":{"east":{"uv":[6.0,5.5,6.5,7.0],"rotation":0,"texture":"#0","tintindex":0},"south":{"uv":[0.0,6.25,0.5,7.75],"rotation":0,"texture":"#0","tintindex":0},"north":{"uv":[5.5,6.0,6.0,7.5],"rotation":0,"texture":"#0","tintindex":0},"west":{"uv":[0.5,6.25,1.0,7.75],"rotation":0,"texture":"#0","tintindex":0},"up":{"uv":[5.0,2.0,4.5,1.5],"rotation":0,"texture":"#0","tintindex":0},"down":{"uv":[5.0,2.0,4.5,2.5],"rotation":0,"texture":"#0","tintindex":0}}}],"textures":{"0":"modelengine:entity/nigromante"},"display":{"head":{"translation":[0.0,-6.4,0.0],"scale":[4.0,4.0,4.0]}}}