{"elements":[{"from":[8.0,6.857143,2.2857141],"to":[10.285714,9.142858,9.142858],"rotation":{"angle":0.0,"axis":"y","origin":[5.714286,-4.5714293,8.0]},"faces":{"east":{"uv":[1.0,6.25,2.5,6.75],"rotation":0,"texture":"#0","tintindex":0},"south":{"uv":[6.0,7.0,6.5,7.5],"rotation":0,"texture":"#0","tintindex":0},"north":{"uv":[5.5,1.0,6.0,1.5],"rotation":0,"texture":"#0","tintindex":0},"west":{"uv":[6.5,0.0,8.0,0.5],"rotation":0,"texture":"#0","tintindex":0},"up":{"uv":[3.0,7.75,2.5,6.25],"rotation":0,"texture":"#0","tintindex":0},"down":{"uv":[7.0,0.5,6.5,2.0],"rotation":0,"texture":"#0","tintindex":0}}}],"textures":{"0":"modelengine:entity/nigromante"},"display":{"head":{"translation":[0.0,-6.4,0.0],"scale":[4.0,4.0,4.0]}}}