{"elements":[{"from":[7.714286,-4.6122456,7.714286],"to":[8.285714,10.816326,8.285714],"rotation":{"angle":0.0,"axis":"y","origin":[7.142857,7.9591837,12.857143]},"faces":{"east":{"uv":[4.875,6.625,5.0,10.0],"rotation":0,"texture":"#0","tintindex":0},"south":{"uv":[2.125,6.75,2.25,10.125],"rotation":0,"texture":"#0","tintindex":0},"north":{"uv":[4.75,6.625,4.875,10.0],"rotation":0,"texture":"#0","tintindex":0},"west":{"uv":[2.25,6.75,2.375,10.125],"rotation":0,"texture":"#0","tintindex":0},"up":{"uv":[3.0,8.125,2.875,8.0],"rotation":0,"texture":"#0","tintindex":0},"down":{"uv":[3.125,8.0,3.0,8.125],"rotation":0,"texture":"#0","tintindex":0}}},{"from":[7.142857,10.816326,7.142857],"to":[8.857143,11.387755,8.857143],"rotation":{"angle":0.0,"axis":"y","origin":[7.142857,7.9591837,12.857143]},"faces":{"east":{"uv":[3.75,7.25,4.125,7.375],"rotation":0,"texture":"#0","tintindex":0},"south":{"uv":[5.875,7.875,6.25,8.0],"rotation":0,"texture":"#0","tintindex":0},"north":{"uv":[3.75,7.125,4.125,7.25],"rotation":0,"texture":"#0","tintindex":0},"west":{"uv":[7.0,7.875,7.375,8.0],"rotation":0,"texture":"#0","tintindex":0},"up":{"uv":[2.125,7.625,1.75,7.25],"rotation":0,"texture":"#0","tintindex":0},"down":{"uv":[4.75,7.375,4.375,7.75],"rotation":0,"texture":"#0","tintindex":0}}},{"from":[8.857143,10.244898,7.714286],"to":[9.428572,12.530613,8.285714],"rotation":{"angle":0.0,"axis":"y","origin":[7.142857,7.9591837,12.857143]},"faces":{"east":{"uv":[4.375,7.75,4.5,8.25],"rotation":0,"texture":"#0","tintindex":0},"south":{"uv":[4.5,7.75,4.625,8.25],"rotation":0,"texture":"#0","tintindex":0},"north":{"uv":[2.0,7.625,2.125,8.125],"rotation":0,"texture":"#0","tintindex":0},"west":{"uv":[4.625,7.75,4.75,8.25],"rotation":0,"texture":"#0","tintindex":0},"up":{"uv":[3.25,8.125,3.125,8.0],"rotation":0,"texture":"#0","tintindex":0},"down":{"uv":[3.375,8.0,3.25,8.125],"rotation":0,"texture":"#0","tintindex":0}}},{"from":[6.5714283,10.244898,7.714286],"to":[7.142857,12.530613,8.285714],"rotation":{"angle":0.0,"axis":"y","origin":[7.142857,7.9591837,12.857143]},"faces":{"east":{"uv":[0.625,7.875,0.75,8.375],"rotation":0,"texture":"#0","tintindex":0},"south":{"uv":[3.75,7.875,3.875,8.375],"rotation":0,"texture":"#0","tintindex":0},"north":{"uv":[0.5,7.875,0.625,8.375],"rotation":0,"texture":"#0","tintindex":0},"west":{"uv":[3.875,7.875,4.0,8.375],"rotation":0,"texture":"#0","tintindex":0},"up":{"uv":[3.5,8.125,3.375,8.0],"rotation":0,"texture":"#0","tintindex":0},"down":{"uv":[3.625,8.0,3.5,8.125],"rotation":0,"texture":"#0","tintindex":0}}},{"from":[7.714286,10.244898,6.5714283],"to":[8.285714,12.530613,7.142857],"rotation":{"angle":0.0,"axis":"y","origin":[7.142857,7.9591837,12.857143]},"faces":{"east":{"uv":[4.125,7.875,4.25,8.375],"rotation":0,"texture":"#0","tintindex":0},"south":{"uv":[4.25,7.875,4.375,8.375],"rotation":0,"texture":"#0","tintindex":0},"north":{"uv":[4.0,7.875,4.125,8.375],"rotation":0,"texture":"#0","tintindex":0},"west":{"uv":[5.0,7.875,5.125,8.375],"rotation":0,"texture":"#0","tintindex":0},"up":{"uv":[8.125,3.625,8.0,3.5],"rotation":0,"texture":"#0","tintindex":0},"down":{"uv":[3.75,8.0,3.625,8.125],"rotation":0,"texture":"#0","tintindex":0}}},{"from":[7.714286,10.244898,8.857143],"to":[8.285714,12.530613,9.428572],"rotation":{"angle":0.0,"axis":"y","origin":[7.142857,7.9591837,12.857143]},"faces":{"east":{"uv":[5.25,7.875,5.375,8.375],"rotation":0,"texture":"#0","tintindex":0},"south":{"uv":[5.375,7.875,5.5,8.375],"rotation":0,"texture":"#0","tintindex":0},"north":{"uv":[5.125,7.875,5.25,8.375],"rotation":0,"texture":"#0","tintindex":0},"west":{"uv":[5.5,7.875,5.625,8.375],"rotation":0,"texture":"#0","tintindex":0},"up":{"uv":[8.125,3.75,8.0,3.625],"rotation":0,"texture":"#0","tintindex":0},"down":{"uv":[8.125,3.75,8.0,3.875],"rotation":0,"texture":"#0","tintindex":0}}},{"from":[7.142857,11.387755,7.142857],"to":[8.857143,13.102041,8.857143],"rotation":{"angle":0.0,"axis":"y","origin":[7.142857,7.9591837,12.857143]},"faces":{"east":{"uv":[7.625,5.25,8.0,5.625],"rotation":0,"texture":"#0","tintindex":0},"south":{"uv":[7.625,5.625,8.0,6.0],"rotation":0,"texture":"#0","tintindex":0},"north":{"uv":[1.625,7.625,2.0,8.0],"rotation":0,"texture":"#0","tintindex":0},"west":{"uv":[7.625,6.0,8.0,6.375],"rotation":0,"texture":"#0","tintindex":0},"up":{"uv":[8.0,6.75,7.625,6.375],"rotation":0,"texture":"#0","tintindex":0},"down":{"uv":[8.0,7.5,7.625,7.875],"rotation":0,"texture":"#0","tintindex":0}}}],"textures":{"0":"modelengine:entity/nigromante"},"display":{"head":{"translation":[0.0,-6.4,0.0],"scale":[4.0,4.0,4.0]}}}