{"elements":[{"from":[5.142857,5.142857,5.142857],"to":[10.857143,10.857143,10.857143],"rotation":{"angle":0.0,"axis":"y","origin":[8.0,5.142857,8.0]},"faces":{"east":{"uv":[2.5,5.5,5.0,8.0],"rotation":0,"texture":"#0","tintindex":0},"south":{"uv":[5.0,5.5,7.5,8.0],"rotation":0,"texture":"#0","tintindex":0},"north":{"uv":[0.0,5.5,2.5,8.0],"rotation":0,"texture":"#0","tintindex":0},"west":{"uv":[7.0,0.0,9.5,2.5],"rotation":0,"texture":"#0","tintindex":0},"up":{"uv":[9.5,5.0,7.0,2.5],"rotation":0,"texture":"#0","tintindex":0},"down":{"uv":[10.0,5.0,7.5,7.5],"rotation":0,"texture":"#0","tintindex":0}}}],"textures":{"0":"modelengine:entity/oculo"},"display":{"head":{"translation":[0.0,-6.4,0.0],"scale":[4.0,4.0,4.0]}}}