{"elements":[{"from":[1.1428566,1.9999995,8.0],"to":[9.142858,8.285714,8.0],"rotation":{"angle":0.0,"axis":"y","origin":[18.142857,6.857143,8.0]},"faces":{"east":{"uv":[0.0,0.0,0.0,2.75],"rotation":0,"texture":"#0","tintindex":0},"south":{"uv":[3.5,2.75,7.0,5.5],"rotation":0,"texture":"#0","tintindex":0},"north":{"uv":[3.5,0.0,7.0,2.75],"rotation":0,"texture":"#0","tintindex":0},"west":{"uv":[0.0,0.0,0.0,2.75],"rotation":0,"texture":"#0","tintindex":0},"up":{"uv":[3.5,0.0,0.0,0.0],"rotation":0,"texture":"#0","tintindex":0},"down":{"uv":[3.5,0.0,0.0,0.0],"rotation":0,"texture":"#0","tintindex":0}}}],"textures":{"0":"modelengine:entity/oculo"},"display":{"head":{"translation":[0.0,-6.4,0.0],"scale":[4.0,4.0,4.0]}}}