{"elements":[{"from":[4.285714,8.958081,2.2057123],"to":[11.714286,15.815225,7.34857],"rotation":{"angle":0.0,"axis":"y","origin":[8.0,7.2437954,2.4914265]},"faces":{"east":{"uv":[6.5,0.0,8.75,3.0],"rotation":0,"texture":"#0","tintindex":0},"south":{"uv":[0.0,3.0,3.25,6.0],"rotation":0,"texture":"#0","tintindex":0},"north":{"uv":[0.0,0.0,3.25,3.0],"rotation":0,"texture":"#0","tintindex":0},"west":{"uv":[6.5,3.0,8.75,6.0],"rotation":0,"texture":"#0","tintindex":0},"up":{"uv":[3.25,8.25,0.0,6.0],"rotation":0,"texture":"#0","tintindex":0},"down":{"uv":[6.5,6.0,3.25,8.25],"rotation":0,"texture":"#0","tintindex":0}}}],"textures":{"0":"modelengine:entity/bs_vm_armadillo_texture"},"display":{"head":{"translation":[0.0,-6.4,0.0],"scale":[4.0,4.0,4.0]}}}