{"elements":[{"from":[6.857143,3.2549558,5.1917095],"to":[9.142858,7.826384,7.4774237],"rotation":{"angle":22.5,"axis":"x","origin":[8.0,6.633074,8.269525]},"faces":{"east":{"uv":[5.0,8.25,6.0,10.25],"rotation":0,"texture":"#0","tintindex":0},"south":{"uv":[8.75,0.0,9.75,2.0],"rotation":0,"texture":"#0","tintindex":0},"north":{"uv":[4.0,8.25,5.0,10.25],"rotation":0,"texture":"#0","tintindex":0},"west":{"uv":[8.75,2.0,9.75,4.0],"rotation":0,"texture":"#0","tintindex":0},"up":{"uv":[10.75,4.0,9.75,3.0],"rotation":0,"texture":"#0","tintindex":0},"down":{"uv":[10.75,6.0,9.75,7.0],"rotation":0,"texture":"#0","tintindex":0}}},{"from":[7.067365,7.433189,6.475237],"to":[8.210222,10.861761,7.0466657],"rotation":{"angle":22.5,"axis":"z","origin":[8.0,6.633074,8.269525]},"faces":{"east":{"uv":[1.75,11.25,2.0,12.75],"rotation":0,"texture":"#0","tintindex":0},"south":{"uv":[5.5,10.25,6.0,11.75],"rotation":0,"texture":"#0","tintindex":0},"north":{"uv":[6.0,8.25,6.5,9.75],"rotation":0,"texture":"#0","tintindex":0},"west":{"uv":[2.0,11.25,2.25,12.75],"rotation":0,"texture":"#0","tintindex":0},"up":{"uv":[6.5,10.0,6.0,9.75],"rotation":0,"texture":"#0","tintindex":0},"down":{"uv":[11.25,8.5,10.75,8.75],"rotation":0,"texture":"#0","tintindex":0}}},{"from":[7.7897778,7.433189,6.475237],"to":[8.932634,10.861761,7.0466657],"rotation":{"angle":-22.5,"axis":"z","origin":[8.0,6.633074,8.269525]},"faces":{"east":{"uv":[3.25,11.25,3.5,12.75],"rotation":0,"texture":"#0","tintindex":0},"south":{"uv":[11.0,4.0,11.5,5.5],"rotation":0,"texture":"#0","tintindex":0},"north":{"uv":[10.75,7.0,11.25,8.5],"rotation":0,"texture":"#0","tintindex":0},"west":{"uv":[3.5,11.25,3.75,12.75],"rotation":0,"texture":"#0","tintindex":0},"up":{"uv":[11.25,9.0,10.75,8.75],"rotation":0,"texture":"#0","tintindex":0},"down":{"uv":[11.5,5.5,11.0,5.75],"rotation":0,"texture":"#0","tintindex":0}}},{"from":[7.428571,5.535825,7.35459],"to":[8.571428,7.8215394,9.068875],"rotation":{"angle":-45.0,"axis":"x","origin":[8.0,6.633074,8.269525]},"faces":{"east":{"uv":[10.75,3.0,11.5,4.0],"rotation":0,"texture":"#0","tintindex":0},"south":{"uv":[1.25,11.25,1.75,12.25],"rotation":0,"texture":"#0","tintindex":0},"north":{"uv":[0.75,11.25,1.25,12.25],"rotation":0,"texture":"#0","tintindex":0},"west":{"uv":[10.75,6.0,11.5,7.0],"rotation":0,"texture":"#0","tintindex":0},"up":{"uv":[2.75,12.0,2.25,11.25],"rotation":0,"texture":"#0","tintindex":0},"down":{"uv":[3.25,11.25,2.75,12.0],"rotation":0,"texture":"#0","tintindex":0}}}],"textures":{"0":"modelengine:entity/bs_vm_armadillo_texture"},"display":{"head":{"translation":[0.0,-6.4,0.0],"scale":[4.0,4.0,4.0]}}}