{"elements":[{"from":[7.142857,6.285714,7.142857],"to":[8.857143,8.571428,8.857143],"rotation":{"angle":0.0,"axis":"y","origin":[10.0,9.613347,6.365716]},"faces":{"east":{"uv":[10.75,0.0,11.5,1.0],"rotation":0,"texture":"#0","tintindex":0},"south":{"uv":[10.75,1.0,11.5,2.0],"rotation":0,"texture":"#0","tintindex":0},"north":{"uv":[10.5,10.0,11.25,11.0],"rotation":0,"texture":"#0","tintindex":0},"west":{"uv":[10.75,2.0,11.5,3.0],"rotation":0,"texture":"#0","tintindex":0},"up":{"uv":[11.25,11.75,10.5,11.0],"rotation":0,"texture":"#0","tintindex":0},"down":{"uv":[0.75,11.25,0.0,12.0],"rotation":0,"texture":"#0","tintindex":0}}}],"textures":{"0":"modelengine:entity/bs_vm_armadillo_texture"},"display":{"head":{"translation":[0.0,-6.4,0.0],"scale":[4.0,4.0,4.0]}}}