{"elements":[{"from":[4.285714,5.483348,4.567985],"to":[11.714286,12.340491,9.139414],"rotation":{"angle":0.0,"axis":"y","origin":[8.0,7.0966954,4.6479864]},"faces":{"east":{"uv":[0.0,8.25,2.0,11.25],"rotation":0,"texture":"#0","tintindex":0},"south":{"uv":[3.25,3.0,6.5,6.0],"rotation":0,"texture":"#0","tintindex":0},"north":{"uv":[3.25,0.0,6.5,3.0],"rotation":0,"texture":"#0","tintindex":0},"west":{"uv":[2.0,8.25,4.0,11.25],"rotation":0,"texture":"#0","tintindex":0},"up":{"uv":[9.75,8.0,6.5,6.0],"rotation":0,"texture":"#0","tintindex":0},"down":{"uv":[9.75,8.0,6.5,10.0],"rotation":0,"texture":"#0","tintindex":0}}}],"textures":{"0":"modelengine:entity/bs_vm_armadillo_texture"},"display":{"head":{"translation":[0.0,-6.4,0.0],"scale":[4.0,4.0,4.0]}}}