{"elements":[{"from":[14.857143,6.857143,6.857143],"to":[17.142857,9.142858,9.142858],"rotation":{"angle":0.0,"axis":"y","origin":[16.0,7.428571,7.428571]},"faces":{"east":{"uv":[0.0,2.0,2.0,4.0],"rotation":0,"texture":"#1","tintindex":0},"south":{"uv":[2.0,0.0,4.0,2.0],"rotation":0,"texture":"#1","tintindex":0},"north":{"uv":[0.0,0.0,2.0,2.0],"rotation":0,"texture":"#1","tintindex":0},"west":{"uv":[2.0,2.0,4.0,4.0],"rotation":0,"texture":"#1","tintindex":0},"up":{"uv":[2.0,6.0,0.0,4.0],"rotation":0,"texture":"#1","tintindex":0},"down":{"uv":[6.0,0.0,4.0,2.0],"rotation":0,"texture":"#1","tintindex":0}}},{"from":[1.1428566,1.1428566,6.857143],"to":[3.4285712,3.4285712,9.142858],"rotation":{"angle":0.0,"axis":"y","origin":[2.2857141,2.2857141,8.0]},"faces":{"east":{"uv":[4.0,2.0,6.0,4.0],"rotation":0,"texture":"#1","tintindex":0},"south":{"uv":[4.0,4.0,6.0,6.0],"rotation":0,"texture":"#1","tintindex":0},"north":{"uv":[2.0,4.0,4.0,6.0],"rotation":0,"texture":"#1","tintindex":0},"west":{"uv":[0.0,6.0,2.0,8.0],"rotation":0,"texture":"#1","tintindex":0},"up":{"uv":[8.0,2.0,6.0,0.0],"rotation":0,"texture":"#1","tintindex":0},"down":{"uv":[4.0,6.0,2.0,8.0],"rotation":0,"texture":"#1","tintindex":0}}},{"from":[12.571428,1.1428566,6.857143],"to":[14.857143,3.4285712,9.142858],"rotation":{"angle":0.0,"axis":"y","origin":[13.714286,1.7142854,7.428571]},"faces":{"east":{"uv":[4.0,6.0,6.0,8.0],"rotation":0,"texture":"#1","tintindex":0},"south":{"uv":[6.0,4.0,8.0,6.0],"rotation":0,"texture":"#1","tintindex":0},"north":{"uv":[6.0,2.0,8.0,4.0],"rotation":0,"texture":"#1","tintindex":0},"west":{"uv":[6.0,6.0,8.0,8.0],"rotation":0,"texture":"#1","tintindex":0},"up":{"uv":[2.0,10.0,0.0,8.0],"rotation":0,"texture":"#1","tintindex":0},"down":{"uv":[10.0,0.0,8.0,2.0],"rotation":0,"texture":"#1","tintindex":0}}},{"from":[12.571428,12.571428,6.857143],"to":[14.857143,14.857143,9.142858],"rotation":{"angle":0.0,"axis":"y","origin":[13.714286,13.142858,7.428571]},"faces":{"east":{"uv":[8.0,2.0,10.0,4.0],"rotation":0,"texture":"#1","tintindex":0},"south":{"uv":[4.0,8.0,6.0,10.0],"rotation":0,"texture":"#1","tintindex":0},"north":{"uv":[2.0,8.0,4.0,10.0],"rotation":0,"texture":"#1","tintindex":0},"west":{"uv":[8.0,4.0,10.0,6.0],"rotation":0,"texture":"#1","tintindex":0},"up":{"uv":[8.0,10.0,6.0,8.0],"rotation":0,"texture":"#1","tintindex":0},"down":{"uv":[10.0,6.0,8.0,8.0],"rotation":0,"texture":"#1","tintindex":0}}},{"from":[1.1428566,12.571428,6.857143],"to":[3.4285712,14.857143,9.142858],"rotation":{"angle":0.0,"axis":"y","origin":[2.2857141,13.142858,7.428571]},"faces":{"east":{"uv":[0.0,10.0,2.0,12.0],"rotation":0,"texture":"#1","tintindex":0},"south":{"uv":[10.0,0.0,12.0,2.0],"rotation":0,"texture":"#1","tintindex":0},"north":{"uv":[8.0,8.0,10.0,10.0],"rotation":0,"texture":"#1","tintindex":0},"west":{"uv":[2.0,10.0,4.0,12.0],"rotation":0,"texture":"#1","tintindex":0},"up":{"uv":[12.0,4.0,10.0,2.0],"rotation":0,"texture":"#1","tintindex":0},"down":{"uv":[6.0,10.0,4.0,12.0],"rotation":0,"texture":"#1","tintindex":0}}},{"from":[-1.1428576,6.857143,6.857143],"to":[1.1428566,9.142858,9.142858],"rotation":{"angle":0.0,"axis":"y","origin":[0.0,7.428571,7.428571]},"faces":{"east":{"uv":[6.0,10.0,8.0,12.0],"rotation":0,"texture":"#1","tintindex":0},"south":{"uv":[10.0,6.0,12.0,8.0],"rotation":0,"texture":"#1","tintindex":0},"north":{"uv":[10.0,4.0,12.0,6.0],"rotation":0,"texture":"#1","tintindex":0},"west":{"uv":[8.0,10.0,10.0,12.0],"rotation":0,"texture":"#1","tintindex":0},"up":{"uv":[12.0,10.0,10.0,8.0],"rotation":0,"texture":"#1","tintindex":0},"down":{"uv":[12.0,10.0,10.0,12.0],"rotation":0,"texture":"#1","tintindex":0}}},{"from":[6.857143,14.857143,6.857143],"to":[9.142858,17.142857,9.142858],"rotation":{"angle":0.0,"axis":"y","origin":[8.0,15.428572,7.428571]},"faces":{"east":{"uv":[12.0,0.0,14.0,2.0],"rotation":0,"texture":"#1","tintindex":0},"south":{"uv":[2.0,12.0,4.0,14.0],"rotation":0,"texture":"#1","tintindex":0},"north":{"uv":[0.0,12.0,2.0,14.0],"rotation":0,"texture":"#1","tintindex":0},"west":{"uv":[12.0,2.0,14.0,4.0],"rotation":0,"texture":"#1","tintindex":0},"up":{"uv":[6.0,14.0,4.0,12.0],"rotation":0,"texture":"#1","tintindex":0},"down":{"uv":[14.0,4.0,12.0,6.0],"rotation":0,"texture":"#1","tintindex":0}}},{"from":[6.857143,-1.1428576,6.857143],"to":[9.142858,1.1428566,9.142858],"rotation":{"angle":0.0,"axis":"y","origin":[8.0,0.0,8.0]},"faces":{"east":{"uv":[12.0,6.0,14.0,8.0],"rotation":0,"texture":"#1","tintindex":0},"south":{"uv":[8.0,12.0,10.0,14.0],"rotation":0,"texture":"#1","tintindex":0},"north":{"uv":[6.0,12.0,8.0,14.0],"rotation":0,"texture":"#1","tintindex":0},"west":{"uv":[12.0,8.0,14.0,10.0],"rotation":0,"texture":"#1","tintindex":0},"up":{"uv":[12.0,14.0,10.0,12.0],"rotation":0,"texture":"#1","tintindex":0},"down":{"uv":[14.0,10.0,12.0,12.0],"rotation":0,"texture":"#1","tintindex":0}}}],"textures":{"1":"modelengine:entity/halo"},"display":{"head":{"translation":[0.0,-6.4,0.0],"scale":[4.0,4.0,4.0]}}}