{"elements":[{"from":[8.0,2.2857141,6.857143],"to":[10.285714,9.142858,9.142858],"rotation":{"angle":0.0,"axis":"y","origin":[9.714286,8.0,8.0]},"faces":{"east":{"uv":[0.0,7.0,1.0,10.0],"rotation":0,"texture":"#0","tintindex":0},"south":{"uv":[7.0,0.0,8.0,3.0],"rotation":0,"texture":"#0","tintindex":0},"north":{"uv":[6.0,6.0,7.0,9.0],"rotation":0,"texture":"#0","tintindex":0},"west":{"uv":[1.0,7.0,2.0,10.0],"rotation":0,"texture":"#0","tintindex":0},"up":{"uv":[7.0,10.0,6.0,9.0],"rotation":0,"texture":"#0","tintindex":0},"down":{"uv":[10.0,6.0,9.0,7.0],"rotation":0,"texture":"#0","tintindex":0}}}],"textures":{"0":"modelengine:entity/ente"},"display":{"head":{"translation":[0.0,-6.4,0.0],"scale":[4.0,4.0,4.0]}}}