{"elements":[{"from":[4.0,7.7714286,4.5714283],"to":[12.0,14.628572,11.428572],"rotation":{"angle":0.0,"axis":"y","origin":[8.571428,4.342857,8.0]},"faces":{"east":{"uv":[0.0,6.0,3.0,9.0],"rotation":0,"texture":"#0","tintindex":0},"south":{"uv":[0.0,3.0,3.5,6.0],"rotation":0,"texture":"#0","tintindex":0},"north":{"uv":[0.0,0.0,3.5,3.0],"rotation":0,"texture":"#0","tintindex":0},"west":{"uv":[3.0,6.0,6.0,9.0],"rotation":0,"texture":"#0","tintindex":0},"up":{"uv":[7.0,3.0,3.5,0.0],"rotation":0,"texture":"#0","tintindex":0},"down":{"uv":[7.0,3.0,3.5,6.0],"rotation":0,"texture":"#0","tintindex":0}}}],"textures":{"0":"modelengine:entity/fueguito"},"display":{"head":{"translation":[0.0,-6.4,0.0],"scale":[4.0,4.0,4.0]}}}