{"elements":[{"from":[6.857143,4.0,6.857143],"to":[9.142858,7.428571,9.142858],"rotation":{"angle":0.0,"axis":"y","origin":[10.285714,4.0,8.0]},"faces":{"east":{"uv":[7.0,0.0,8.0,1.5],"rotation":0,"texture":"#0","tintindex":0},"south":{"uv":[7.0,1.5,8.0,3.0],"rotation":0,"texture":"#0","tintindex":0},"north":{"uv":[6.0,6.0,7.0,7.5],"rotation":0,"texture":"#0","tintindex":0},"west":{"uv":[7.0,3.0,8.0,4.5],"rotation":0,"texture":"#0","tintindex":0},"up":{"uv":[9.0,1.0,8.0,0.0],"rotation":0,"texture":"#0","tintindex":0},"down":{"uv":[9.0,1.0,8.0,2.0],"rotation":0,"texture":"#0","tintindex":0}}}],"textures":{"0":"modelengine:entity/fueguito"},"display":{"head":{"translation":[0.0,-6.4,0.0],"scale":[4.0,4.0,4.0]}}}