{"elements":[{"from":[5.714286,7.714286,5.714286],"to":[10.285714,12.285715,10.285714],"rotation":{"angle":0.0,"axis":"y","origin":[8.0,5.428571,8.0]},"faces":{"east":{"uv":[5.5,5.0,7.5,7.0],"rotation":0,"texture":"#0","tintindex":0},"south":{"uv":[6.0,0.0,8.0,2.0],"rotation":0,"texture":"#0","tintindex":0},"north":{"uv":[3.5,5.0,5.5,7.0],"rotation":0,"texture":"#0","tintindex":0},"west":{"uv":[6.0,2.0,8.0,4.0],"rotation":0,"texture":"#0","tintindex":0},"up":{"uv":[2.0,9.0,0.0,7.0],"rotation":0,"texture":"#0","tintindex":0},"down":{"uv":[4.0,7.0,2.0,9.0],"rotation":0,"texture":"#0","tintindex":0}}},{"from":[4.0,12.285715,4.0],"to":[12.0,14.571428,12.0],"rotation":{"angle":0.0,"axis":"y","origin":[8.0,5.428571,8.0]},"faces":{"east":{"uv":[4.0,7.0,7.5,8.0],"rotation":0,"texture":"#0","tintindex":0},"south":{"uv":[7.5,5.0,11.0,6.0],"rotation":0,"texture":"#0","tintindex":0},"north":{"uv":[6.0,4.0,9.5,5.0],"rotation":0,"texture":"#0","tintindex":0},"west":{"uv":[7.5,6.0,11.0,7.0],"rotation":0,"texture":"#0","tintindex":0},"up":{"uv":[3.5,3.5,0.0,0.0],"rotation":0,"texture":"#0","tintindex":0},"down":{"uv":[3.5,3.5,0.0,7.0],"rotation":0,"texture":"#0","tintindex":0}}},{"from":[5.142857,14.571428,5.142857],"to":[10.857143,15.714286,10.857143],"rotation":{"angle":0.0,"axis":"y","origin":[8.0,5.428571,8.0]},"faces":{"east":{"uv":[7.5,7.5,10.0,8.0],"rotation":0,"texture":"#0","tintindex":0},"south":{"uv":[8.0,0.0,10.5,0.5],"rotation":0,"texture":"#0","tintindex":0},"north":{"uv":[7.5,7.0,10.0,7.5],"rotation":0,"texture":"#0","tintindex":0},"west":{"uv":[8.0,0.5,10.5,1.0],"rotation":0,"texture":"#0","tintindex":0},"up":{"uv":[6.0,2.5,3.5,0.0],"rotation":0,"texture":"#0","tintindex":0},"down":{"uv":[6.0,2.5,3.5,5.0],"rotation":0,"texture":"#0","tintindex":0}}}],"textures":{"0":"modelengine:entity/honguito"},"display":{"head":{"translation":[0.0,-6.4,0.0],"scale":[4.0,4.0,4.0]}}}