{"elements":[{"from":[6.5714283,4.285714,7.428571],"to":[7.714286,8.285714,8.571428],"rotation":{"angle":0.0,"axis":"y","origin":[10.0,3.142857,8.0]},"faces":{"east":{"uv":[6.0,8.0,6.5,9.75],"rotation":0,"texture":"#0","tintindex":0},"south":{"uv":[6.5,8.0,7.0,9.75],"rotation":0,"texture":"#0","tintindex":0},"north":{"uv":[5.5,8.0,6.0,9.75],"rotation":0,"texture":"#0","tintindex":0},"west":{"uv":[7.0,8.0,7.5,9.75],"rotation":0,"texture":"#0","tintindex":0},"up":{"uv":[9.5,1.5,9.0,1.0],"rotation":0,"texture":"#0","tintindex":0},"down":{"uv":[2.0,9.0,1.5,9.5],"rotation":0,"texture":"#0","tintindex":0}}}],"textures":{"0":"modelengine:entity/honguito"},"display":{"head":{"translation":[0.0,-6.4,0.0],"scale":[4.0,4.0,4.0]}}}