{"elements":[{"from":[8.285714,4.285714,7.428571],"to":[9.428572,8.285714,8.571428],"rotation":{"angle":0.0,"axis":"y","origin":[6.0,3.142857,8.0]},"faces":{"east":{"uv":[4.0,8.0,4.5,9.75],"rotation":0,"texture":"#0","tintindex":0},"south":{"uv":[4.5,8.0,5.0,9.75],"rotation":0,"texture":"#0","tintindex":0},"north":{"uv":[8.0,1.0,8.5,2.75],"rotation":0,"texture":"#0","tintindex":0},"west":{"uv":[5.0,8.0,5.5,9.75],"rotation":0,"texture":"#0","tintindex":0},"up":{"uv":[1.0,9.5,0.5,9.0],"rotation":0,"texture":"#0","tintindex":0},"down":{"uv":[1.5,9.0,1.0,9.5],"rotation":0,"texture":"#0","tintindex":0}}}],"textures":{"0":"modelengine:entity/honguito"},"display":{"head":{"translation":[0.0,-6.4,0.0],"scale":[4.0,4.0,4.0]}}}