{"elements":[{"from":[7.428571,5.5714283,7.428571],"to":[8.571428,7.857143,8.571428],"rotation":{"angle":0.0,"axis":"y","origin":[6.857143,5.5714283,8.0]},"faces":{"east":{"uv":[7.5,8.0,8.0,9.0],"rotation":0,"texture":"#0","tintindex":0},"south":{"uv":[8.0,8.0,8.5,9.0],"rotation":0,"texture":"#0","tintindex":0},"north":{"uv":[8.0,2.75,8.5,3.75],"rotation":0,"texture":"#0","tintindex":0},"west":{"uv":[8.5,1.0,9.0,2.0],"rotation":0,"texture":"#0","tintindex":0},"up":{"uv":[9.5,2.0,9.0,1.5],"rotation":0,"texture":"#0","tintindex":0},"down":{"uv":[2.5,9.0,2.0,9.5],"rotation":0,"texture":"#0","tintindex":0}}}],"textures":{"0":"modelengine:entity/honguito"},"display":{"head":{"translation":[0.0,-6.4,0.0],"scale":[4.0,4.0,4.0]}}}