{"elements":[{"from":[6.857143,1.1428566,6.857143],"to":[9.142858,8.0,9.142858],"rotation":{"angle":0.0,"axis":"y","origin":[6.857143,1.1428566,8.0]},"faces":{"east":{"uv":[7.0,6.0,8.0,9.0],"rotation":0,"texture":"#0","tintindex":0},"south":{"uv":[8.0,0.0,9.0,3.0],"rotation":0,"texture":"#0","tintindex":0},"north":{"uv":[7.0,3.0,8.0,6.0],"rotation":0,"texture":"#0","tintindex":0},"west":{"uv":[2.0,8.0,3.0,11.0],"rotation":0,"texture":"#0","tintindex":0},"up":{"uv":[8.0,10.0,7.0,9.0],"rotation":0,"texture":"#0","tintindex":0},"down":{"uv":[10.0,7.0,9.0,8.0],"rotation":0,"texture":"#0","tintindex":0}}}],"textures":{"0":"modelengine:entity/momia"},"display":{"head":{"translation":[0.0,-6.4,0.0],"scale":[4.0,4.0,4.0]}}}