{"elements":[{"from":[8.807583,6.6014614,6.7968535],"to":[9.379011,7.1443186,8.225425],"rotation":{"angle":45.0,"axis":"y","origin":[7.893297,-23.69854,7.0825677]},"faces":{"east":{"uv":[7.5,1.875,7.875,2.0],"rotation":0,"texture":"#0","tintindex":0},"south":{"uv":[8.25,5.75,8.375,5.875],"rotation":0,"texture":"#0","tintindex":0},"north":{"uv":[5.75,8.25,5.875,8.375],"rotation":0,"texture":"#0","tintindex":0},"west":{"uv":[7.5,2.0,7.875,2.125],"rotation":0,"texture":"#0","tintindex":0},"up":{"uv":[2.375,7.875,2.25,7.5],"rotation":0,"texture":"#0","tintindex":0},"down":{"uv":[2.75,7.5,2.625,7.875],"rotation":0,"texture":"#0","tintindex":0}}},{"from":[9.093297,7.1728897,6.7968535],"to":[9.621869,8.287176,8.282568],"rotation":{"angle":45.0,"axis":"y","origin":[8.179011,-22.555683,7.0825677]},"faces":{"east":{"uv":[6.625,4.25,7.0,4.5],"rotation":0,"texture":"#0","tintindex":0},"south":{"uv":[8.0,3.875,8.125,4.125],"rotation":0,"texture":"#0","tintindex":0},"north":{"uv":[8.0,3.625,8.125,3.875],"rotation":0,"texture":"#0","tintindex":0},"west":{"uv":[2.375,6.75,2.75,7.0],"rotation":0,"texture":"#0","tintindex":0},"up":{"uv":[2.875,7.875,2.75,7.5],"rotation":0,"texture":"#0","tintindex":0},"down":{"uv":[3.0,7.5,2.875,7.875],"rotation":0,"texture":"#0","tintindex":0}}},{"from":[9.485064,7.158604,6.9140906],"to":[10.056493,8.301461,9.171234],"rotation":{"angle":0.0,"axis":"y","origin":[8.570778,-22.555683,5.7712336]},"faces":{"east":{"uv":[0.875,6.375,1.375,6.625],"rotation":0,"texture":"#0","tintindex":0},"south":{"uv":[4.125,8.0,4.25,8.25],"rotation":0,"texture":"#0","tintindex":0},"north":{"uv":[4.0,8.0,4.125,8.25],"rotation":0,"texture":"#0","tintindex":0},"west":{"uv":[1.375,6.375,1.875,6.625],"rotation":0,"texture":"#0","tintindex":0},"up":{"uv":[1.75,7.625,1.625,7.125],"rotation":0,"texture":"#0","tintindex":0},"down":{"uv":[4.375,7.125,4.25,7.625],"rotation":0,"texture":"#0","tintindex":0}}},{"from":[9.199349,6.587176,6.8426623],"to":[9.770779,7.158604,9.456948],"rotation":{"angle":0.0,"axis":"y","origin":[8.285064,-23.69854,5.7712336]},"faces":{"east":{"uv":[6.875,1.875,7.5,2.0],"rotation":0,"texture":"#0","tintindex":0},"south":{"uv":[8.25,5.875,8.375,6.0],"rotation":0,"texture":"#0","tintindex":0},"north":{"uv":[5.875,8.25,6.0,8.375],"rotation":0,"texture":"#0","tintindex":0},"west":{"uv":[6.875,2.625,7.5,2.75],"rotation":0,"texture":"#0","tintindex":0},"up":{"uv":[5.125,7.25,5.0,6.625],"rotation":0,"texture":"#0","tintindex":0},"down":{"uv":[5.375,6.75,5.25,7.375],"rotation":0,"texture":"#0","tintindex":0}}},{"from":[6.619688,6.6014614,6.7968535],"to":[7.1911163,7.1443186,8.225425],"rotation":{"angle":-45.0,"axis":"y","origin":[8.105402,-23.69854,7.0825677]},"faces":{"east":{"uv":[7.5,2.625,7.875,2.75],"rotation":0,"texture":"#0","tintindex":0},"south":{"uv":[8.25,6.0,8.375,6.125],"rotation":0,"texture":"#0","tintindex":0},"north":{"uv":[6.0,8.25,6.125,8.375],"rotation":0,"texture":"#0","tintindex":0},"west":{"uv":[7.5,2.75,7.875,2.875],"rotation":0,"texture":"#0","tintindex":0},"up":{"uv":[3.125,7.875,3.0,7.5],"rotation":0,"texture":"#0","tintindex":0},"down":{"uv":[3.25,7.5,3.125,7.875],"rotation":0,"texture":"#0","tintindex":0}}},{"from":[6.3768306,7.1728897,6.7968535],"to":[6.905402,8.287176,8.282568],"rotation":{"angle":-45.0,"axis":"y","origin":[7.819688,-22.555683,7.0825677]},"faces":{"east":{"uv":[6.75,4.875,7.125,5.125],"rotation":0,"texture":"#0","tintindex":0},"south":{"uv":[4.375,8.0,4.5,8.25],"rotation":0,"texture":"#0","tintindex":0},"north":{"uv":[8.0,4.125,8.125,4.375],"rotation":0,"texture":"#0","tintindex":0},"west":{"uv":[6.75,5.125,7.125,5.375],"rotation":0,"texture":"#0","tintindex":0},"up":{"uv":[3.375,7.875,3.25,7.5],"rotation":0,"texture":"#0","tintindex":0},"down":{"uv":[3.5,7.5,3.375,7.875],"rotation":0,"texture":"#0","tintindex":0}}},{"from":[5.942207,7.158604,6.9140906],"to":[6.5136356,8.301461,9.171234],"rotation":{"angle":0.0,"axis":"y","origin":[7.4279213,-22.555683,5.7712336]},"faces":{"east":{"uv":[6.375,1.5,6.875,1.75],"rotation":0,"texture":"#0","tintindex":0},"south":{"uv":[8.0,4.625,8.125,4.875],"rotation":0,"texture":"#0","tintindex":0},"north":{"uv":[8.0,4.375,8.125,4.625],"rotation":0,"texture":"#0","tintindex":0},"west":{"uv":[6.375,1.75,6.875,2.0],"rotation":0,"texture":"#0","tintindex":0},"up":{"uv":[5.25,7.625,5.125,7.125],"rotation":0,"texture":"#0","tintindex":0},"down":{"uv":[7.125,7.125,7.0,7.625],"rotation":0,"texture":"#0","tintindex":0}}},{"from":[6.227921,6.587176,6.8426623],"to":[6.79935,7.158604,9.456948],"rotation":{"angle":0.0,"axis":"y","origin":[7.7136354,-23.69854,5.7712336]},"faces":{"east":{"uv":[6.875,2.75,7.5,2.875],"rotation":0,"texture":"#0","tintindex":0},"south":{"uv":[8.25,6.125,8.375,6.25],"rotation":0,"texture":"#0","tintindex":0},"north":{"uv":[6.125,8.25,6.25,8.375],"rotation":0,"texture":"#0","tintindex":0},"west":{"uv":[6.875,3.0,7.5,3.125],"rotation":0,"texture":"#0","tintindex":0},"up":{"uv":[5.5,7.375,5.375,6.75],"rotation":0,"texture":"#0","tintindex":0},"down":{"uv":[2.0,6.875,1.875,7.5],"rotation":0,"texture":"#0","tintindex":0}}},{"from":[7.743966,6.6014614,9.8067045],"to":[8.886823,7.1443186,10.349562],"rotation":{"angle":-22.5,"axis":"y","origin":[9.22968,-23.69854,6.0924187]},"faces":{"east":{"uv":[6.25,8.25,6.375,8.375],"rotation":0,"texture":"#0","tintindex":0},"south":{"uv":[8.0,5.0,8.25,5.125],"rotation":0,"texture":"#0","tintindex":0},"north":{"uv":[8.0,4.875,8.25,5.0],"rotation":0,"texture":"#0","tintindex":0},"west":{"uv":[8.25,6.25,8.375,6.375],"rotation":0,"texture":"#0","tintindex":0},"up":{"uv":[8.25,5.25,8.0,5.125],"rotation":0,"texture":"#0","tintindex":0},"down":{"uv":[8.25,5.25,8.0,5.375],"rotation":0,"texture":"#0","tintindex":0}}},{"from":[8.303582,7.1871758,8.691338],"to":[10.017868,8.87289,9.234195],"rotation":{"angle":0.0,"axis":"y","origin":[9.160725,8.015747,9.534195]},"faces":{"east":{"uv":[3.5,7.5,3.625,7.875],"rotation":0,"texture":"#0","tintindex":0},"south":{"uv":[6.125,0.375,6.5,0.75],"rotation":0,"texture":"#0","tintindex":0},"north":{"uv":[6.0,6.0,6.375,6.375],"rotation":0,"texture":"#0","tintindex":0},"west":{"uv":[3.625,7.5,3.75,7.875],"rotation":0,"texture":"#0","tintindex":0},"up":{"uv":[7.875,3.125,7.5,3.0],"rotation":0,"texture":"#0","tintindex":0},"down":{"uv":[5.625,7.5,5.25,7.625],"rotation":0,"texture":"#0","tintindex":0}}},{"from":[5.980832,7.1728897,8.691338],"to":[7.6951175,8.87289,9.234195],"rotation":{"angle":0.0,"axis":"y","origin":[6.8379745,8.015747,9.534195]},"faces":{"east":{"uv":[4.5,7.5,4.625,7.875],"rotation":0,"texture":"#0","tintindex":0},"south":{"uv":[6.125,1.125,6.5,1.5],"rotation":0,"texture":"#0","tintindex":0},"north":{"uv":[6.125,0.75,6.5,1.125],"rotation":0,"texture":"#0","tintindex":0},"west":{"uv":[4.625,7.5,4.75,7.875],"rotation":0,"texture":"#0","tintindex":0},"up":{"uv":[6.0,7.625,5.625,7.5],"rotation":0,"texture":"#0","tintindex":0},"down":{"uv":[6.375,7.5,6.0,7.625],"rotation":0,"texture":"#0","tintindex":0}}},{"from":[7.1118765,6.6014614,9.8067045],"to":[8.254734,7.1443186,10.349562],"rotation":{"angle":22.5,"axis":"y","origin":[6.769019,-23.69854,6.0924187]},"faces":{"east":{"uv":[6.375,8.25,6.5,8.375],"rotation":0,"texture":"#0","tintindex":0},"south":{"uv":[8.0,5.5,8.25,5.625],"rotation":0,"texture":"#0","tintindex":0},"north":{"uv":[8.0,5.375,8.25,5.5],"rotation":0,"texture":"#0","tintindex":0},"west":{"uv":[8.25,6.375,8.375,6.5],"rotation":0,"texture":"#0","tintindex":0},"up":{"uv":[8.25,5.75,8.0,5.625],"rotation":0,"texture":"#0","tintindex":0},"down":{"uv":[8.25,5.75,8.0,5.875],"rotation":0,"texture":"#0","tintindex":0}}},{"from":[7.4266405,6.57289,9.065729],"to":[8.569498,8.587175,9.608586],"rotation":{"angle":0.0,"axis":"y","origin":[7.340926,-22.555683,5.6371574]},"faces":{"east":{"uv":[7.125,7.125,7.25,7.625],"rotation":0,"texture":"#0","tintindex":0},"south":{"uv":[6.375,2.0,6.625,2.5],"rotation":0,"texture":"#0","tintindex":0},"north":{"uv":[1.875,6.375,2.125,6.875],"rotation":0,"texture":"#0","tintindex":0},"west":{"uv":[0.0,7.25,0.125,7.75],"rotation":0,"texture":"#0","tintindex":0},"up":{"uv":[8.25,6.0,8.0,5.875],"rotation":0,"texture":"#0","tintindex":0},"down":{"uv":[8.25,6.0,8.0,6.125],"rotation":0,"texture":"#0","tintindex":0}}},{"from":[-3.7720785,5.5871754,7.9140906],"to":[-1.9149361,6.158604,8.742662],"rotation":{"angle":-22.5,"axis":"z","origin":[7.9993496,-22.555683,5.1998053]},"faces":{"east":{"uv":[6.5,8.25,6.625,8.375],"rotation":0,"texture":"#0","tintindex":0},"south":{"uv":[7.25,7.5,7.625,7.625],"rotation":0,"texture":"#0","tintindex":0},"north":{"uv":[6.375,7.5,6.75,7.625],"rotation":0,"texture":"#0","tintindex":0},"west":{"uv":[8.25,6.5,8.375,6.625],"rotation":0,"texture":"#0","tintindex":0},"up":{"uv":[0.5,7.75,0.125,7.625],"rotation":0,"texture":"#0","tintindex":0},"down":{"uv":[8.0,0.25,7.625,0.375],"rotation":0,"texture":"#0","tintindex":0}}},{"from":[17.913635,5.5871754,7.9140906],"to":[19.770779,6.158604,8.742662],"rotation":{"angle":22.5,"axis":"z","origin":[7.9993496,-22.555683,5.1998053]},"faces":{"east":{"uv":[6.625,8.25,6.75,8.375],"rotation":0,"texture":"#0","tintindex":0},"south":{"uv":[0.5,7.625,0.875,7.75],"rotation":0,"texture":"#0","tintindex":0},"north":{"uv":[7.625,0.375,8.0,0.5],"rotation":0,"texture":"#0","tintindex":0},"west":{"uv":[8.25,6.625,8.375,6.75],"rotation":0,"texture":"#0","tintindex":0},"up":{"uv":[8.0,0.625,7.625,0.5],"rotation":0,"texture":"#0","tintindex":0},"down":{"uv":[8.0,0.625,7.625,0.75],"rotation":0,"texture":"#0","tintindex":0}}},{"from":[7.6564927,7.158604,7.7712336],"to":[8.370778,8.301461,8.314091],"rotation":{"angle":0.0,"axis":"y","origin":[7.9993496,-22.555683,5.1998053]},"faces":{"east":{"uv":[8.0,6.375,8.125,6.625],"rotation":0,"texture":"#0","tintindex":0},"south":{"uv":[6.5,8.0,6.625,8.25],"rotation":0,"texture":"#0","tintindex":0},"north":{"uv":[8.0,6.125,8.125,6.375],"rotation":0,"texture":"#0","tintindex":0},"west":{"uv":[6.625,8.0,6.75,8.25],"rotation":0,"texture":"#0","tintindex":0},"up":{"uv":[6.875,8.375,6.75,8.25],"rotation":0,"texture":"#0","tintindex":0},"down":{"uv":[8.375,6.75,8.25,6.875],"rotation":0,"texture":"#0","tintindex":0}}}],"textures":{"0":"modelengine:entity/rey_guardian"},"display":{"head":{"translation":[0.0,-6.4,0.0],"scale":[4.0,4.0,4.0]}}}