{"elements":[{"from":[8.848366,14.327105,4.3722105],"to":[9.619794,14.784248,4.743639],"rotation":{"angle":0.0,"axis":"y","origin":[5.562651,-21.015753,8.486496]},"faces":{"east":{"uv":[6.0,2.625,6.125,2.75],"rotation":0,"texture":"#0","tintindex":0},"south":{"uv":[7.0,2.375,7.125,2.5],"rotation":0,"texture":"#0","tintindex":0},"north":{"uv":[5.5,1.5,5.625,1.625],"rotation":0,"texture":"#0","tintindex":0},"west":{"uv":[1.625,8.125,1.75,8.25],"rotation":0,"texture":"#0","tintindex":0},"up":{"uv":[1.875,8.25,1.75,8.125],"rotation":0,"texture":"#0","tintindex":0},"down":{"uv":[8.25,1.75,8.125,1.875],"rotation":0,"texture":"#0","tintindex":0}}},{"from":[12.349467,14.269962,7.1009917],"to":[12.778039,14.841391,8.758135],"rotation":{"angle":45.0,"axis":"y","origin":[7.863753,-21.015753,9.529563]},"faces":{"east":{"uv":[7.25,0.25,7.625,0.375],"rotation":0,"texture":"#0","tintindex":0},"south":{"uv":[8.125,1.875,8.25,2.0],"rotation":0,"texture":"#0","tintindex":0},"north":{"uv":[1.875,8.125,2.0,8.25],"rotation":0,"texture":"#0","tintindex":0},"west":{"uv":[7.25,0.375,7.625,0.5],"rotation":0,"texture":"#0","tintindex":0},"up":{"uv":[0.25,7.625,0.125,7.25],"rotation":0,"texture":"#0","tintindex":0},"down":{"uv":[0.375,7.25,0.25,7.625],"rotation":0,"texture":"#0","tintindex":0}}},{"from":[10.370564,14.21282,5.492055],"to":[10.799136,14.898534,7.1206264],"rotation":{"angle":0.0,"axis":"y","origin":[6.08485,-21.015753,3.492055]},"faces":{"east":{"uv":[7.25,0.5,7.625,0.625],"rotation":0,"texture":"#0","tintindex":0},"south":{"uv":[8.125,2.0,8.25,2.125],"rotation":0,"texture":"#0","tintindex":0},"north":{"uv":[2.0,8.125,2.125,8.25],"rotation":0,"texture":"#0","tintindex":0},"west":{"uv":[7.25,0.625,7.625,0.75],"rotation":0,"texture":"#0","tintindex":0},"up":{"uv":[7.375,1.125,7.25,0.75],"rotation":0,"texture":"#0","tintindex":0},"down":{"uv":[1.875,7.25,1.75,7.625],"rotation":0,"texture":"#0","tintindex":0}}},{"from":[7.296945,14.269962,7.66299],"to":[9.554089,14.841391,8.034418],"rotation":{"angle":22.5,"axis":"y","origin":[7.8969455,-21.015753,4.86299]},"faces":{"east":{"uv":[2.125,8.125,2.25,8.25],"rotation":0,"texture":"#0","tintindex":0},"south":{"uv":[6.875,3.25,7.375,3.375],"rotation":0,"texture":"#0","tintindex":0},"north":{"uv":[6.875,3.125,7.375,3.25],"rotation":0,"texture":"#0","tintindex":0},"west":{"uv":[8.125,2.125,8.25,2.25],"rotation":0,"texture":"#0","tintindex":0},"up":{"uv":[7.375,3.5,6.875,3.375],"rotation":0,"texture":"#0","tintindex":0},"down":{"uv":[7.375,3.5,6.875,3.625],"rotation":0,"texture":"#0","tintindex":0}}},{"from":[8.8617735,13.355677,4.0461006],"to":[9.718916,13.927105,4.388958],"rotation":{"angle":0.0,"axis":"y","origin":[5.6617727,-22.015753,8.0175295]},"faces":{"east":{"uv":[2.25,8.125,2.375,8.25],"rotation":0,"texture":"#0","tintindex":0},"south":{"uv":[5.625,2.0,5.875,2.125],"rotation":0,"texture":"#0","tintindex":0},"north":{"uv":[4.25,4.0,4.5,4.125],"rotation":0,"texture":"#0","tintindex":0},"west":{"uv":[8.125,2.25,8.25,2.375],"rotation":0,"texture":"#0","tintindex":0},"up":{"uv":[6.0,3.25,5.75,3.125],"rotation":0,"texture":"#0","tintindex":0},"down":{"uv":[6.125,0.375,5.875,0.5],"rotation":0,"texture":"#0","tintindex":0}}},{"from":[12.49213,13.298533,6.642287],"to":[12.920702,13.984247,8.79943],"rotation":{"angle":45.0,"axis":"y","origin":[8.149273,-22.015753,9.185144]},"faces":{"east":{"uv":[6.875,3.625,7.375,3.75],"rotation":0,"texture":"#0","tintindex":0},"south":{"uv":[8.125,2.375,8.25,2.5],"rotation":0,"texture":"#0","tintindex":0},"north":{"uv":[2.375,8.125,2.5,8.25],"rotation":0,"texture":"#0","tintindex":0},"west":{"uv":[6.875,3.75,7.375,3.875],"rotation":0,"texture":"#0","tintindex":0},"up":{"uv":[2.125,7.375,2.0,6.875],"rotation":0,"texture":"#0","tintindex":0},"down":{"uv":[3.375,6.875,3.25,7.375],"rotation":0,"texture":"#0","tintindex":0}}},{"from":[10.842677,13.184248,5.538936],"to":[11.271249,14.098534,6.538936],"rotation":{"angle":0.0,"axis":"y","origin":[6.4141054,-22.015753,3.367508]},"faces":{"east":{"uv":[3.375,6.875,3.625,7.125],"rotation":0,"texture":"#0","tintindex":0},"south":{"uv":[1.0,7.625,1.125,7.875],"rotation":0,"texture":"#0","tintindex":0},"north":{"uv":[0.875,7.625,1.0,7.875],"rotation":0,"texture":"#0","tintindex":0},"west":{"uv":[6.875,3.875,7.125,4.125],"rotation":0,"texture":"#0","tintindex":0},"up":{"uv":[1.75,7.875,1.625,7.625],"rotation":0,"texture":"#0","tintindex":0},"down":{"uv":[1.875,7.625,1.75,7.875],"rotation":0,"texture":"#0","tintindex":0}}},{"from":[8.706795,13.241391,9.56117],"to":[10.049652,14.041391,9.932598],"rotation":{"angle":45.0,"axis":"y","origin":[6.563937,-22.015753,6.76117]},"faces":{"east":{"uv":[2.5,8.125,2.625,8.25],"rotation":0,"texture":"#0","tintindex":0},"south":{"uv":[6.625,0.25,6.875,0.375],"rotation":0,"texture":"#0","tintindex":0},"north":{"uv":[6.125,3.0,6.375,3.125],"rotation":0,"texture":"#0","tintindex":0},"west":{"uv":[8.125,2.5,8.25,2.625],"rotation":0,"texture":"#0","tintindex":0},"up":{"uv":[7.875,1.25,7.625,1.125],"rotation":0,"texture":"#0","tintindex":0},"down":{"uv":[7.875,1.375,7.625,1.5],"rotation":0,"texture":"#0","tintindex":0}}},{"from":[7.2851105,13.298533,7.817682],"to":[9.199396,13.984247,8.189111],"rotation":{"angle":22.5,"axis":"y","origin":[7.9993963,-22.015753,5.017682]},"faces":{"east":{"uv":[2.625,8.125,2.75,8.25],"rotation":0,"texture":"#0","tintindex":0},"south":{"uv":[7.25,1.375,7.625,1.5],"rotation":0,"texture":"#0","tintindex":0},"north":{"uv":[7.25,1.125,7.625,1.25],"rotation":0,"texture":"#0","tintindex":0},"west":{"uv":[8.125,2.625,8.25,2.75],"rotation":0,"texture":"#0","tintindex":0},"up":{"uv":[7.625,2.25,7.25,2.125],"rotation":0,"texture":"#0","tintindex":0},"down":{"uv":[7.625,2.25,7.25,2.375],"rotation":0,"texture":"#0","tintindex":0}}},{"from":[7.2851105,12.441391,7.817682],"to":[9.142254,12.984247,8.189111],"rotation":{"angle":22.5,"axis":"y","origin":[7.9993963,-22.872896,5.017682]},"faces":{"east":{"uv":[2.75,8.125,2.875,8.25],"rotation":0,"texture":"#0","tintindex":0},"south":{"uv":[7.25,4.25,7.625,4.375],"rotation":0,"texture":"#0","tintindex":0},"north":{"uv":[3.625,7.25,4.0,7.375],"rotation":0,"texture":"#0","tintindex":0},"west":{"uv":[8.125,2.75,8.25,2.875],"rotation":0,"texture":"#0","tintindex":0},"up":{"uv":[7.625,4.5,7.25,4.375],"rotation":0,"texture":"#0","tintindex":0},"down":{"uv":[5.875,7.25,5.5,7.375],"rotation":0,"texture":"#0","tintindex":0}}},{"from":[7.439802,11.555676,7.66299],"to":[9.125517,12.127106,8.034418],"rotation":{"angle":22.5,"axis":"y","origin":[8.039803,-23.730038,4.86299]},"faces":{"east":{"uv":[2.875,8.125,3.0,8.25],"rotation":0,"texture":"#0","tintindex":0},"south":{"uv":[6.25,7.25,6.625,7.375],"rotation":0,"texture":"#0","tintindex":0},"north":{"uv":[5.875,7.25,6.25,7.375],"rotation":0,"texture":"#0","tintindex":0},"west":{"uv":[8.125,2.875,8.25,3.0],"rotation":0,"texture":"#0","tintindex":0},"up":{"uv":[7.0,7.375,6.625,7.25],"rotation":0,"texture":"#0","tintindex":0},"down":{"uv":[7.625,6.875,7.25,7.0],"rotation":0,"texture":"#0","tintindex":0}}},{"from":[8.654001,12.384248,9.583037],"to":[9.939716,13.041391,9.954466],"rotation":{"angle":45.0,"axis":"y","origin":[6.511144,-22.872896,6.7830377]},"faces":{"east":{"uv":[3.0,8.125,3.125,8.25],"rotation":0,"texture":"#0","tintindex":0},"south":{"uv":[7.625,2.125,7.875,2.25],"rotation":0,"texture":"#0","tintindex":0},"north":{"uv":[1.875,7.625,2.125,7.75],"rotation":0,"texture":"#0","tintindex":0},"west":{"uv":[3.125,8.125,3.25,8.25],"rotation":0,"texture":"#0","tintindex":0},"up":{"uv":[7.875,2.375,7.625,2.25],"rotation":0,"texture":"#0","tintindex":0},"down":{"uv":[2.625,7.625,2.375,7.75],"rotation":0,"texture":"#0","tintindex":0}}},{"from":[8.658351,11.498533,9.49062],"to":[9.82978,12.184248,9.862048],"rotation":{"angle":45.0,"axis":"y","origin":[6.458351,-23.730038,6.6906195]},"faces":{"east":{"uv":[8.125,3.125,8.25,3.25],"rotation":0,"texture":"#0","tintindex":0},"south":{"uv":[4.0,7.625,4.25,7.75],"rotation":0,"texture":"#0","tintindex":0},"north":{"uv":[7.625,2.875,7.875,3.0],"rotation":0,"texture":"#0","tintindex":0},"west":{"uv":[3.25,8.125,3.375,8.25],"rotation":0,"texture":"#0","tintindex":0},"up":{"uv":[7.875,4.375,7.625,4.25],"rotation":0,"texture":"#0","tintindex":0},"down":{"uv":[7.875,4.375,7.625,4.5],"rotation":0,"texture":"#0","tintindex":0}}},{"from":[10.749477,12.327105,5.658353],"to":[11.178049,13.098534,6.60121],"rotation":{"angle":0.0,"axis":"y","origin":[6.320906,-22.872896,3.4297814]},"faces":{"east":{"uv":[5.0,7.625,5.25,7.75],"rotation":0,"texture":"#0","tintindex":0},"south":{"uv":[3.375,8.125,3.5,8.25],"rotation":0,"texture":"#0","tintindex":0},"north":{"uv":[8.125,3.25,8.25,3.375],"rotation":0,"texture":"#0","tintindex":0},"west":{"uv":[5.25,7.625,5.5,7.75],"rotation":0,"texture":"#0","tintindex":0},"up":{"uv":[2.25,7.875,2.125,7.625],"rotation":0,"texture":"#0","tintindex":0},"down":{"uv":[4.375,7.625,4.25,7.875],"rotation":0,"texture":"#0","tintindex":0}}},{"from":[10.656279,11.441391,5.777769],"to":[11.08485,12.24139,6.549198],"rotation":{"angle":0.0,"axis":"y","origin":[6.227707,-23.730038,3.492055]},"faces":{"east":{"uv":[3.625,8.125,3.75,8.25],"rotation":0,"texture":"#0","tintindex":0},"south":{"uv":[8.125,3.625,8.25,3.75],"rotation":0,"texture":"#0","tintindex":0},"north":{"uv":[3.5,8.125,3.625,8.25],"rotation":0,"texture":"#0","tintindex":0},"west":{"uv":[3.75,8.125,3.875,8.25],"rotation":0,"texture":"#0","tintindex":0},"up":{"uv":[8.25,3.875,8.125,3.75],"rotation":0,"texture":"#0","tintindex":0},"down":{"uv":[4.0,8.125,3.875,8.25],"rotation":0,"texture":"#0","tintindex":0}}},{"from":[12.392324,11.555676,7.243849],"to":[12.820896,12.127106,9.058135],"rotation":{"angle":45.0,"axis":"y","origin":[8.00661,-23.730038,9.529563]},"faces":{"east":{"uv":[7.25,7.0,7.625,7.125],"rotation":0,"texture":"#0","tintindex":0},"south":{"uv":[8.125,4.0,8.25,4.125],"rotation":0,"texture":"#0","tintindex":0},"north":{"uv":[8.125,3.875,8.25,4.0],"rotation":0,"texture":"#0","tintindex":0},"west":{"uv":[7.25,7.125,7.625,7.25],"rotation":0,"texture":"#0","tintindex":0},"up":{"uv":[2.5,7.625,2.375,7.25],"rotation":0,"texture":"#0","tintindex":0},"down":{"uv":[2.625,7.25,2.5,7.625],"rotation":0,"texture":"#0","tintindex":0}}},{"from":[12.44937,12.441391,6.9859247],"to":[12.877941,12.984247,8.928782],"rotation":{"angle":45.0,"axis":"y","origin":[8.077941,-22.872896,9.357353]},"faces":{"east":{"uv":[7.25,7.25,7.625,7.375],"rotation":0,"texture":"#0","tintindex":0},"south":{"uv":[4.25,8.125,4.375,8.25],"rotation":0,"texture":"#0","tintindex":0},"north":{"uv":[8.125,4.125,8.25,4.25],"rotation":0,"texture":"#0","tintindex":0},"west":{"uv":[0.375,7.375,0.75,7.5],"rotation":0,"texture":"#0","tintindex":0},"up":{"uv":[4.125,7.625,4.0,7.25],"rotation":0,"texture":"#0","tintindex":0},"down":{"uv":[4.25,7.25,4.125,7.625],"rotation":0,"texture":"#0","tintindex":0}}},{"from":[8.991222,11.61282,4.543639],"to":[9.791223,12.069962,4.8436384],"rotation":{"angle":0.0,"axis":"y","origin":[5.705508,-23.730038,8.486496]},"faces":{"east":{"uv":[8.125,4.375,8.25,4.5],"rotation":0,"texture":"#0","tintindex":0},"south":{"uv":[4.5,8.125,4.625,8.25],"rotation":0,"texture":"#0","tintindex":0},"north":{"uv":[8.125,4.25,8.25,4.375],"rotation":0,"texture":"#0","tintindex":0},"west":{"uv":[8.125,4.5,8.25,4.625],"rotation":0,"texture":"#0","tintindex":0},"up":{"uv":[4.75,8.25,4.625,8.125],"rotation":0,"texture":"#0","tintindex":0},"down":{"uv":[8.25,4.625,8.125,4.75],"rotation":0,"texture":"#0","tintindex":0}}},{"from":[8.9407835,12.498533,4.3091555],"to":[9.797927,12.927105,4.6662984],"rotation":{"angle":0.0,"axis":"y","origin":[5.6836405,-21.730038,8.252013]},"faces":{"east":{"uv":[4.75,8.125,4.875,8.25],"rotation":0,"texture":"#0","tintindex":0},"south":{"uv":[5.75,7.625,6.0,7.75],"rotation":0,"texture":"#0","tintindex":0},"north":{"uv":[5.5,7.625,5.75,7.75],"rotation":0,"texture":"#0","tintindex":0},"west":{"uv":[8.125,4.75,8.25,4.875],"rotation":0,"texture":"#0","tintindex":0},"up":{"uv":[6.25,7.75,6.0,7.625],"rotation":0,"texture":"#0","tintindex":0},"down":{"uv":[6.5,7.625,6.25,7.75],"rotation":0,"texture":"#0","tintindex":0}}},{"from":[6.3789988,14.327105,4.3722105],"to":[7.1504273,14.784248,4.743639],"rotation":{"angle":0.0,"axis":"y","origin":[10.436142,-21.015753,8.486496]},"faces":{"east":{"uv":[5.0,8.125,5.125,8.25],"rotation":0,"texture":"#0","tintindex":0},"south":{"uv":[5.125,8.125,5.25,8.25],"rotation":0,"texture":"#0","tintindex":0},"north":{"uv":[4.875,8.125,5.0,8.25],"rotation":0,"texture":"#0","tintindex":0},"west":{"uv":[5.25,8.125,5.375,8.25],"rotation":0,"texture":"#0","tintindex":0},"up":{"uv":[5.5,8.25,5.375,8.125],"rotation":0,"texture":"#0","tintindex":0},"down":{"uv":[5.625,8.125,5.5,8.25],"rotation":0,"texture":"#0","tintindex":0}}},{"from":[3.2207541,14.269962,7.1009917],"to":[3.6493254,14.841391,8.758135],"rotation":{"angle":-45.0,"axis":"y","origin":[8.13504,-21.015753,9.529563]},"faces":{"east":{"uv":[0.75,7.375,1.125,7.5],"rotation":0,"texture":"#0","tintindex":0},"south":{"uv":[5.75,8.125,5.875,8.25],"rotation":0,"texture":"#0","tintindex":0},"north":{"uv":[5.625,8.125,5.75,8.25],"rotation":0,"texture":"#0","tintindex":0},"west":{"uv":[7.375,0.75,7.75,0.875],"rotation":0,"texture":"#0","tintindex":0},"up":{"uv":[5.125,7.625,5.0,7.25],"rotation":0,"texture":"#0","tintindex":0},"down":{"uv":[1.25,7.375,1.125,7.75],"rotation":0,"texture":"#0","tintindex":0}}},{"from":[5.1996565,14.21282,5.492055],"to":[5.628228,14.898534,7.1206264],"rotation":{"angle":0.0,"axis":"y","origin":[9.913942,-21.015753,3.492055]},"faces":{"east":{"uv":[7.375,0.875,7.75,1.0],"rotation":0,"texture":"#0","tintindex":0},"south":{"uv":[6.0,8.125,6.125,8.25],"rotation":0,"texture":"#0","tintindex":0},"north":{"uv":[5.875,8.125,6.0,8.25],"rotation":0,"texture":"#0","tintindex":0},"west":{"uv":[7.375,1.0,7.75,1.125],"rotation":0,"texture":"#0","tintindex":0},"up":{"uv":[1.375,7.75,1.25,7.375],"rotation":0,"texture":"#0","tintindex":0},"down":{"uv":[1.5,7.375,1.375,7.75],"rotation":0,"texture":"#0","tintindex":0}}},{"from":[6.4447045,14.269962,7.66299],"to":[8.701847,14.841391,8.034418],"rotation":{"angle":-22.5,"axis":"y","origin":[8.101848,-21.015753,4.86299]},"faces":{"east":{"uv":[6.125,8.125,6.25,8.25],"rotation":0,"texture":"#0","tintindex":0},"south":{"uv":[6.0,6.875,6.5,7.0],"rotation":0,"texture":"#0","tintindex":0},"north":{"uv":[6.875,4.125,7.375,4.25],"rotation":0,"texture":"#0","tintindex":0},"west":{"uv":[8.125,6.125,8.25,6.25],"rotation":0,"texture":"#0","tintindex":0},"up":{"uv":[7.0,7.0,6.5,6.875],"rotation":0,"texture":"#0","tintindex":0},"down":{"uv":[7.5,0.0,7.0,0.125],"rotation":0,"texture":"#0","tintindex":0}}},{"from":[6.2798767,13.355677,4.0461006],"to":[7.1370196,13.927105,4.388958],"rotation":{"angle":0.0,"axis":"y","origin":[10.33702,-22.015753,8.0175295]},"faces":{"east":{"uv":[6.25,8.125,6.375,8.25],"rotation":0,"texture":"#0","tintindex":0},"south":{"uv":[7.625,6.75,7.875,6.875],"rotation":0,"texture":"#0","tintindex":0},"north":{"uv":[6.5,7.625,6.75,7.75],"rotation":0,"texture":"#0","tintindex":0},"west":{"uv":[8.125,6.25,8.25,6.375],"rotation":0,"texture":"#0","tintindex":0},"up":{"uv":[7.875,7.0,7.625,6.875],"rotation":0,"texture":"#0","tintindex":0},"down":{"uv":[7.25,7.625,7.0,7.75],"rotation":0,"texture":"#0","tintindex":0}}},{"from":[3.0780911,13.298533,6.642287],"to":[3.5066624,13.984247,8.79943],"rotation":{"angle":-45.0,"axis":"y","origin":[7.8495197,-22.015753,9.185144]},"faces":{"east":{"uv":[7.0,0.125,7.5,0.25],"rotation":0,"texture":"#0","tintindex":0},"south":{"uv":[8.125,6.375,8.25,6.5],"rotation":0,"texture":"#0","tintindex":0},"north":{"uv":[6.375,8.125,6.5,8.25],"rotation":0,"texture":"#0","tintindex":0},"west":{"uv":[7.0,2.0,7.5,2.125],"rotation":0,"texture":"#0","tintindex":0},"up":{"uv":[4.5,7.375,4.375,6.875],"rotation":0,"texture":"#0","tintindex":0},"down":{"uv":[4.875,6.875,4.75,7.375],"rotation":0,"texture":"#0","tintindex":0}}},{"from":[4.7275443,13.184248,5.538936],"to":[5.1561155,14.098534,6.538936],"rotation":{"angle":0.0,"axis":"y","origin":[9.584687,-22.015753,3.367508]},"faces":{"east":{"uv":[7.0,2.125,7.25,2.375],"rotation":0,"texture":"#0","tintindex":0},"south":{"uv":[7.25,7.625,7.375,7.875],"rotation":0,"texture":"#0","tintindex":0},"north":{"uv":[7.625,7.0,7.75,7.25],"rotation":0,"texture":"#0","tintindex":0},"west":{"uv":[2.375,7.0,2.625,7.25],"rotation":0,"texture":"#0","tintindex":0},"up":{"uv":[7.75,7.5,7.625,7.25],"rotation":0,"texture":"#0","tintindex":0},"down":{"uv":[7.5,7.625,7.375,7.875],"rotation":0,"texture":"#0","tintindex":0}}},{"from":[5.949141,13.241391,9.56117],"to":[7.291998,14.041391,9.932598],"rotation":{"angle":-45.0,"axis":"y","origin":[9.434855,-22.015753,6.76117]},"faces":{"east":{"uv":[8.125,6.5,8.25,6.625],"rotation":0,"texture":"#0","tintindex":0},"south":{"uv":[7.625,7.5,7.875,7.625],"rotation":0,"texture":"#0","tintindex":0},"north":{"uv":[7.5,7.625,7.75,7.75],"rotation":0,"texture":"#0","tintindex":0},"west":{"uv":[6.75,8.125,6.875,8.25],"rotation":0,"texture":"#0","tintindex":0},"up":{"uv":[0.25,7.875,0.0,7.75],"rotation":0,"texture":"#0","tintindex":0},"down":{"uv":[0.5,7.75,0.25,7.875],"rotation":0,"texture":"#0","tintindex":0}}},{"from":[6.7993965,13.298533,7.817682],"to":[8.713682,13.984247,8.189111],"rotation":{"angle":-22.5,"axis":"y","origin":[7.9993963,-22.015753,5.017682]},"faces":{"east":{"uv":[6.875,8.125,7.0,8.25],"rotation":0,"texture":"#0","tintindex":0},"south":{"uv":[7.375,2.375,7.75,2.5],"rotation":0,"texture":"#0","tintindex":0},"north":{"uv":[2.0,7.375,2.375,7.5],"rotation":0,"texture":"#0","tintindex":0},"west":{"uv":[8.125,7.0,8.25,7.125],"rotation":0,"texture":"#0","tintindex":0},"up":{"uv":[7.75,2.625,7.375,2.5],"rotation":0,"texture":"#0","tintindex":0},"down":{"uv":[3.375,7.375,3.0,7.5],"rotation":0,"texture":"#0","tintindex":0}}},{"from":[6.8565392,12.441391,7.817682],"to":[8.713682,12.984247,8.189111],"rotation":{"angle":-22.5,"axis":"y","origin":[7.9993963,-22.872896,5.017682]},"faces":{"east":{"uv":[8.125,7.125,8.25,7.25],"rotation":0,"texture":"#0","tintindex":0},"south":{"uv":[7.375,3.25,7.75,3.375],"rotation":0,"texture":"#0","tintindex":0},"north":{"uv":[7.375,3.125,7.75,3.25],"rotation":0,"texture":"#0","tintindex":0},"west":{"uv":[7.25,8.125,7.375,8.25],"rotation":0,"texture":"#0","tintindex":0},"up":{"uv":[3.75,7.5,3.375,7.375],"rotation":0,"texture":"#0","tintindex":0},"down":{"uv":[7.75,3.375,7.375,3.5],"rotation":0,"texture":"#0","tintindex":0}}},{"from":[6.8732758,11.555676,7.66299],"to":[8.5589905,12.127106,8.034418],"rotation":{"angle":-22.5,"axis":"y","origin":[7.95899,-23.730038,4.86299]},"faces":{"east":{"uv":[8.125,7.25,8.25,7.375],"rotation":0,"texture":"#0","tintindex":0},"south":{"uv":[7.375,3.625,7.75,3.75],"rotation":0,"texture":"#0","tintindex":0},"north":{"uv":[7.375,3.5,7.75,3.625],"rotation":0,"texture":"#0","tintindex":0},"west":{"uv":[7.375,8.125,7.5,8.25],"rotation":0,"texture":"#0","tintindex":0},"up":{"uv":[7.75,3.875,7.375,3.75],"rotation":0,"texture":"#0","tintindex":0},"down":{"uv":[7.75,3.875,7.375,4.0],"rotation":0,"texture":"#0","tintindex":0}}},{"from":[6.059077,12.384248,9.583037],"to":[7.3447914,13.041391,9.954466],"rotation":{"angle":-45.0,"axis":"y","origin":[9.487648,-22.872896,6.7830377]},"faces":{"east":{"uv":[8.125,7.375,8.25,7.5],"rotation":0,"texture":"#0","tintindex":0},"south":{"uv":[7.75,0.75,8.0,0.875],"rotation":0,"texture":"#0","tintindex":0},"north":{"uv":[0.5,7.75,0.75,7.875],"rotation":0,"texture":"#0","tintindex":0},"west":{"uv":[8.125,7.5,8.25,7.625],"rotation":0,"texture":"#0","tintindex":0},"up":{"uv":[8.0,1.0,7.75,0.875],"rotation":0,"texture":"#0","tintindex":0},"down":{"uv":[8.0,1.0,7.75,1.125],"rotation":0,"texture":"#0","tintindex":0}}},{"from":[6.169013,11.498533,9.49062],"to":[7.3404417,12.184248,9.862048],"rotation":{"angle":-45.0,"axis":"y","origin":[9.5404415,-23.730038,6.6906195]},"faces":{"east":{"uv":[8.125,7.625,8.25,7.75],"rotation":0,"texture":"#0","tintindex":0},"south":{"uv":[1.375,7.75,1.625,7.875],"rotation":0,"texture":"#0","tintindex":0},"north":{"uv":[1.125,7.75,1.375,7.875],"rotation":0,"texture":"#0","tintindex":0},"west":{"uv":[7.75,8.125,7.875,8.25],"rotation":0,"texture":"#0","tintindex":0},"up":{"uv":[2.125,7.875,1.875,7.75],"rotation":0,"texture":"#0","tintindex":0},"down":{"uv":[2.625,7.75,2.375,7.875],"rotation":0,"texture":"#0","tintindex":0}}},{"from":[4.8207436,12.327105,5.658353],"to":[5.249315,13.098534,6.60121],"rotation":{"angle":0.0,"axis":"y","origin":[9.677887,-22.872896,3.4297814]},"faces":{"east":{"uv":[7.75,2.375,8.0,2.5],"rotation":0,"texture":"#0","tintindex":0},"south":{"uv":[8.125,7.875,8.25,8.0],"rotation":0,"texture":"#0","tintindex":0},"north":{"uv":[8.125,7.75,8.25,7.875],"rotation":0,"texture":"#0","tintindex":0},"west":{"uv":[7.75,2.5,8.0,2.625],"rotation":0,"texture":"#0","tintindex":0},"up":{"uv":[0.875,8.0,0.75,7.75],"rotation":0,"texture":"#0","tintindex":0},"down":{"uv":[7.875,3.125,7.75,3.375],"rotation":0,"texture":"#0","tintindex":0}}},{"from":[4.9139423,11.441391,5.777769],"to":[5.342514,12.24139,6.549198],"rotation":{"angle":0.0,"axis":"y","origin":[9.771086,-23.730038,3.492055]},"faces":{"east":{"uv":[8.125,8.125,8.25,8.25],"rotation":0,"texture":"#0","tintindex":0},"south":{"uv":[8.25,0.0,8.375,0.125],"rotation":0,"texture":"#0","tintindex":0},"north":{"uv":[8.125,8.0,8.25,8.125],"rotation":0,"texture":"#0","tintindex":0},"west":{"uv":[0.125,8.25,0.25,8.375],"rotation":0,"texture":"#0","tintindex":0},"up":{"uv":[8.375,0.25,8.25,0.125],"rotation":0,"texture":"#0","tintindex":0},"down":{"uv":[0.375,8.25,0.25,8.375],"rotation":0,"texture":"#0","tintindex":0}}},{"from":[3.177897,11.555676,7.243849],"to":[3.6064687,12.127106,9.058135],"rotation":{"angle":-45.0,"axis":"y","origin":[7.9921827,-23.730038,9.529563]},"faces":{"east":{"uv":[7.375,4.0,7.75,4.125],"rotation":0,"texture":"#0","tintindex":0},"south":{"uv":[0.5,8.25,0.625,8.375],"rotation":0,"texture":"#0","tintindex":0},"north":{"uv":[0.375,8.25,0.5,8.375],"rotation":0,"texture":"#0","tintindex":0},"west":{"uv":[7.375,4.125,7.75,4.25],"rotation":0,"texture":"#0","tintindex":0},"up":{"uv":[1.625,7.75,1.5,7.375],"rotation":0,"texture":"#0","tintindex":0},"down":{"uv":[3.875,7.375,3.75,7.75],"rotation":0,"texture":"#0","tintindex":0}}},{"from":[3.120851,12.441391,6.9859247],"to":[3.5494227,12.984247,8.928782],"rotation":{"angle":-45.0,"axis":"y","origin":[7.920851,-22.872896,9.357353]},"faces":{"east":{"uv":[7.375,4.5,7.75,4.625],"rotation":0,"texture":"#0","tintindex":0},"south":{"uv":[8.25,0.625,8.375,0.75],"rotation":0,"texture":"#0","tintindex":0},"north":{"uv":[8.25,0.5,8.375,0.625],"rotation":0,"texture":"#0","tintindex":0},"west":{"uv":[7.375,4.625,7.75,4.75],"rotation":0,"texture":"#0","tintindex":0},"up":{"uv":[4.0,7.75,3.875,7.375],"rotation":0,"texture":"#0","tintindex":0},"down":{"uv":[4.5,7.375,4.375,7.75],"rotation":0,"texture":"#0","tintindex":0}}},{"from":[6.20757,11.61282,4.543639],"to":[7.0075703,12.069962,4.8436384],"rotation":{"angle":0.0,"axis":"y","origin":[10.293284,-23.730038,8.486496]},"faces":{"east":{"uv":[8.25,0.75,8.375,0.875],"rotation":0,"texture":"#0","tintindex":0},"south":{"uv":[8.25,0.875,8.375,1.0],"rotation":0,"texture":"#0","tintindex":0},"north":{"uv":[0.75,8.25,0.875,8.375],"rotation":0,"texture":"#0","tintindex":0},"west":{"uv":[8.25,1.0,8.375,1.125],"rotation":0,"texture":"#0","tintindex":0},"up":{"uv":[8.375,1.25,8.25,1.125],"rotation":0,"texture":"#0","tintindex":0},"down":{"uv":[8.375,1.25,8.25,1.375],"rotation":0,"texture":"#0","tintindex":0}}},{"from":[6.200866,12.498533,4.3091555],"to":[7.058009,12.927105,4.6662984],"rotation":{"angle":0.0,"axis":"y","origin":[10.315152,-21.730038,8.252013]},"faces":{"east":{"uv":[8.25,1.375,8.375,1.5],"rotation":0,"texture":"#0","tintindex":0},"south":{"uv":[7.75,3.5,8.0,3.625],"rotation":0,"texture":"#0","tintindex":0},"north":{"uv":[7.75,3.375,8.0,3.5],"rotation":0,"texture":"#0","tintindex":0},"west":{"uv":[8.25,1.5,8.375,1.625],"rotation":0,"texture":"#0","tintindex":0},"up":{"uv":[8.0,3.75,7.75,3.625],"rotation":0,"texture":"#0","tintindex":0},"down":{"uv":[4.0,7.75,3.75,7.875],"rotation":0,"texture":"#0","tintindex":0}}},{"from":[19.627968,12.127106,7.3891106],"to":[22.770824,14.412819,8.174825],"rotation":{"angle":22.5,"axis":"z","origin":[7.9993963,-22.787182,5.017682]},"faces":{"east":{"uv":[4.875,6.875,5.0,7.375],"rotation":0,"texture":"#0","tintindex":0},"south":{"uv":[3.0,4.125,3.75,4.625],"rotation":0,"texture":"#0","tintindex":0},"north":{"uv":[2.25,3.875,3.0,4.375],"rotation":0,"texture":"#0","tintindex":0},"west":{"uv":[2.625,7.0,2.75,7.5],"rotation":0,"texture":"#0","tintindex":0},"up":{"uv":[7.125,2.625,6.375,2.5],"rotation":0,"texture":"#0","tintindex":0},"down":{"uv":[7.125,4.5,6.375,4.625],"rotation":0,"texture":"#0","tintindex":0}}},{"from":[4.724706,15.576696,7.403396],"to":[7.296135,16.719555,8.160539],"rotation":{"angle":0.0,"axis":"y","origin":[6.396135,15.576696,7.7819676]},"faces":{"east":{"uv":[7.75,3.75,7.875,4.0],"rotation":0,"texture":"#0","tintindex":0},"south":{"uv":[5.5,0.75,6.125,1.0],"rotation":0,"texture":"#0","tintindex":0},"north":{"uv":[5.5,0.5,6.125,0.75],"rotation":0,"texture":"#0","tintindex":0},"west":{"uv":[4.0,7.75,4.125,8.0],"rotation":0,"texture":"#0","tintindex":0},"up":{"uv":[5.875,2.25,5.25,2.125],"rotation":0,"texture":"#0","tintindex":0},"down":{"uv":[7.125,2.875,6.5,3.0],"rotation":0,"texture":"#0","tintindex":0}}},{"from":[8.710421,15.576696,7.403396],"to":[11.281849,16.719555,8.160539],"rotation":{"angle":0.0,"axis":"y","origin":[6.396135,15.576696,7.7819676]},"faces":{"east":{"uv":[7.75,4.0,7.875,4.25],"rotation":0,"texture":"#0","tintindex":0},"south":{"uv":[5.5,1.25,6.125,1.5],"rotation":0,"texture":"#0","tintindex":0},"north":{"uv":[5.5,1.0,6.125,1.25],"rotation":0,"texture":"#0","tintindex":0},"west":{"uv":[4.125,7.75,4.25,8.0],"rotation":0,"texture":"#0","tintindex":0},"up":{"uv":[7.5,1.375,6.875,1.25],"rotation":0,"texture":"#0","tintindex":0},"down":{"uv":[7.5,1.5,6.875,1.625],"rotation":0,"texture":"#0","tintindex":0}}},{"from":[5.381677,13.919476,7.360539],"to":[7.381677,14.748047,8.189111],"rotation":{"angle":0.0,"axis":"y","origin":[-6.761181,-18.709097,5.017682]},"faces":{"east":{"uv":[1.625,8.25,1.75,8.375],"rotation":0,"texture":"#0","tintindex":0},"south":{"uv":[7.375,4.875,7.75,5.0],"rotation":0,"texture":"#0","tintindex":0},"north":{"uv":[7.375,4.75,7.75,4.875],"rotation":0,"texture":"#0","tintindex":0},"west":{"uv":[8.25,1.625,8.375,1.75],"rotation":0,"texture":"#0","tintindex":0},"up":{"uv":[7.75,5.125,7.375,5.0],"rotation":0,"texture":"#0","tintindex":0},"down":{"uv":[7.75,5.125,7.375,5.25],"rotation":0,"texture":"#0","tintindex":0}}},{"from":[-6.7720337,12.127106,7.3748245],"to":[-3.6291761,14.412819,8.174825],"rotation":{"angle":-22.5,"axis":"z","origin":[7.9993963,-22.787182,5.017682]},"faces":{"east":{"uv":[2.75,7.0,2.875,7.5],"rotation":0,"texture":"#0","tintindex":0},"south":{"uv":[1.5,4.25,2.25,4.75],"rotation":0,"texture":"#0","tintindex":0},"north":{"uv":[3.75,4.125,4.5,4.625],"rotation":0,"texture":"#0","tintindex":0},"west":{"uv":[2.875,7.0,3.0,7.5],"rotation":0,"texture":"#0","tintindex":0},"up":{"uv":[7.125,4.75,6.375,4.625],"rotation":0,"texture":"#0","tintindex":0},"down":{"uv":[7.125,4.75,6.375,4.875],"rotation":0,"texture":"#0","tintindex":0}}},{"from":[8.617115,13.919476,7.360539],"to":[10.617115,14.748047,8.189111],"rotation":{"angle":0.0,"axis":"y","origin":[22.759974,-18.709097,5.017682]},"faces":{"east":{"uv":[1.75,8.25,1.875,8.375],"rotation":0,"texture":"#0","tintindex":0},"south":{"uv":[7.375,5.25,7.75,5.375],"rotation":0,"texture":"#0","tintindex":0},"north":{"uv":[5.25,7.375,5.625,7.5],"rotation":0,"texture":"#0","tintindex":0},"west":{"uv":[8.25,1.75,8.375,1.875],"rotation":0,"texture":"#0","tintindex":0},"up":{"uv":[7.75,5.5,7.375,5.375],"rotation":0,"texture":"#0","tintindex":0},"down":{"uv":[7.75,5.5,7.375,5.625],"rotation":0,"texture":"#0","tintindex":0}}},{"from":[7.0851107,8.012819,7.160539],"to":[8.942253,9.212819,8.560539],"rotation":{"angle":0.0,"axis":"y","origin":[7.9993963,-22.787182,5.017682]},"faces":{"east":{"uv":[3.625,7.0,3.875,7.25],"rotation":0,"texture":"#0","tintindex":0},"south":{"uv":[6.375,5.125,6.75,5.375],"rotation":0,"texture":"#0","tintindex":0},"north":{"uv":[6.375,4.875,6.75,5.125],"rotation":0,"texture":"#0","tintindex":0},"west":{"uv":[3.875,7.0,4.125,7.25],"rotation":0,"texture":"#0","tintindex":0},"up":{"uv":[6.75,5.625,6.375,5.375],"rotation":0,"texture":"#0","tintindex":0},"down":{"uv":[6.75,5.625,6.375,5.875],"rotation":0,"texture":"#0","tintindex":0}}},{"from":[7.370825,8.069962,7.4462533],"to":[8.656539,17.212818,8.274825],"rotation":{"angle":0.0,"axis":"y","origin":[7.9993963,-22.787182,5.017682]},"faces":{"east":{"uv":[5.0,4.625,5.125,6.625],"rotation":0,"texture":"#0","tintindex":0},"south":{"uv":[2.0,2.25,2.25,4.25],"rotation":0,"texture":"#0","tintindex":0},"north":{"uv":[1.75,2.25,2.0,4.25],"rotation":0,"texture":"#0","tintindex":0},"west":{"uv":[2.25,5.125,2.375,7.125],"rotation":0,"texture":"#0","tintindex":0},"up":{"uv":[8.0,4.625,7.75,4.5],"rotation":0,"texture":"#0","tintindex":0},"down":{"uv":[8.0,4.625,7.75,4.75],"rotation":0,"texture":"#0","tintindex":0}}},{"from":[7.370825,13.784248,8.274825],"to":[8.656539,14.355677,8.417682],"rotation":{"angle":0.0,"axis":"y","origin":[7.9993963,-22.787182,5.017682]},"faces":{"east":{"uv":[1.875,8.25,2.0,8.375],"rotation":0,"texture":"#0","tintindex":0},"south":{"uv":[7.75,4.75,8.0,4.875],"rotation":0,"texture":"#0","tintindex":0},"north":{"uv":[4.75,7.75,5.0,7.875],"rotation":0,"texture":"#0","tintindex":0},"west":{"uv":[8.25,1.875,8.375,2.0],"rotation":0,"texture":"#0","tintindex":0},"up":{"uv":[8.0,5.0,7.75,4.875],"rotation":0,"texture":"#0","tintindex":0},"down":{"uv":[5.25,7.75,5.0,7.875],"rotation":0,"texture":"#0","tintindex":0}}},{"from":[7.370825,12.641391,8.274825],"to":[8.656539,13.21282,8.417682],"rotation":{"angle":0.0,"axis":"y","origin":[7.9993963,-22.787182,5.017682]},"faces":{"east":{"uv":[2.0,8.25,2.125,8.375],"rotation":0,"texture":"#0","tintindex":0},"south":{"uv":[7.75,5.125,8.0,5.25],"rotation":0,"texture":"#0","tintindex":0},"north":{"uv":[7.75,5.0,8.0,5.125],"rotation":0,"texture":"#0","tintindex":0},"west":{"uv":[8.25,2.0,8.375,2.125],"rotation":0,"texture":"#0","tintindex":0},"up":{"uv":[5.5,7.875,5.25,7.75],"rotation":0,"texture":"#0","tintindex":0},"down":{"uv":[8.0,5.25,7.75,5.375],"rotation":0,"texture":"#0","tintindex":0}}},{"from":[7.370825,11.498533,8.274825],"to":[8.656539,12.069962,8.417682],"rotation":{"angle":0.0,"axis":"y","origin":[7.9993963,-22.787182,5.017682]},"faces":{"east":{"uv":[2.125,8.25,2.25,8.375],"rotation":0,"texture":"#0","tintindex":0},"south":{"uv":[5.5,7.75,5.75,7.875],"rotation":0,"texture":"#0","tintindex":0},"north":{"uv":[7.75,5.375,8.0,5.5],"rotation":0,"texture":"#0","tintindex":0},"west":{"uv":[8.25,2.125,8.375,2.25],"rotation":0,"texture":"#0","tintindex":0},"up":{"uv":[8.0,5.625,7.75,5.5],"rotation":0,"texture":"#0","tintindex":0},"down":{"uv":[8.0,5.625,7.75,5.75],"rotation":0,"texture":"#0","tintindex":0}}},{"from":[7.370825,10.355677,8.274825],"to":[8.656539,10.927105,8.417682],"rotation":{"angle":0.0,"axis":"y","origin":[7.9993963,-22.787182,5.017682]},"faces":{"east":{"uv":[2.25,8.25,2.375,8.375],"rotation":0,"texture":"#0","tintindex":0},"south":{"uv":[7.75,5.75,8.0,5.875],"rotation":0,"texture":"#0","tintindex":0},"north":{"uv":[5.75,7.75,6.0,7.875],"rotation":0,"texture":"#0","tintindex":0},"west":{"uv":[8.25,2.25,8.375,2.375],"rotation":0,"texture":"#0","tintindex":0},"up":{"uv":[8.0,6.0,7.75,5.875],"rotation":0,"texture":"#0","tintindex":0},"down":{"uv":[6.25,7.75,6.0,7.875],"rotation":0,"texture":"#0","tintindex":0}}},{"from":[7.370825,9.212819,8.274825],"to":[8.656539,9.784247,8.417682],"rotation":{"angle":0.0,"axis":"y","origin":[7.9993963,-22.787182,5.017682]},"faces":{"east":{"uv":[2.375,8.25,2.5,8.375],"rotation":0,"texture":"#0","tintindex":0},"south":{"uv":[7.75,6.125,8.0,6.25],"rotation":0,"texture":"#0","tintindex":0},"north":{"uv":[7.75,6.0,8.0,6.125],"rotation":0,"texture":"#0","tintindex":0},"west":{"uv":[8.25,2.375,8.375,2.5],"rotation":0,"texture":"#0","tintindex":0},"up":{"uv":[6.5,7.875,6.25,7.75],"rotation":0,"texture":"#0","tintindex":0},"down":{"uv":[8.0,6.25,7.75,6.375],"rotation":0,"texture":"#0","tintindex":0}}},{"from":[6.2279677,14.355677,8.160539],"to":[9.7993965,16.641392,8.389111],"rotation":{"angle":0.0,"axis":"y","origin":[7.9993963,-22.787182,4.703396]},"faces":{"east":{"uv":[4.5,7.0,4.625,7.5],"rotation":0,"texture":"#0","tintindex":0},"south":{"uv":[4.25,2.75,5.0,3.25],"rotation":0,"texture":"#0","tintindex":0},"north":{"uv":[4.25,2.25,5.0,2.75],"rotation":0,"texture":"#0","tintindex":0},"west":{"uv":[4.625,7.0,4.75,7.5],"rotation":0,"texture":"#0","tintindex":0},"up":{"uv":[7.125,6.0,6.375,5.875],"rotation":0,"texture":"#0","tintindex":0},"down":{"uv":[6.75,6.375,6.0,6.5],"rotation":0,"texture":"#0","tintindex":0}}}],"textures":{"0":"modelengine:entity/rey_guardian"},"display":{"head":{"translation":[0.0,-6.4,0.0],"scale":[4.0,4.0,4.0]}}}