{"elements":[{"from":[7.142857,6.7662272,6.4289703],"to":[8.857143,7.9090843,8.7146845],"rotation":{"angle":0.0,"axis":"y","origin":[5.8571424,8.480513,7.000399]},"faces":{"east":{"uv":[6.375,3.25,6.875,3.5],"rotation":0,"texture":"#0","tintindex":0},"south":{"uv":[1.375,6.875,1.75,7.125],"rotation":0,"texture":"#0","tintindex":0},"north":{"uv":[6.875,1.0,7.25,1.25],"rotation":0,"texture":"#0","tintindex":0},"west":{"uv":[3.75,6.375,4.25,6.625],"rotation":0,"texture":"#0","tintindex":0},"up":{"uv":[5.75,3.25,5.375,2.75],"rotation":0,"texture":"#0","tintindex":0},"down":{"uv":[5.875,0.0,5.5,0.5],"rotation":0,"texture":"#0","tintindex":0}}},{"from":[8.3,6.7662272,5.7146845],"to":[8.842857,7.62337,6.4289703],"rotation":{"angle":0.0,"axis":"y","origin":[5.8571424,8.480513,7.000399]},"faces":{"east":{"uv":[0.625,8.125,0.75,8.375],"rotation":0,"texture":"#0","tintindex":0},"south":{"uv":[8.125,0.75,8.25,1.0],"rotation":0,"texture":"#0","tintindex":0},"north":{"uv":[8.125,0.5,8.25,0.75],"rotation":0,"texture":"#0","tintindex":0},"west":{"uv":[0.875,8.125,1.0,8.375],"rotation":0,"texture":"#0","tintindex":0},"up":{"uv":[7.875,8.375,7.75,8.25],"rotation":0,"texture":"#0","tintindex":0},"down":{"uv":[8.375,7.75,8.25,7.875],"rotation":0,"texture":"#0","tintindex":0}}},{"from":[7.7285714,6.7662272,5.7146845],"to":[8.271429,7.62337,6.4289703],"rotation":{"angle":0.0,"axis":"y","origin":[5.8571424,8.480513,7.000399]},"faces":{"east":{"uv":[8.125,1.0,8.25,1.25],"rotation":0,"texture":"#0","tintindex":0},"south":{"uv":[1.125,8.125,1.25,8.375],"rotation":0,"texture":"#0","tintindex":0},"north":{"uv":[1.0,8.125,1.125,8.375],"rotation":0,"texture":"#0","tintindex":0},"west":{"uv":[1.25,8.125,1.375,8.375],"rotation":0,"texture":"#0","tintindex":0},"up":{"uv":[8.0,8.375,7.875,8.25],"rotation":0,"texture":"#0","tintindex":0},"down":{"uv":[8.375,7.875,8.25,8.0],"rotation":0,"texture":"#0","tintindex":0}}},{"from":[7.1571426,6.7662272,5.7146845],"to":[7.7,7.62337,6.4289703],"rotation":{"angle":0.0,"axis":"y","origin":[5.8571424,8.480513,7.000399]},"faces":{"east":{"uv":[1.375,8.125,1.5,8.375],"rotation":0,"texture":"#0","tintindex":0},"south":{"uv":[1.5,8.125,1.625,8.375],"rotation":0,"texture":"#0","tintindex":0},"north":{"uv":[8.125,1.25,8.25,1.5],"rotation":0,"texture":"#0","tintindex":0},"west":{"uv":[8.125,1.5,8.25,1.75],"rotation":0,"texture":"#0","tintindex":0},"up":{"uv":[8.125,8.375,8.0,8.25],"rotation":0,"texture":"#0","tintindex":0},"down":{"uv":[8.375,8.0,8.25,8.125],"rotation":0,"texture":"#0","tintindex":0}}}],"textures":{"0":"modelengine:entity/rey_guardian"},"display":{"head":{"translation":[0.0,-6.4,0.0],"scale":[4.0,4.0,4.0]}}}