{"elements":[{"from":[7.142857,6.7662272,6.4289703],"to":[8.857143,7.9090843,8.7146845],"rotation":{"angle":0.0,"axis":"y","origin":[10.142858,8.480513,7.000399]},"faces":{"east":{"uv":[6.375,3.0,6.875,3.25],"rotation":0,"texture":"#0","tintindex":0},"south":{"uv":[6.875,0.25,7.25,0.5],"rotation":0,"texture":"#0","tintindex":0},"north":{"uv":[6.75,6.625,7.125,6.875],"rotation":0,"texture":"#0","tintindex":0},"west":{"uv":[3.25,6.375,3.75,6.625],"rotation":0,"texture":"#0","tintindex":0},"up":{"uv":[5.375,3.25,5.0,2.75],"rotation":0,"texture":"#0","tintindex":0},"down":{"uv":[5.625,1.625,5.25,2.125],"rotation":0,"texture":"#0","tintindex":0}}},{"from":[7.1571426,6.7662272,5.7146845],"to":[7.7,7.62337,6.4289703],"rotation":{"angle":0.0,"axis":"y","origin":[10.142858,8.480513,7.000399]},"faces":{"east":{"uv":[8.0,7.0,8.125,7.25],"rotation":0,"texture":"#0","tintindex":0},"south":{"uv":[7.125,8.0,7.25,8.25],"rotation":0,"texture":"#0","tintindex":0},"north":{"uv":[7.0,8.0,7.125,8.25],"rotation":0,"texture":"#0","tintindex":0},"west":{"uv":[8.0,7.25,8.125,7.5],"rotation":0,"texture":"#0","tintindex":0},"up":{"uv":[7.25,8.375,7.125,8.25],"rotation":0,"texture":"#0","tintindex":0},"down":{"uv":[8.375,7.125,8.25,7.25],"rotation":0,"texture":"#0","tintindex":0}}},{"from":[8.3,6.7662272,5.7146845],"to":[8.842857,7.62337,6.4289703],"rotation":{"angle":0.0,"axis":"y","origin":[10.142858,8.480513,7.000399]},"faces":{"east":{"uv":[8.0,7.5,8.125,7.75],"rotation":0,"texture":"#0","tintindex":0},"south":{"uv":[7.625,8.0,7.75,8.25],"rotation":0,"texture":"#0","tintindex":0},"north":{"uv":[7.5,8.0,7.625,8.25],"rotation":0,"texture":"#0","tintindex":0},"west":{"uv":[8.0,7.75,8.125,8.0],"rotation":0,"texture":"#0","tintindex":0},"up":{"uv":[7.375,8.375,7.25,8.25],"rotation":0,"texture":"#0","tintindex":0},"down":{"uv":[8.375,7.25,8.25,7.375],"rotation":0,"texture":"#0","tintindex":0}}},{"from":[7.7285714,6.7662272,5.7146845],"to":[8.271429,7.62337,6.4289703],"rotation":{"angle":0.0,"axis":"y","origin":[10.142858,8.480513,7.000399]},"faces":{"east":{"uv":[8.0,8.0,8.125,8.25],"rotation":0,"texture":"#0","tintindex":0},"south":{"uv":[0.0,8.125,0.125,8.375],"rotation":0,"texture":"#0","tintindex":0},"north":{"uv":[7.875,8.0,8.0,8.25],"rotation":0,"texture":"#0","tintindex":0},"west":{"uv":[8.125,0.0,8.25,0.25],"rotation":0,"texture":"#0","tintindex":0},"up":{"uv":[7.5,8.375,7.375,8.25],"rotation":0,"texture":"#0","tintindex":0},"down":{"uv":[8.375,7.375,8.25,7.5],"rotation":0,"texture":"#0","tintindex":0}}}],"textures":{"0":"modelengine:entity/rey_guardian"},"display":{"head":{"translation":[0.0,-6.4,0.0],"scale":[4.0,4.0,4.0]}}}