{"elements":[{"from":[7.6174736,6.6128445,7.4552355],"to":[8.446045,7.6985583,7.969521],"rotation":{"angle":0.0,"axis":"y","origin":[7.7954645,31.753923,7.543288]},"faces":{"east":{"uv":[7.75,6.375,7.875,6.625],"rotation":0,"texture":"#0","tintindex":0},"south":{"uv":[6.5,7.75,6.625,8.0],"rotation":0,"texture":"#0","tintindex":0},"north":{"uv":[4.375,7.75,4.5,8.0],"rotation":0,"texture":"#0","tintindex":0},"west":{"uv":[6.625,7.75,6.75,8.0],"rotation":0,"texture":"#0","tintindex":0},"up":{"uv":[2.625,8.375,2.5,8.25],"rotation":0,"texture":"#0","tintindex":0},"down":{"uv":[8.375,2.5,8.25,2.625],"rotation":0,"texture":"#0","tintindex":0}}},{"from":[7.7603307,6.6128445,8.026664],"to":[8.303187,7.72713,8.54095],"rotation":{"angle":0.0,"axis":"y","origin":[7.7954645,31.753923,7.543288]},"faces":{"east":{"uv":[6.875,7.75,7.0,8.0],"rotation":0,"texture":"#0","tintindex":0},"south":{"uv":[7.0,7.75,7.125,8.0],"rotation":0,"texture":"#0","tintindex":0},"north":{"uv":[6.75,7.75,6.875,8.0],"rotation":0,"texture":"#0","tintindex":0},"west":{"uv":[7.75,7.0,7.875,7.25],"rotation":0,"texture":"#0","tintindex":0},"up":{"uv":[2.75,8.375,2.625,8.25],"rotation":0,"texture":"#0","tintindex":0},"down":{"uv":[8.375,2.625,8.25,2.75],"rotation":0,"texture":"#0","tintindex":0}}},{"from":[7.188902,5.498558,7.1695213],"to":[8.874617,6.6128435,8.826664],"rotation":{"angle":0.0,"axis":"y","origin":[7.7954645,31.782494,7.543288]},"faces":{"east":{"uv":[6.5,2.625,6.875,2.875],"rotation":0,"texture":"#0","tintindex":0},"south":{"uv":[6.5,3.5,6.875,3.75],"rotation":0,"texture":"#0","tintindex":0},"north":{"uv":[6.5,1.125,6.875,1.375],"rotation":0,"texture":"#0","tintindex":0},"west":{"uv":[6.5,3.75,6.875,4.0],"rotation":0,"texture":"#0","tintindex":0},"up":{"uv":[6.375,1.875,6.0,1.5],"rotation":0,"texture":"#0","tintindex":0},"down":{"uv":[2.25,6.0,1.875,6.375],"rotation":0,"texture":"#0","tintindex":0}}},{"from":[8.481982,5.03827,7.408614],"to":[9.12484,6.2239842,8.080043],"rotation":{"angle":0.0,"axis":"y","origin":[8.00111,28.111189,12.325449]},"faces":{"east":{"uv":[7.75,7.25,7.875,7.5],"rotation":0,"texture":"#0","tintindex":0},"south":{"uv":[7.5,7.75,7.625,8.0],"rotation":0,"texture":"#0","tintindex":0},"north":{"uv":[7.125,7.75,7.25,8.0],"rotation":0,"texture":"#0","tintindex":0},"west":{"uv":[7.625,7.75,7.75,8.0],"rotation":0,"texture":"#0","tintindex":0},"up":{"uv":[2.875,8.375,2.75,8.25],"rotation":0,"texture":"#0","tintindex":0},"down":{"uv":[8.375,2.75,8.25,2.875],"rotation":0,"texture":"#0","tintindex":0}}},{"from":[6.966673,4.717518,7.0694675],"to":[7.723816,6.0460896,7.6123247],"rotation":{"angle":0.0,"axis":"y","origin":[8.2954645,29.827703,7.850562]},"faces":{"east":{"uv":[0.0,7.875,0.125,8.125],"rotation":0,"texture":"#0","tintindex":0},"south":{"uv":[7.875,0.0,8.0,0.25],"rotation":0,"texture":"#0","tintindex":0},"north":{"uv":[7.75,7.625,7.875,7.875],"rotation":0,"texture":"#0","tintindex":0},"west":{"uv":[0.125,7.875,0.25,8.125],"rotation":0,"texture":"#0","tintindex":0},"up":{"uv":[3.0,8.375,2.875,8.25],"rotation":0,"texture":"#0","tintindex":0},"down":{"uv":[8.375,2.875,8.25,3.0],"rotation":0,"texture":"#0","tintindex":0}}},{"from":[6.995097,4.634169,7.7346053],"to":[7.809383,5.9627404,8.277462],"rotation":{"angle":0.0,"axis":"y","origin":[8.2954645,30.011065,7.0718594]},"faces":{"east":{"uv":[0.375,7.875,0.5,8.125],"rotation":0,"texture":"#0","tintindex":0},"south":{"uv":[0.5,7.875,0.625,8.125],"rotation":0,"texture":"#0","tintindex":0},"north":{"uv":[0.25,7.875,0.375,8.125],"rotation":0,"texture":"#0","tintindex":0},"west":{"uv":[0.625,7.875,0.75,8.125],"rotation":0,"texture":"#0","tintindex":0},"up":{"uv":[3.125,8.375,3.0,8.25],"rotation":0,"texture":"#0","tintindex":0},"down":{"uv":[8.375,3.0,8.25,3.125],"rotation":0,"texture":"#0","tintindex":0}}},{"from":[6.99119,4.7000628,8.42946],"to":[7.776904,6.028634,8.972317],"rotation":{"angle":0.0,"axis":"y","origin":[8.2954645,29.873545,7.655888]},"faces":{"east":{"uv":[1.0,7.875,1.125,8.125],"rotation":0,"texture":"#0","tintindex":0},"south":{"uv":[1.125,7.875,1.25,8.125],"rotation":0,"texture":"#0","tintindex":0},"north":{"uv":[0.875,7.875,1.0,8.125],"rotation":0,"texture":"#0","tintindex":0},"west":{"uv":[7.875,1.125,8.0,1.375],"rotation":0,"texture":"#0","tintindex":0},"up":{"uv":[3.25,8.375,3.125,8.25],"rotation":0,"texture":"#0","tintindex":0},"down":{"uv":[8.375,3.125,8.25,3.25],"rotation":0,"texture":"#0","tintindex":0}}},{"from":[-2.7739573,4.599674,8.486603],"to":[-2.1168137,5.756817,8.9151745],"rotation":{"angle":22.5,"axis":"z","origin":[4.736374,29.918432,7.4840765]},"faces":{"east":{"uv":[1.375,7.875,1.5,8.125],"rotation":0,"texture":"#0","tintindex":0},"south":{"uv":[7.875,1.375,8.0,1.625],"rotation":0,"texture":"#0","tintindex":0},"north":{"uv":[1.25,7.875,1.375,8.125],"rotation":0,"texture":"#0","tintindex":0},"west":{"uv":[1.5,7.875,1.625,8.125],"rotation":0,"texture":"#0","tintindex":0},"up":{"uv":[3.375,8.375,3.25,8.25],"rotation":0,"texture":"#0","tintindex":0},"down":{"uv":[8.375,3.25,8.25,3.375],"rotation":0,"texture":"#0","tintindex":0}}},{"from":[-3.0661602,4.3602123,7.791748],"to":[-2.3518744,5.6316414,8.22032],"rotation":{"angle":22.5,"axis":"z","origin":[4.443214,30.567223,7.814301]},"faces":{"east":{"uv":[7.875,1.625,8.0,1.875],"rotation":0,"texture":"#0","tintindex":0},"south":{"uv":[1.75,7.875,1.875,8.125],"rotation":0,"texture":"#0","tintindex":0},"north":{"uv":[1.625,7.875,1.75,8.125],"rotation":0,"texture":"#0","tintindex":0},"west":{"uv":[1.875,7.875,2.0,8.125],"rotation":0,"texture":"#0","tintindex":0},"up":{"uv":[3.5,8.375,3.375,8.25],"rotation":0,"texture":"#0","tintindex":0},"down":{"uv":[8.375,3.375,8.25,3.5],"rotation":0,"texture":"#0","tintindex":0}}},{"from":[-1.8333273,8.3603735,7.1266103],"to":[-1.2047558,9.517516,7.5551815],"rotation":{"angle":22.5,"axis":"z","origin":[14.585974,29.390806,8.59347]},"faces":{"east":{"uv":[2.0,7.875,2.125,8.125],"rotation":0,"texture":"#0","tintindex":0},"south":{"uv":[2.125,7.875,2.25,8.125],"rotation":0,"texture":"#0","tintindex":0},"north":{"uv":[7.875,1.875,8.0,2.125],"rotation":0,"texture":"#0","tintindex":0},"west":{"uv":[7.875,2.125,8.0,2.375],"rotation":0,"texture":"#0","tintindex":0},"up":{"uv":[3.625,8.375,3.5,8.25],"rotation":0,"texture":"#0","tintindex":0},"down":{"uv":[8.375,3.5,8.25,3.625],"rotation":0,"texture":"#0","tintindex":0}}},{"from":[18.200344,2.8545122,7.4657574],"to":[18.728916,3.6545124,8.008615],"rotation":{"angle":-22.5,"axis":"z","origin":[17.433758,28.631508,5.4242477]},"faces":{"east":{"uv":[8.25,3.625,8.375,3.75],"rotation":0,"texture":"#0","tintindex":0},"south":{"uv":[3.75,8.25,3.875,8.375],"rotation":0,"texture":"#0","tintindex":0},"north":{"uv":[3.625,8.25,3.75,8.375],"rotation":0,"texture":"#0","tintindex":0},"west":{"uv":[8.25,3.75,8.375,3.875],"rotation":0,"texture":"#0","tintindex":0},"up":{"uv":[4.0,8.375,3.875,8.25],"rotation":0,"texture":"#0","tintindex":0},"down":{"uv":[8.375,3.875,8.25,4.0],"rotation":0,"texture":"#0","tintindex":0}}}],"textures":{"0":"modelengine:entity/rey_guardian"},"display":{"head":{"translation":[0.0,-6.4,0.0],"scale":[4.0,4.0,4.0]}}}