{"elements":[{"from":[7.696812,6.6128445,7.5980926],"to":[8.525384,7.72713,8.112378],"rotation":{"angle":0.0,"axis":"y","origin":[8.347393,31.753923,7.6861453]},"faces":{"east":{"uv":[4.625,7.875,4.75,8.125],"rotation":0,"texture":"#0","tintindex":0},"south":{"uv":[4.75,7.875,4.875,8.125],"rotation":0,"texture":"#0","tintindex":0},"north":{"uv":[4.5,7.875,4.625,8.125],"rotation":0,"texture":"#0","tintindex":0},"west":{"uv":[4.875,7.875,5.0,8.125],"rotation":0,"texture":"#0","tintindex":0},"up":{"uv":[4.25,8.375,4.125,8.25],"rotation":0,"texture":"#0","tintindex":0},"down":{"uv":[8.375,4.125,8.25,4.25],"rotation":0,"texture":"#0","tintindex":0}}},{"from":[7.839669,6.6128445,8.169521],"to":[8.382526,7.72713,8.683807],"rotation":{"angle":0.0,"axis":"y","origin":[8.347393,31.753923,7.6861453]},"faces":{"east":{"uv":[5.125,7.875,5.25,8.125],"rotation":0,"texture":"#0","tintindex":0},"south":{"uv":[5.25,7.875,5.375,8.125],"rotation":0,"texture":"#0","tintindex":0},"north":{"uv":[5.0,7.875,5.125,8.125],"rotation":0,"texture":"#0","tintindex":0},"west":{"uv":[5.375,7.875,5.5,8.125],"rotation":0,"texture":"#0","tintindex":0},"up":{"uv":[4.375,8.375,4.25,8.25],"rotation":0,"texture":"#0","tintindex":0},"down":{"uv":[8.375,4.25,8.25,4.375],"rotation":0,"texture":"#0","tintindex":0}}},{"from":[7.268241,5.498558,7.3123784],"to":[8.953955,6.6128435,8.9695215],"rotation":{"angle":0.0,"axis":"y","origin":[8.347393,31.782494,7.6861453]},"faces":{"east":{"uv":[6.625,2.0,7.0,2.25],"rotation":0,"texture":"#0","tintindex":0},"south":{"uv":[6.625,2.25,7.0,2.5],"rotation":0,"texture":"#0","tintindex":0},"north":{"uv":[1.375,6.625,1.75,6.875],"rotation":0,"texture":"#0","tintindex":0},"west":{"uv":[3.25,6.625,3.625,6.875],"rotation":0,"texture":"#0","tintindex":0},"up":{"uv":[6.375,5.625,6.0,5.25],"rotation":0,"texture":"#0","tintindex":0},"down":{"uv":[6.375,5.625,6.0,6.0],"rotation":0,"texture":"#0","tintindex":0}}},{"from":[8.365953,4.7000628,8.572317],"to":[9.151668,6.028634,9.115174],"rotation":{"angle":0.0,"axis":"y","origin":[7.8473926,29.873545,7.798745]},"faces":{"east":{"uv":[5.625,7.875,5.75,8.125],"rotation":0,"texture":"#0","tintindex":0},"south":{"uv":[5.75,7.875,5.875,8.125],"rotation":0,"texture":"#0","tintindex":0},"north":{"uv":[5.5,7.875,5.625,8.125],"rotation":0,"texture":"#0","tintindex":0},"west":{"uv":[5.875,7.875,6.0,8.125],"rotation":0,"texture":"#0","tintindex":0},"up":{"uv":[4.5,8.375,4.375,8.25],"rotation":0,"texture":"#0","tintindex":0},"down":{"uv":[8.375,4.375,8.25,4.5],"rotation":0,"texture":"#0","tintindex":0}}},{"from":[18.25967,4.599674,8.629459],"to":[18.916813,5.756817,9.058031],"rotation":{"angle":-22.5,"axis":"z","origin":[11.406484,29.918432,7.6269336]},"faces":{"east":{"uv":[6.125,7.875,6.25,8.125],"rotation":0,"texture":"#0","tintindex":0},"south":{"uv":[6.25,7.875,6.375,8.125],"rotation":0,"texture":"#0","tintindex":0},"north":{"uv":[6.0,7.875,6.125,8.125],"rotation":0,"texture":"#0","tintindex":0},"west":{"uv":[6.375,7.875,6.5,8.125],"rotation":0,"texture":"#0","tintindex":0},"up":{"uv":[4.625,8.375,4.5,8.25],"rotation":0,"texture":"#0","tintindex":0},"down":{"uv":[8.375,4.5,8.25,4.625],"rotation":0,"texture":"#0","tintindex":0}}},{"from":[8.333474,4.634169,7.8774624],"to":[9.14776,5.9627404,8.42032],"rotation":{"angle":0.0,"axis":"y","origin":[7.8473926,30.011065,7.2147164]},"faces":{"east":{"uv":[7.875,6.75,8.0,7.0],"rotation":0,"texture":"#0","tintindex":0},"south":{"uv":[7.875,7.0,8.0,7.25],"rotation":0,"texture":"#0","tintindex":0},"north":{"uv":[7.875,6.375,8.0,6.625],"rotation":0,"texture":"#0","tintindex":0},"west":{"uv":[7.25,7.875,7.375,8.125],"rotation":0,"texture":"#0","tintindex":0},"up":{"uv":[4.75,8.375,4.625,8.25],"rotation":0,"texture":"#0","tintindex":0},"down":{"uv":[8.375,4.625,8.25,4.75],"rotation":0,"texture":"#0","tintindex":0}}},{"from":[18.494732,4.3602123,7.934605],"to":[19.209019,5.6316414,8.363176],"rotation":{"angle":-22.5,"axis":"z","origin":[11.699643,30.567223,7.957158]},"faces":{"east":{"uv":[7.375,7.875,7.5,8.125],"rotation":0,"texture":"#0","tintindex":0},"south":{"uv":[7.875,7.5,8.0,7.75],"rotation":0,"texture":"#0","tintindex":0},"north":{"uv":[7.875,7.25,8.0,7.5],"rotation":0,"texture":"#0","tintindex":0},"west":{"uv":[7.75,7.875,7.875,8.125],"rotation":0,"texture":"#0","tintindex":0},"up":{"uv":[4.875,8.375,4.75,8.25],"rotation":0,"texture":"#0","tintindex":0},"down":{"uv":[8.375,4.75,8.25,4.875],"rotation":0,"texture":"#0","tintindex":0}}},{"from":[8.419042,4.717518,7.2123246],"to":[9.176185,6.0460896,7.755182],"rotation":{"angle":0.0,"axis":"y","origin":[7.8473926,29.827703,7.9934196]},"faces":{"east":{"uv":[8.0,0.0,8.125,0.25],"rotation":0,"texture":"#0","tintindex":0},"south":{"uv":[8.0,0.25,8.125,0.5],"rotation":0,"texture":"#0","tintindex":0},"north":{"uv":[7.875,7.75,8.0,8.0],"rotation":0,"texture":"#0","tintindex":0},"west":{"uv":[8.0,0.5,8.125,0.75],"rotation":0,"texture":"#0","tintindex":0},"up":{"uv":[5.0,8.375,4.875,8.25],"rotation":0,"texture":"#0","tintindex":0},"down":{"uv":[8.375,4.875,8.25,5.0],"rotation":0,"texture":"#0","tintindex":0}}},{"from":[17.347614,8.3603735,7.2694674],"to":[17.976185,9.517516,7.698039],"rotation":{"angle":-22.5,"axis":"z","origin":[1.5568829,29.390806,8.736327]},"faces":{"east":{"uv":[8.0,0.75,8.125,1.0],"rotation":0,"texture":"#0","tintindex":0},"south":{"uv":[8.0,1.0,8.125,1.25],"rotation":0,"texture":"#0","tintindex":0},"north":{"uv":[0.75,8.0,0.875,8.25],"rotation":0,"texture":"#0","tintindex":0},"west":{"uv":[8.0,1.25,8.125,1.5],"rotation":0,"texture":"#0","tintindex":0},"up":{"uv":[5.125,8.375,5.0,8.25],"rotation":0,"texture":"#0","tintindex":0},"down":{"uv":[8.375,5.0,8.25,5.125],"rotation":0,"texture":"#0","tintindex":0}}},{"from":[-2.5860596,2.8545122,7.6086144],"to":[-2.0574875,3.6545124,8.151471],"rotation":{"angle":22.5,"axis":"z","origin":[-1.2909012,28.631508,5.567105]},"faces":{"east":{"uv":[8.25,5.125,8.375,5.25],"rotation":0,"texture":"#0","tintindex":0},"south":{"uv":[5.25,8.25,5.375,8.375],"rotation":0,"texture":"#0","tintindex":0},"north":{"uv":[5.125,8.25,5.25,8.375],"rotation":0,"texture":"#0","tintindex":0},"west":{"uv":[8.25,5.25,8.375,5.375],"rotation":0,"texture":"#0","tintindex":0},"up":{"uv":[5.5,8.375,5.375,8.25],"rotation":0,"texture":"#0","tintindex":0},"down":{"uv":[8.375,5.375,8.25,5.5],"rotation":0,"texture":"#0","tintindex":0}}},{"from":[7.0180173,5.03827,7.5514717],"to":[7.6608744,6.2239842,8.2229],"rotation":{"angle":0.0,"axis":"y","origin":[8.141747,28.111189,12.468306]},"faces":{"east":{"uv":[8.0,1.75,8.125,2.0],"rotation":0,"texture":"#0","tintindex":0},"south":{"uv":[8.0,2.0,8.125,2.25],"rotation":0,"texture":"#0","tintindex":0},"north":{"uv":[8.0,1.5,8.125,1.75],"rotation":0,"texture":"#0","tintindex":0},"west":{"uv":[8.0,2.25,8.125,2.5],"rotation":0,"texture":"#0","tintindex":0},"up":{"uv":[5.625,8.375,5.5,8.25],"rotation":0,"texture":"#0","tintindex":0},"down":{"uv":[8.375,5.5,8.25,5.625],"rotation":0,"texture":"#0","tintindex":0}}}],"textures":{"0":"modelengine:entity/rey_guardian"},"display":{"head":{"translation":[0.0,-6.4,0.0],"scale":[4.0,4.0,4.0]}}}