{"elements":[{"from":[6.570727,9.339458,-1.6801376],"to":[9.42787,12.196602,1.1770058],"rotation":{"angle":0.0,"axis":"y","origin":[8.285013,-15.660543,-1.0515661]},"faces":{"east":{"uv":[3.0,2.875,3.625,3.5],"rotation":0,"texture":"#0","tintindex":0},"south":{"uv":[3.0,3.5,3.625,4.125],"rotation":0,"texture":"#0","tintindex":0},"north":{"uv":[3.0,2.25,3.625,2.875],"rotation":0,"texture":"#0","tintindex":0},"west":{"uv":[3.625,2.25,4.25,2.875],"rotation":0,"texture":"#0","tintindex":0},"up":{"uv":[4.25,3.5,3.625,2.875],"rotation":0,"texture":"#0","tintindex":0},"down":{"uv":[4.25,3.5,3.625,4.125],"rotation":0,"texture":"#0","tintindex":0}}},{"from":[6.570727,11.053744,-2.1087093],"to":[9.42787,11.910888,-1.6801376],"rotation":{"angle":0.0,"axis":"y","origin":[8.285013,-15.660543,-1.0515661]},"faces":{"east":{"uv":[8.0,2.5,8.125,2.75],"rotation":0,"texture":"#0","tintindex":0},"south":{"uv":[5.5,4.25,6.125,4.5],"rotation":0,"texture":"#0","tintindex":0},"north":{"uv":[5.5,4.0,6.125,4.25],"rotation":0,"texture":"#0","tintindex":0},"west":{"uv":[8.0,2.75,8.125,3.0],"rotation":0,"texture":"#0","tintindex":0},"up":{"uv":[7.5,1.75,6.875,1.625],"rotation":0,"texture":"#0","tintindex":0},"down":{"uv":[7.5,1.75,6.875,1.875],"rotation":0,"texture":"#0","tintindex":0}}},{"from":[7.370727,9.852109,16.932278],"to":[8.656442,11.566395,17.76085],"rotation":{"angle":-22.5,"axis":"x","origin":[7.9992986,-30.147896,14.503707]},"faces":{"east":{"uv":[6.75,7.375,6.875,7.75],"rotation":0,"texture":"#0","tintindex":0},"south":{"uv":[3.875,6.625,4.125,7.0],"rotation":0,"texture":"#0","tintindex":0},"north":{"uv":[3.625,6.625,3.875,7.0],"rotation":0,"texture":"#0","tintindex":0},"west":{"uv":[6.875,7.375,7.0,7.75],"rotation":0,"texture":"#0","tintindex":0},"up":{"uv":[3.25,8.125,3.0,8.0],"rotation":0,"texture":"#0","tintindex":0},"down":{"uv":[8.25,3.0,8.0,3.125],"rotation":0,"texture":"#0","tintindex":0}}},{"from":[7.370727,19.552223,31.171429],"to":[8.656442,20.123652,32.0],"rotation":{"angle":-45.0,"axis":"x","origin":[7.9992986,-22.162066,28.742857]},"faces":{"east":{"uv":[5.625,8.25,5.75,8.375],"rotation":0,"texture":"#0","tintindex":0},"south":{"uv":[8.0,3.375,8.25,3.5],"rotation":0,"texture":"#0","tintindex":0},"north":{"uv":[3.25,8.0,3.5,8.125],"rotation":0,"texture":"#0","tintindex":0},"west":{"uv":[8.25,5.625,8.375,5.75],"rotation":0,"texture":"#0","tintindex":0},"up":{"uv":[3.75,8.125,3.5,8.0],"rotation":0,"texture":"#0","tintindex":0},"down":{"uv":[8.25,3.5,8.0,3.625],"rotation":0,"texture":"#0","tintindex":0}}}],"textures":{"0":"modelengine:entity/rey_guardian"},"display":{"head":{"translation":[0.0,-6.4,25.283165],"scale":[4.0,4.0,4.0]}}}