{"elements":[{"from":[7.285714,7.357143,5.285714],"to":[9.285714,8.071428,8.428572],"rotation":{"angle":0.0,"axis":"y","origin":[8.571428,-16.928572,6.342857]},"faces":{"east":{"uv":[6.375,6.25,7.125,6.375],"rotation":0,"texture":"#0","tintindex":0},"south":{"uv":[7.125,6.75,7.625,6.875],"rotation":0,"texture":"#0","tintindex":0},"north":{"uv":[7.125,2.875,7.625,3.0],"rotation":0,"texture":"#0","tintindex":0},"west":{"uv":[6.5,1.375,7.25,1.5],"rotation":0,"texture":"#0","tintindex":0},"up":{"uv":[4.75,4.0,4.25,3.25],"rotation":0,"texture":"#0","tintindex":0},"down":{"uv":[2.75,4.375,2.25,5.125],"rotation":0,"texture":"#0","tintindex":0}}}],"textures":{"0":"modelengine:entity/rey_guardian"},"display":{"head":{"translation":[0.0,-6.4,0.0],"scale":[4.0,4.0,4.0]}}}