{"elements":[{"from":[7.4142857,2.757143,7.3],"to":[8.671429,7.9000006,8.671429],"rotation":{"angle":0.0,"axis":"y","origin":[7.7351336,26.812508,7.5309095]},"faces":{"east":{"uv":[3.5,4.875,3.75,6.0],"rotation":0,"texture":"#0","tintindex":0},"south":{"uv":[3.75,4.875,4.0,6.0],"rotation":0,"texture":"#0","tintindex":0},"north":{"uv":[3.25,4.875,3.5,6.0],"rotation":0,"texture":"#0","tintindex":0},"west":{"uv":[4.0,4.875,4.25,6.0],"rotation":0,"texture":"#0","tintindex":0},"up":{"uv":[6.0,7.25,5.75,7.0],"rotation":0,"texture":"#0","tintindex":0},"down":{"uv":[6.25,7.0,6.0,7.25],"rotation":0,"texture":"#0","tintindex":0}}},{"from":[7.2714286,6.757143,7.1571426],"to":[8.814285,7.328572,8.814285],"rotation":{"angle":0.0,"axis":"y","origin":[7.7351336,26.812508,7.5309095]},"faces":{"east":{"uv":[7.375,5.625,7.75,5.75],"rotation":0,"texture":"#0","tintindex":0},"south":{"uv":[7.375,5.75,7.75,5.875],"rotation":0,"texture":"#0","tintindex":0},"north":{"uv":[5.625,7.375,6.0,7.5],"rotation":0,"texture":"#0","tintindex":0},"west":{"uv":[7.375,5.875,7.75,6.0],"rotation":0,"texture":"#0","tintindex":0},"up":{"uv":[0.75,6.375,0.375,6.0],"rotation":0,"texture":"#0","tintindex":0},"down":{"uv":[1.125,6.0,0.75,6.375],"rotation":0,"texture":"#0","tintindex":0}}},{"from":[7.2714286,3.3285718,7.1571426],"to":[8.814285,3.9,8.814285],"rotation":{"angle":0.0,"axis":"y","origin":[7.7351336,26.812508,7.5309095]},"faces":{"east":{"uv":[7.375,6.0,7.75,6.125],"rotation":0,"texture":"#0","tintindex":0},"south":{"uv":[7.375,6.125,7.75,6.25],"rotation":0,"texture":"#0","tintindex":0},"north":{"uv":[6.0,7.375,6.375,7.5],"rotation":0,"texture":"#0","tintindex":0},"west":{"uv":[7.375,6.25,7.75,6.375],"rotation":0,"texture":"#0","tintindex":0},"up":{"uv":[1.5,6.375,1.125,6.0],"rotation":0,"texture":"#0","tintindex":0},"down":{"uv":[1.875,6.0,1.5,6.375],"rotation":0,"texture":"#0","tintindex":0}}}],"textures":{"0":"modelengine:entity/rey_guardian"},"display":{"head":{"translation":[0.0,-6.4,0.0],"scale":[4.0,4.0,4.0]}}}