{"elements":[{"from":[7.428571,1.5428567,7.428571],"to":[8.571428,7.257143,8.142858],"rotation":{"angle":0.0,"axis":"y","origin":[9.542857,2.1142855,7.142857]},"faces":{"east":{"uv":[5.5,4.5,5.625,5.75],"rotation":0,"texture":"#0","tintindex":0},"south":{"uv":[2.0,4.75,2.25,6.0],"rotation":0,"texture":"#0","tintindex":0},"north":{"uv":[1.75,4.75,2.0,6.0],"rotation":0,"texture":"#0","tintindex":0},"west":{"uv":[5.625,4.5,5.75,5.75],"rotation":0,"texture":"#0","tintindex":0},"up":{"uv":[8.25,6.875,8.0,6.75],"rotation":0,"texture":"#0","tintindex":0},"down":{"uv":[8.25,6.875,8.0,7.0],"rotation":0,"texture":"#0","tintindex":0}}},{"from":[7.714286,1.5428567,8.142858],"to":[8.285714,7.257143,8.571428],"rotation":{"angle":0.0,"axis":"y","origin":[9.542857,2.1142855,7.142857]},"faces":{"east":{"uv":[2.875,5.75,3.0,7.0],"rotation":0,"texture":"#0","tintindex":0},"south":{"uv":[5.75,4.5,5.875,5.75],"rotation":0,"texture":"#0","tintindex":0},"north":{"uv":[2.75,5.75,2.875,7.0],"rotation":0,"texture":"#0","tintindex":0},"west":{"uv":[5.5,5.75,5.625,7.0],"rotation":0,"texture":"#0","tintindex":0},"up":{"uv":[7.125,8.375,7.0,8.25],"rotation":0,"texture":"#0","tintindex":0},"down":{"uv":[8.375,7.0,8.25,7.125],"rotation":0,"texture":"#0","tintindex":0}}},{"from":[7.142857,6.6857142,7.2],"to":[8.857143,7.9428573,8.8],"rotation":{"angle":0.0,"axis":"y","origin":[9.542857,2.1142855,7.142857]},"faces":{"east":{"uv":[6.75,5.625,7.125,5.875],"rotation":0,"texture":"#0","tintindex":0},"south":{"uv":[6.75,6.0,7.125,6.25],"rotation":0,"texture":"#0","tintindex":0},"north":{"uv":[6.75,5.375,7.125,5.625],"rotation":0,"texture":"#0","tintindex":0},"west":{"uv":[6.75,6.375,7.125,6.625],"rotation":0,"texture":"#0","tintindex":0},"up":{"uv":[6.5,3.0,6.125,2.625],"rotation":0,"texture":"#0","tintindex":0},"down":{"uv":[6.5,3.5,6.125,3.875],"rotation":0,"texture":"#0","tintindex":0}}}],"textures":{"0":"modelengine:entity/rey_guardian"},"display":{"head":{"translation":[0.0,-6.4,0.0],"scale":[4.0,4.0,4.0]}}}