{"elements":[{"from":[7.6571426,1.2857141,8.0],"to":[8.428572,8.571428,8.571428],"rotation":{"angle":0.0,"axis":"y","origin":[9.571428,-1.7142859,7.142857]},"faces":{"east":{"uv":[2.5,5.125,2.625,6.75],"rotation":0,"texture":"#0","tintindex":0},"south":{"uv":[2.625,5.125,2.75,6.75],"rotation":0,"texture":"#0","tintindex":0},"north":{"uv":[2.375,5.125,2.5,6.75],"rotation":0,"texture":"#0","tintindex":0},"west":{"uv":[5.125,4.625,5.25,6.25],"rotation":0,"texture":"#0","tintindex":0},"up":{"uv":[7.0,8.375,6.875,8.25],"rotation":0,"texture":"#0","tintindex":0},"down":{"uv":[8.375,6.875,8.25,7.0],"rotation":0,"texture":"#0","tintindex":0}}},{"from":[7.3714285,1.2857141,7.428571],"to":[8.714286,8.571428,8.0],"rotation":{"angle":0.0,"axis":"y","origin":[9.571428,-1.7142859,7.142857]},"faces":{"east":{"uv":[5.25,0.0,5.375,1.625],"rotation":0,"texture":"#0","tintindex":0},"south":{"uv":[0.75,3.0,1.0,4.625],"rotation":0,"texture":"#0","tintindex":0},"north":{"uv":[0.5,3.0,0.75,4.625],"rotation":0,"texture":"#0","tintindex":0},"west":{"uv":[5.25,3.5,5.375,5.125],"rotation":0,"texture":"#0","tintindex":0},"up":{"uv":[8.25,6.75,8.0,6.625],"rotation":0,"texture":"#0","tintindex":0},"down":{"uv":[7.0,8.0,6.75,8.125],"rotation":0,"texture":"#0","tintindex":0}}}],"textures":{"0":"modelengine:entity/rey_guardian"},"display":{"head":{"translation":[0.0,-6.4,0.0],"scale":[4.0,4.0,4.0]}}}