{"elements":[{"from":[6.238496,7.453217,7.263607],"to":[7.781353,8.71036,8.749322],"rotation":{"angle":0.0,"axis":"y","origin":[6.702201,21.50858,7.5516596]},"faces":{"east":{"uv":[6.5,0.375,6.875,0.625],"rotation":0,"texture":"#0","tintindex":0},"south":{"uv":[6.5,0.625,6.875,0.875],"rotation":0,"texture":"#0","tintindex":0},"north":{"uv":[6.375,6.0,6.75,6.25],"rotation":0,"texture":"#0","tintindex":0},"west":{"uv":[6.5,0.875,6.875,1.125],"rotation":0,"texture":"#0","tintindex":0},"up":{"uv":[6.125,3.125,5.75,2.75],"rotation":0,"texture":"#0","tintindex":0},"down":{"uv":[6.25,0.0,5.875,0.375],"rotation":0,"texture":"#0","tintindex":0}}},{"from":[6.52421,2.596074,7.4636073],"to":[7.4956384,8.653217,8.549321],"rotation":{"angle":0.0,"axis":"y","origin":[6.702201,21.50858,7.5516596]},"faces":{"east":{"uv":[4.5,4.0,4.75,5.375],"rotation":0,"texture":"#0","tintindex":0},"south":{"uv":[0.25,4.625,0.5,6.0],"rotation":0,"texture":"#0","tintindex":0},"north":{"uv":[2.75,4.375,3.0,5.75],"rotation":0,"texture":"#0","tintindex":0},"west":{"uv":[0.5,4.625,0.75,6.0],"rotation":0,"texture":"#0","tintindex":0},"up":{"uv":[7.25,4.5,7.0,4.25],"rotation":0,"texture":"#0","tintindex":0},"down":{"uv":[5.75,7.0,5.5,7.25],"rotation":0,"texture":"#0","tintindex":0}}}],"textures":{"0":"modelengine:entity/rey_guardian"},"display":{"head":{"translation":[0.0,-6.4,0.0],"scale":[4.0,4.0,4.0]}}}