{"elements":[{"from":[7.5714283,1.2857141,8.0],"to":[8.3714285,8.571428,8.571428],"rotation":{"angle":0.0,"axis":"y","origin":[6.428571,-1.7142859,7.142857]},"faces":{"east":{"uv":[5.375,0.0,5.5,1.625],"rotation":0,"texture":"#0","tintindex":0},"south":{"uv":[5.375,3.5,5.5,5.125],"rotation":0,"texture":"#0","tintindex":0},"north":{"uv":[5.25,5.125,5.375,6.75],"rotation":0,"texture":"#0","tintindex":0},"west":{"uv":[4.5,5.375,4.625,7.0],"rotation":0,"texture":"#0","tintindex":0},"up":{"uv":[7.625,8.375,7.5,8.25],"rotation":0,"texture":"#0","tintindex":0},"down":{"uv":[8.375,7.5,8.25,7.625],"rotation":0,"texture":"#0","tintindex":0}}},{"from":[7.285714,1.2857141,7.428571],"to":[8.657143,8.571428,8.0],"rotation":{"angle":0.0,"axis":"y","origin":[6.428571,-1.7142859,7.142857]},"faces":{"east":{"uv":[4.625,5.375,4.75,7.0],"rotation":0,"texture":"#0","tintindex":0},"south":{"uv":[1.25,3.0,1.5,4.625],"rotation":0,"texture":"#0","tintindex":0},"north":{"uv":[1.0,3.0,1.25,4.625],"rotation":0,"texture":"#0","tintindex":0},"west":{"uv":[5.375,5.125,5.5,6.75],"rotation":0,"texture":"#0","tintindex":0},"up":{"uv":[0.375,8.25,0.125,8.125],"rotation":0,"texture":"#0","tintindex":0},"down":{"uv":[8.375,0.25,8.125,0.375],"rotation":0,"texture":"#0","tintindex":0}}}],"textures":{"0":"modelengine:entity/rey_guardian"},"display":{"head":{"translation":[0.0,-6.4,0.0],"scale":[4.0,4.0,4.0]}}}