{"elements":[{"from":[7.1857142,3.3285718,7.1571426],"to":[8.728572,3.9,8.814285],"rotation":{"angle":0.0,"axis":"y","origin":[8.264866,26.812508,7.5309095]},"faces":{"east":{"uv":[0.375,7.5,0.75,7.625],"rotation":0,"texture":"#0","tintindex":0},"south":{"uv":[0.75,7.5,1.125,7.625],"rotation":0,"texture":"#0","tintindex":0},"north":{"uv":[7.5,0.125,7.875,0.25],"rotation":0,"texture":"#0","tintindex":0},"west":{"uv":[7.5,1.25,7.875,1.375],"rotation":0,"texture":"#0","tintindex":0},"up":{"uv":[4.0,6.375,3.625,6.0],"rotation":0,"texture":"#0","tintindex":0},"down":{"uv":[4.375,6.0,4.0,6.375],"rotation":0,"texture":"#0","tintindex":0}}},{"from":[7.1857142,6.757143,7.1571426],"to":[8.728572,7.328572,8.814285],"rotation":{"angle":0.0,"axis":"y","origin":[8.264866,26.812508,7.5309095]},"faces":{"east":{"uv":[7.5,1.625,7.875,1.75],"rotation":0,"texture":"#0","tintindex":0},"south":{"uv":[7.5,1.75,7.875,1.875],"rotation":0,"texture":"#0","tintindex":0},"north":{"uv":[7.5,1.5,7.875,1.625],"rotation":0,"texture":"#0","tintindex":0},"west":{"uv":[1.875,7.5,2.25,7.625],"rotation":0,"texture":"#0","tintindex":0},"up":{"uv":[6.375,4.875,6.0,4.5],"rotation":0,"texture":"#0","tintindex":0},"down":{"uv":[6.375,4.875,6.0,5.25],"rotation":0,"texture":"#0","tintindex":0}}},{"from":[7.3285713,2.757143,7.3],"to":[8.585714,7.9000006,8.671429],"rotation":{"angle":0.0,"axis":"y","origin":[8.264866,26.812508,7.5309095]},"faces":{"east":{"uv":[5.0,0.0,5.25,1.125],"rotation":0,"texture":"#0","tintindex":0},"south":{"uv":[5.0,1.125,5.25,2.25],"rotation":0,"texture":"#0","tintindex":0},"north":{"uv":[4.25,4.875,4.5,6.0],"rotation":0,"texture":"#0","tintindex":0},"west":{"uv":[5.0,3.5,5.25,4.625],"rotation":0,"texture":"#0","tintindex":0},"up":{"uv":[7.375,6.5,7.125,6.25],"rotation":0,"texture":"#0","tintindex":0},"down":{"uv":[7.375,6.5,7.125,6.75],"rotation":0,"texture":"#0","tintindex":0}}}],"textures":{"0":"modelengine:entity/rey_guardian"},"display":{"head":{"translation":[0.0,-6.4,0.0],"scale":[4.0,4.0,4.0]}}}