{"elements":[{"from":[8.504361,2.596074,7.4636073],"to":[9.47579,8.653217,8.549321],"rotation":{"angle":0.0,"axis":"y","origin":[9.297799,21.50858,7.5516596]},"faces":{"east":{"uv":[1.0,4.625,1.25,6.0],"rotation":0,"texture":"#0","tintindex":0},"south":{"uv":[1.25,4.625,1.5,6.0],"rotation":0,"texture":"#0","tintindex":0},"north":{"uv":[0.75,4.625,1.0,6.0],"rotation":0,"texture":"#0","tintindex":0},"west":{"uv":[3.0,4.625,3.25,6.0],"rotation":0,"texture":"#0","tintindex":0},"up":{"uv":[7.375,6.0,7.125,5.75],"rotation":0,"texture":"#0","tintindex":0},"down":{"uv":[7.375,6.0,7.125,6.25],"rotation":0,"texture":"#0","tintindex":0}}},{"from":[8.218647,7.453217,7.263607],"to":[9.761504,8.71036,8.749322],"rotation":{"angle":0.0,"axis":"y","origin":[9.297799,21.50858,7.5516596]},"faces":{"east":{"uv":[6.625,0.0,7.0,0.25],"rotation":0,"texture":"#0","tintindex":0},"south":{"uv":[0.625,6.625,1.0,6.875],"rotation":0,"texture":"#0","tintindex":0},"north":{"uv":[6.5,4.0,6.875,4.25],"rotation":0,"texture":"#0","tintindex":0},"west":{"uv":[1.0,6.625,1.375,6.875],"rotation":0,"texture":"#0","tintindex":0},"up":{"uv":[6.375,3.5,6.0,3.125],"rotation":0,"texture":"#0","tintindex":0},"down":{"uv":[3.625,6.0,3.25,6.375],"rotation":0,"texture":"#0","tintindex":0}}}],"textures":{"0":"modelengine:entity/rey_guardian"},"display":{"head":{"translation":[0.0,-6.4,0.0],"scale":[4.0,4.0,4.0]}}}