{"elements":[{"from":[7.428571,1.5428567,7.428571],"to":[8.571428,7.257143,8.142858],"rotation":{"angle":0.0,"axis":"y","origin":[6.457143,2.1142855,7.142857]},"faces":{"east":{"uv":[5.625,5.75,5.75,7.0],"rotation":0,"texture":"#0","tintindex":0},"south":{"uv":[4.75,4.75,5.0,6.0],"rotation":0,"texture":"#0","tintindex":0},"north":{"uv":[4.75,3.5,5.0,4.75],"rotation":0,"texture":"#0","tintindex":0},"west":{"uv":[5.75,5.75,5.875,7.0],"rotation":0,"texture":"#0","tintindex":0},"up":{"uv":[0.625,8.25,0.375,8.125],"rotation":0,"texture":"#0","tintindex":0},"down":{"uv":[8.375,0.375,8.125,0.5],"rotation":0,"texture":"#0","tintindex":0}}},{"from":[7.714286,1.5428567,8.142858],"to":[8.285714,7.257143,8.571428],"rotation":{"angle":0.0,"axis":"y","origin":[6.457143,2.1142855,7.142857]},"faces":{"east":{"uv":[5.875,4.5,6.0,5.75],"rotation":0,"texture":"#0","tintindex":0},"south":{"uv":[5.875,5.75,6.0,7.0],"rotation":0,"texture":"#0","tintindex":0},"north":{"uv":[5.875,1.5,6.0,2.75],"rotation":0,"texture":"#0","tintindex":0},"west":{"uv":[0.25,6.0,0.375,7.25],"rotation":0,"texture":"#0","tintindex":0},"up":{"uv":[7.75,8.375,7.625,8.25],"rotation":0,"texture":"#0","tintindex":0},"down":{"uv":[8.375,7.625,8.25,7.75],"rotation":0,"texture":"#0","tintindex":0}}},{"from":[7.142857,6.6857142,7.2],"to":[8.857143,7.9428573,8.8],"rotation":{"angle":0.0,"axis":"y","origin":[6.457143,2.1142855,7.142857]},"faces":{"east":{"uv":[0.625,6.875,1.0,7.125],"rotation":0,"texture":"#0","tintindex":0},"south":{"uv":[6.875,0.75,7.25,1.0],"rotation":0,"texture":"#0","tintindex":0},"north":{"uv":[6.875,0.5,7.25,0.75],"rotation":0,"texture":"#0","tintindex":0},"west":{"uv":[1.0,6.875,1.375,7.125],"rotation":0,"texture":"#0","tintindex":0},"up":{"uv":[6.5,4.25,6.125,3.875],"rotation":0,"texture":"#0","tintindex":0},"down":{"uv":[6.625,0.0,6.25,0.375],"rotation":0,"texture":"#0","tintindex":0}}}],"textures":{"0":"modelengine:entity/rey_guardian"},"display":{"head":{"translation":[0.0,-6.4,0.0],"scale":[4.0,4.0,4.0]}}}