{"elements":[{"from":[7.5000324,8.739597,7.5714293],"to":[8.500032,9.739597,13.285715],"rotation":{"angle":0.0,"axis":"y","origin":[11.862795,5.754181,10.555832]},"faces":{"east":{"uv":[3.25,4.625,4.5,4.875],"rotation":0,"texture":"#0","tintindex":0},"south":{"uv":[6.5,7.0,6.75,7.25],"rotation":0,"texture":"#0","tintindex":0},"north":{"uv":[6.25,7.0,6.5,7.25],"rotation":0,"texture":"#0","tintindex":0},"west":{"uv":[4.75,3.25,6.0,3.5],"rotation":0,"texture":"#0","tintindex":0},"up":{"uv":[1.75,4.25,1.5,3.0],"rotation":0,"texture":"#0","tintindex":0},"down":{"uv":[1.75,4.75,1.5,6.0],"rotation":0,"texture":"#0","tintindex":0}}},{"from":[7.5000324,5.882455,6.714286],"to":[8.500032,13.168169,7.5714293],"rotation":{"angle":0.0,"axis":"y","origin":[11.862795,5.754181,10.555832]},"faces":{"east":{"uv":[2.5,2.25,2.75,3.875],"rotation":0,"texture":"#0","tintindex":0},"south":{"uv":[2.75,2.25,3.0,3.875],"rotation":0,"texture":"#0","tintindex":0},"north":{"uv":[2.25,2.25,2.5,3.875],"rotation":0,"texture":"#0","tintindex":0},"west":{"uv":[0.25,3.0,0.5,4.625],"rotation":0,"texture":"#0","tintindex":0},"up":{"uv":[7.0,7.25,6.75,7.0],"rotation":0,"texture":"#0","tintindex":0},"down":{"uv":[7.25,6.875,7.0,7.125],"rotation":0,"texture":"#0","tintindex":0}}},{"from":[7.3571754,8.882455,6.914286],"to":[7.5000324,9.739597,7.771429],"rotation":{"angle":45.0,"axis":"x","origin":[7.428604,9.311027,7.3428574]},"faces":{"east":{"uv":[0.625,7.125,0.875,7.375],"rotation":0,"texture":"#0","tintindex":0},"south":{"uv":[2.375,7.875,2.5,8.125],"rotation":0,"texture":"#0","tintindex":0},"north":{"uv":[2.25,7.875,2.375,8.125],"rotation":0,"texture":"#0","tintindex":0},"west":{"uv":[0.875,7.125,1.125,7.375],"rotation":0,"texture":"#0","tintindex":0},"up":{"uv":[2.625,8.125,2.5,7.875],"rotation":0,"texture":"#0","tintindex":0},"down":{"uv":[2.75,7.875,2.625,8.125],"rotation":0,"texture":"#0","tintindex":0}}},{"from":[8.500032,8.882455,6.914286],"to":[8.64289,9.739597,7.771429],"rotation":{"angle":45.0,"axis":"x","origin":[7.428604,9.311027,7.3428574]},"faces":{"east":{"uv":[1.125,7.125,1.375,7.375],"rotation":0,"texture":"#0","tintindex":0},"south":{"uv":[2.75,7.875,2.875,8.125],"rotation":0,"texture":"#0","tintindex":0},"north":{"uv":[7.875,2.625,8.0,2.875],"rotation":0,"texture":"#0","tintindex":0},"west":{"uv":[1.375,7.125,1.625,7.375],"rotation":0,"texture":"#0","tintindex":0},"up":{"uv":[3.0,8.125,2.875,7.875],"rotation":0,"texture":"#0","tintindex":0},"down":{"uv":[8.0,2.875,7.875,3.125],"rotation":0,"texture":"#0","tintindex":0}}},{"from":[7.5000324,5.311026,6.1428576],"to":[8.500032,5.882455,7.5714293],"rotation":{"angle":0.0,"axis":"y","origin":[11.862795,5.754181,10.555832]},"faces":{"east":{"uv":[6.375,7.375,6.75,7.5],"rotation":0,"texture":"#0","tintindex":0},"south":{"uv":[3.0,7.875,3.25,8.0],"rotation":0,"texture":"#0","tintindex":0},"north":{"uv":[7.75,6.625,8.0,6.75],"rotation":0,"texture":"#0","tintindex":0},"west":{"uv":[7.375,6.375,7.75,6.5],"rotation":0,"texture":"#0","tintindex":0},"up":{"uv":[5.0,6.875,4.75,6.5],"rotation":0,"texture":"#0","tintindex":0},"down":{"uv":[6.25,6.5,6.0,6.875],"rotation":0,"texture":"#0","tintindex":0}}},{"from":[7.5000324,13.168169,6.1428576],"to":[8.500032,13.739597,7.5714293],"rotation":{"angle":0.0,"axis":"y","origin":[11.862795,5.754181,10.555832]},"faces":{"east":{"uv":[7.375,6.5,7.75,6.625],"rotation":0,"texture":"#0","tintindex":0},"south":{"uv":[3.25,7.875,3.5,8.0],"rotation":0,"texture":"#0","tintindex":0},"north":{"uv":[7.875,3.125,8.125,3.25],"rotation":0,"texture":"#0","tintindex":0},"west":{"uv":[7.375,6.625,7.75,6.75],"rotation":0,"texture":"#0","tintindex":0},"up":{"uv":[6.5,6.875,6.25,6.5],"rotation":0,"texture":"#0","tintindex":0},"down":{"uv":[6.75,6.5,6.5,6.875],"rotation":0,"texture":"#0","tintindex":0}}},{"from":[7.3571754,8.596741,13.285715],"to":[8.64289,9.882455,15.428572],"rotation":{"angle":0.0,"axis":"y","origin":[11.862795,5.754181,10.841546]},"faces":{"east":{"uv":[6.125,4.25,6.625,4.5],"rotation":0,"texture":"#0","tintindex":0},"south":{"uv":[7.125,2.375,7.375,2.625],"rotation":0,"texture":"#0","tintindex":0},"north":{"uv":[2.125,7.125,2.375,7.375],"rotation":0,"texture":"#0","tintindex":0},"west":{"uv":[0.375,6.375,0.875,6.625],"rotation":0,"texture":"#0","tintindex":0},"up":{"uv":[5.875,2.0,5.625,1.5],"rotation":0,"texture":"#0","tintindex":0},"down":{"uv":[5.0,6.0,4.75,6.5],"rotation":0,"texture":"#0","tintindex":0}}},{"from":[7.7000327,8.968169,15.428572],"to":[8.2714615,9.5395975,16.428572],"rotation":{"angle":0.0,"axis":"y","origin":[11.862795,5.754181,10.841546]},"faces":{"east":{"uv":[7.875,3.25,8.125,3.375],"rotation":0,"texture":"#0","tintindex":0},"south":{"uv":[8.25,4.0,8.375,4.125],"rotation":0,"texture":"#0","tintindex":0},"north":{"uv":[4.0,8.25,4.125,8.375],"rotation":0,"texture":"#0","tintindex":0},"west":{"uv":[3.5,7.875,3.75,8.0],"rotation":0,"texture":"#0","tintindex":0},"up":{"uv":[3.875,8.125,3.75,7.875],"rotation":0,"texture":"#0","tintindex":0},"down":{"uv":[8.0,3.75,7.875,4.0],"rotation":0,"texture":"#0","tintindex":0}}},{"from":[7.2143183,8.453883,14.000001],"to":[8.785747,10.025312,14.714287],"rotation":{"angle":0.0,"axis":"y","origin":[11.862795,5.754181,10.841546]},"faces":{"east":{"uv":[4.75,7.375,4.875,7.75],"rotation":0,"texture":"#0","tintindex":0},"south":{"uv":[6.0,2.25,6.375,2.625],"rotation":0,"texture":"#0","tintindex":0},"north":{"uv":[6.0,1.875,6.375,2.25],"rotation":0,"texture":"#0","tintindex":0},"west":{"uv":[4.875,7.375,5.0,7.75],"rotation":0,"texture":"#0","tintindex":0},"up":{"uv":[7.625,7.5,7.25,7.375],"rotation":0,"texture":"#0","tintindex":0},"down":{"uv":[7.875,0.0,7.5,0.125],"rotation":0,"texture":"#0","tintindex":0}}},{"from":[7.2143183,8.739597,14.714287],"to":[7.2143183,9.739597,16.0],"rotation":{"angle":0.0,"axis":"y","origin":[11.862795,5.754181,10.841546]},"faces":{"east":{"uv":[3.0,7.125,3.25,7.375],"rotation":0,"texture":"#0","tintindex":0},"south":{"uv":[0.0,0.0,0.0,0.25],"rotation":0,"texture":"#0","tintindex":0},"north":{"uv":[0.0,0.0,0.0,0.25],"rotation":0,"texture":"#0","tintindex":0},"west":{"uv":[3.375,7.125,3.625,7.375],"rotation":0,"texture":"#0","tintindex":0},"up":{"uv":[0.0,0.25,0.0,0.0],"rotation":0,"texture":"#0","tintindex":0},"down":{"uv":[0.0,0.0,0.0,0.25],"rotation":0,"texture":"#0","tintindex":0}}},{"from":[8.785747,8.739597,14.714287],"to":[8.785747,9.739597,16.0],"rotation":{"angle":0.0,"axis":"y","origin":[11.862795,5.754181,10.841546]},"faces":{"east":{"uv":[7.125,3.875,7.375,4.125],"rotation":0,"texture":"#0","tintindex":0},"south":{"uv":[0.0,0.0,0.0,0.25],"rotation":0,"texture":"#0","tintindex":0},"north":{"uv":[0.0,0.0,0.0,0.25],"rotation":0,"texture":"#0","tintindex":0},"west":{"uv":[7.125,4.5,7.375,4.75],"rotation":0,"texture":"#0","tintindex":0},"up":{"uv":[0.0,0.25,0.0,0.0],"rotation":0,"texture":"#0","tintindex":0},"down":{"uv":[0.0,0.0,0.0,0.25],"rotation":0,"texture":"#0","tintindex":0}}},{"from":[7.557175,10.025312,14.714287],"to":[8.44289,10.025312,16.0],"rotation":{"angle":0.0,"axis":"y","origin":[11.862795,5.754181,10.841546]},"faces":{"east":{"uv":[0.0,0.0,0.25,0.0],"rotation":0,"texture":"#0","tintindex":0},"south":{"uv":[0.0,0.0,0.25,0.0],"rotation":0,"texture":"#0","tintindex":0},"north":{"uv":[0.0,0.0,0.25,0.0],"rotation":0,"texture":"#0","tintindex":0},"west":{"uv":[0.0,0.0,0.25,0.0],"rotation":0,"texture":"#0","tintindex":0},"up":{"uv":[7.375,5.0,7.125,4.75],"rotation":0,"texture":"#0","tintindex":0},"down":{"uv":[7.375,5.0,7.125,5.25],"rotation":0,"texture":"#0","tintindex":0}}},{"from":[7.557175,8.453883,14.714287],"to":[8.44289,8.453883,16.0],"rotation":{"angle":0.0,"axis":"y","origin":[11.862795,5.754181,10.841546]},"faces":{"east":{"uv":[0.0,0.0,0.25,0.0],"rotation":0,"texture":"#0","tintindex":0},"south":{"uv":[0.0,0.0,0.25,0.0],"rotation":0,"texture":"#0","tintindex":0},"north":{"uv":[0.0,0.0,0.25,0.0],"rotation":0,"texture":"#0","tintindex":0},"west":{"uv":[0.0,0.0,0.25,0.0],"rotation":0,"texture":"#0","tintindex":0},"up":{"uv":[7.375,5.5,7.125,5.25],"rotation":0,"texture":"#0","tintindex":0},"down":{"uv":[7.375,5.5,7.125,5.75],"rotation":0,"texture":"#0","tintindex":0}}},{"from":[7.7770805,6.6538835,-16.0],"to":[8.234223,11.825312,6.714286],"rotation":{"angle":0.0,"axis":"y","origin":[11.862795,5.754181,13.6986885]},"faces":{"east":{"uv":[0.0,0.0,5.0,1.125],"rotation":0,"texture":"#0","tintindex":0},"south":{"uv":[3.125,6.0,3.25,7.125],"rotation":0,"texture":"#0","tintindex":0},"north":{"uv":[3.0,6.0,3.125,7.125],"rotation":0,"texture":"#0","tintindex":0},"west":{"uv":[0.0,1.125,5.0,2.25],"rotation":0,"texture":"#0","tintindex":0},"up":{"uv":[0.125,7.25,0.0,2.25],"rotation":0,"texture":"#0","tintindex":0},"down":{"uv":[0.25,2.25,0.125,7.25],"rotation":0,"texture":"#0","tintindex":0}}},{"from":[7.7857466,-16.0,-10.284922],"to":[8.214318,-12.428572,-6.7134953],"rotation":{"angle":45.0,"axis":"x","origin":[11.719938,6.556847,16.042337]},"faces":{"east":{"uv":[0.25,2.25,1.0,3.0],"rotation":0,"texture":"#0","tintindex":0},"south":{"uv":[4.25,6.375,4.375,7.125],"rotation":0,"texture":"#0","tintindex":0},"north":{"uv":[2.125,6.375,2.25,7.125],"rotation":0,"texture":"#0","tintindex":0},"west":{"uv":[1.0,2.25,1.75,3.0],"rotation":0,"texture":"#0","tintindex":0},"up":{"uv":[0.5,7.375,0.375,6.625],"rotation":0,"texture":"#0","tintindex":0},"down":{"uv":[0.625,6.625,0.5,7.375],"rotation":0,"texture":"#0","tintindex":0}}},{"from":[7.6428895,0.028573036,5.715077],"to":[8.357176,1.028573,9.429363],"rotation":{"angle":45.0,"axis":"x","origin":[11.719938,6.556847,16.042337]},"faces":{"east":{"uv":[5.0,2.25,5.875,2.5],"rotation":0,"texture":"#0","tintindex":0},"south":{"uv":[7.875,4.0,8.0,4.25],"rotation":0,"texture":"#0","tintindex":0},"north":{"uv":[3.875,7.875,4.0,8.125],"rotation":0,"texture":"#0","tintindex":0},"west":{"uv":[5.0,2.5,5.875,2.75],"rotation":0,"texture":"#0","tintindex":0},"up":{"uv":[4.5,6.875,4.375,6.0],"rotation":0,"texture":"#0","tintindex":0},"down":{"uv":[5.25,6.25,5.125,7.125],"rotation":0,"texture":"#0","tintindex":0}}},{"from":[7.6428895,9.141352,6.349303],"to":[8.357176,10.141352,9.177874],"rotation":{"angle":-45.0,"axis":"x","origin":[8.000032,8.21278,5.820731]},"faces":{"east":{"uv":[5.5,3.5,6.125,3.75],"rotation":0,"texture":"#0","tintindex":0},"south":{"uv":[7.875,4.25,8.0,4.5],"rotation":0,"texture":"#0","tintindex":0},"north":{"uv":[4.25,7.875,4.375,8.125],"rotation":0,"texture":"#0","tintindex":0},"west":{"uv":[5.5,3.75,6.125,4.0],"rotation":0,"texture":"#0","tintindex":0},"up":{"uv":[1.875,7.25,1.75,6.625],"rotation":0,"texture":"#0","tintindex":0},"down":{"uv":[4.25,6.625,4.125,7.25],"rotation":0,"texture":"#0","tintindex":0}}}],"textures":{"0":"modelengine:entity/rey_guardian"},"display":{"head":{"translation":[0.0,-11.414495,-7.8520126],"scale":[4.0,4.0,4.0]}}}