{"elements":[{"from":[-12.57143,4.5714283,8.0],"to":[8.0,18.285715,8.0],"rotation":{"angle":0.0,"axis":"y","origin":[8.571428,-4.000001,7.428571]},"faces":{"east":{"uv":[0.0,0.0,0.0,6.0],"rotation":0,"texture":"#1","tintindex":0},"south":{"uv":[0.0,6.0,9.0,12.0],"rotation":0,"texture":"#1","tintindex":0},"north":{"uv":[0.0,0.0,9.0,6.0],"rotation":0,"texture":"#1","tintindex":0},"west":{"uv":[0.0,0.0,0.0,6.0],"rotation":0,"texture":"#1","tintindex":0},"up":{"uv":[9.0,0.0,0.0,0.0],"rotation":0,"texture":"#1","tintindex":0},"down":{"uv":[9.0,0.0,0.0,0.0],"rotation":0,"texture":"#1","tintindex":0}}}],"textures":{"1":"modelengine:entity/ala"},"display":{"head":{"translation":[0.0,-6.4,0.0],"scale":[4.0,4.0,4.0]}}}