{"elements":[{"from":[8.0,4.5714283,8.0],"to":[28.57143,18.285715,8.0],"rotation":{"angle":0.0,"axis":"y","origin":[7.428571,-4.000001,7.428571]},"faces":{"east":{"uv":[0.0,0.0,0.0,6.0],"rotation":0,"texture":"#1","tintindex":0},"south":{"uv":[9.0,6.0,0.0,12.0],"rotation":0,"texture":"#1","tintindex":0},"north":{"uv":[9.0,0.0,0.0,6.0],"rotation":0,"texture":"#1","tintindex":0},"west":{"uv":[0.0,0.0,0.0,6.0],"rotation":0,"texture":"#1","tintindex":0},"up":{"uv":[0.0,0.0,9.0,0.0],"rotation":0,"texture":"#1","tintindex":0},"down":{"uv":[0.0,0.0,9.0,0.0],"rotation":0,"texture":"#1","tintindex":0}}}],"textures":{"1":"modelengine:entity/ala"},"display":{"head":{"translation":[0.0,-6.4,0.0],"scale":[4.0,4.0,4.0]}}}