{"elements":[{"from":[5.588235,5.3010793,6.510228],"to":[5.7310925,9.301079,9.081656],"rotation":{"angle":0.0,"axis":"y","origin":[8.016807,1.3010793,8.367372]},"faces":{"east":{"uv":[3.5,7.375,3.8125,7.8125],"rotation":0,"texture":"#0","tintindex":0},"south":{"uv":[7.375,7.875,7.4375,8.3125],"rotation":0,"texture":"#0","tintindex":0},"north":{"uv":[7.875,7.125,7.9375,7.5625],"rotation":0,"texture":"#0","tintindex":0},"west":{"uv":[3.8125,7.375,4.125,7.8125],"rotation":0,"texture":"#0","tintindex":0},"up":{"uv":[8.125,3.5625,8.0625,3.25],"rotation":0,"texture":"#0","tintindex":0},"down":{"uv":[3.5625,8.0625,3.5,8.375],"rotation":0,"texture":"#0","tintindex":0}}},{"from":[5.7310925,7.0153646,6.510228],"to":[7.4453783,9.301079,6.653085],"rotation":{"angle":0.0,"axis":"y","origin":[8.016807,1.3010793,8.367372]},"faces":{"east":{"uv":[7.9375,0.0,8.0,0.25],"rotation":0,"texture":"#0","tintindex":0},"south":{"uv":[7.8125,4.125,8.0,4.375],"rotation":0,"texture":"#0","tintindex":0},"north":{"uv":[4.125,7.8125,4.3125,8.0625],"rotation":0,"texture":"#0","tintindex":0},"west":{"uv":[8.0,5.6875,8.0625,5.9375],"rotation":0,"texture":"#0","tintindex":0},"up":{"uv":[8.3125,2.625,8.125,2.5625],"rotation":0,"texture":"#0","tintindex":0},"down":{"uv":[8.3125,2.625,8.125,2.6875],"rotation":0,"texture":"#0","tintindex":0}}},{"from":[5.7310925,5.3010793,6.510228],"to":[6.3025208,7.0153646,6.653085],"rotation":{"angle":0.0,"axis":"y","origin":[8.016807,1.3010793,8.367372]},"faces":{"east":{"uv":[4.0625,8.125,4.125,8.3125],"rotation":0,"texture":"#0","tintindex":0},"south":{"uv":[8.125,4.25,8.1875,4.4375],"rotation":0,"texture":"#0","tintindex":0},"north":{"uv":[6.6875,7.5625,6.75,7.75],"rotation":0,"texture":"#0","tintindex":0},"west":{"uv":[8.125,4.4375,8.1875,4.625],"rotation":0,"texture":"#0","tintindex":0},"up":{"uv":[7.875,6.0,7.8125,5.9375],"rotation":0,"texture":"#0","tintindex":0},"down":{"uv":[8.375,2.8125,8.3125,2.875],"rotation":0,"texture":"#0","tintindex":0}}},{"from":[6.3025208,6.4439363,6.510228],"to":[6.8739495,7.0153646,6.653085],"rotation":{"angle":0.0,"axis":"y","origin":[8.016807,1.3010793,8.367372]},"faces":{"east":{"uv":[8.3125,3.3125,8.375,3.375],"rotation":0,"texture":"#0","tintindex":0},"south":{"uv":[8.3125,3.75,8.375,3.8125],"rotation":0,"texture":"#0","tintindex":0},"north":{"uv":[8.3125,3.25,8.375,3.3125],"rotation":0,"texture":"#0","tintindex":0},"west":{"uv":[8.3125,3.8125,8.375,3.875],"rotation":0,"texture":"#0","tintindex":0},"up":{"uv":[8.375,3.9375,8.3125,3.875],"rotation":0,"texture":"#0","tintindex":0},"down":{"uv":[8.375,3.9375,8.3125,4.0],"rotation":0,"texture":"#0","tintindex":0}}},{"from":[9.159664,6.4439363,6.510228],"to":[9.731092,7.0153646,6.653085],"rotation":{"angle":0.0,"axis":"y","origin":[8.016807,1.3010793,8.367372]},"faces":{"east":{"uv":[8.3125,4.1875,8.375,4.25],"rotation":0,"texture":"#0","tintindex":0},"south":{"uv":[8.3125,4.25,8.375,4.3125],"rotation":0,"texture":"#0","tintindex":0},"north":{"uv":[4.0625,8.3125,4.125,8.375],"rotation":0,"texture":"#0","tintindex":0},"west":{"uv":[8.3125,4.3125,8.375,4.375],"rotation":0,"texture":"#0","tintindex":0},"up":{"uv":[8.375,4.4375,8.3125,4.375],"rotation":0,"texture":"#0","tintindex":0},"down":{"uv":[4.8125,8.3125,4.75,8.375],"rotation":0,"texture":"#0","tintindex":0}}},{"from":[9.731092,5.3010793,6.510228],"to":[10.302521,7.0153646,6.653085],"rotation":{"angle":0.0,"axis":"y","origin":[8.016807,1.3010793,8.367372]},"faces":{"east":{"uv":[4.75,8.125,4.8125,8.3125],"rotation":0,"texture":"#0","tintindex":0},"south":{"uv":[4.8125,8.125,4.875,8.3125],"rotation":0,"texture":"#0","tintindex":0},"north":{"uv":[8.125,4.625,8.1875,4.8125],"rotation":0,"texture":"#0","tintindex":0},"west":{"uv":[8.125,4.8125,8.1875,5.0],"rotation":0,"texture":"#0","tintindex":0},"up":{"uv":[4.875,8.375,4.8125,8.3125],"rotation":0,"texture":"#0","tintindex":0},"down":{"uv":[8.375,4.875,8.3125,4.9375],"rotation":0,"texture":"#0","tintindex":0}}},{"from":[8.588235,7.0153646,6.510228],"to":[10.302521,9.301079,6.653085],"rotation":{"angle":0.0,"axis":"y","origin":[8.016807,1.3010793,8.367372]},"faces":{"east":{"uv":[0.25,8.125,0.3125,8.375],"rotation":0,"texture":"#0","tintindex":0},"south":{"uv":[7.8125,4.375,8.0,4.625],"rotation":0,"texture":"#0","tintindex":0},"north":{"uv":[4.3125,7.8125,4.5,8.0625],"rotation":0,"texture":"#0","tintindex":0},"west":{"uv":[0.3125,8.125,0.375,8.375],"rotation":0,"texture":"#0","tintindex":0},"up":{"uv":[8.3125,2.75,8.125,2.6875],"rotation":0,"texture":"#0","tintindex":0},"down":{"uv":[8.3125,5.0,8.125,5.0625],"rotation":0,"texture":"#0","tintindex":0}}},{"from":[5.7310925,8.158222,6.653085],"to":[10.302521,15.015366,8.9388],"rotation":{"angle":0.0,"axis":"y","origin":[8.016807,1.3010793,8.367372]},"faces":{"east":{"uv":[7.125,6.5,7.375,7.25],"rotation":0,"texture":"#0","tintindex":0},"south":{"uv":[6.75,2.25,7.25,3.0],"rotation":0,"texture":"#0","tintindex":0},"north":{"uv":[6.75,1.5,7.25,2.25],"rotation":0,"texture":"#0","tintindex":0},"west":{"uv":[7.25,1.5,7.5,2.25],"rotation":0,"texture":"#0","tintindex":0},"up":{"uv":[5.25,7.625,4.75,7.375],"rotation":0,"texture":"#0","tintindex":0},"down":{"uv":[5.75,7.375,5.25,7.625],"rotation":0,"texture":"#0","tintindex":0}}},{"from":[5.788235,12.815365,5.653085],"to":[10.2453785,14.30108,7.1387997],"rotation":{"angle":-45.0,"axis":"x","origin":[8.016807,13.872508,6.653085]},"faces":{"east":{"uv":[7.8125,5.375,8.0,5.5625],"rotation":0,"texture":"#0","tintindex":0},"south":{"uv":[6.25,7.375,6.75,7.5625],"rotation":0,"texture":"#0","tintindex":0},"north":{"uv":[5.75,7.375,6.25,7.5625],"rotation":0,"texture":"#0","tintindex":0},"west":{"uv":[7.8125,5.5625,8.0,5.75],"rotation":0,"texture":"#0","tintindex":0},"up":{"uv":[7.875,6.6875,7.375,6.5],"rotation":0,"texture":"#0","tintindex":0},"down":{"uv":[7.875,6.6875,7.375,6.875],"rotation":0,"texture":"#0","tintindex":0}}},{"from":[10.302521,5.3010793,6.510228],"to":[10.445378,9.301079,9.081656],"rotation":{"angle":0.0,"axis":"y","origin":[8.016807,1.3010793,8.367372]},"faces":{"east":{"uv":[4.125,7.375,4.4375,7.8125],"rotation":0,"texture":"#0","tintindex":0},"south":{"uv":[7.5,7.875,7.5625,8.3125],"rotation":0,"texture":"#0","tintindex":0},"north":{"uv":[7.4375,7.875,7.5,8.3125],"rotation":0,"texture":"#0","tintindex":0},"west":{"uv":[4.4375,7.375,4.75,7.8125],"rotation":0,"texture":"#0","tintindex":0},"up":{"uv":[3.625,8.375,3.5625,8.0625],"rotation":0,"texture":"#0","tintindex":0},"down":{"uv":[8.125,3.5625,8.0625,3.875],"rotation":0,"texture":"#0","tintindex":0}}},{"from":[8.588235,7.0153646,8.9388],"to":[10.302521,9.301079,9.081656],"rotation":{"angle":0.0,"axis":"y","origin":[8.016807,1.3010793,8.367372]},"faces":{"east":{"uv":[8.125,0.3125,8.1875,0.5625],"rotation":0,"texture":"#0","tintindex":0},"south":{"uv":[7.8125,4.625,8.0,4.875],"rotation":0,"texture":"#0","tintindex":0},"north":{"uv":[4.5,7.8125,4.6875,8.0625],"rotation":0,"texture":"#0","tintindex":0},"west":{"uv":[0.375,8.125,0.4375,8.375],"rotation":0,"texture":"#0","tintindex":0},"up":{"uv":[8.3125,5.125,8.125,5.0625],"rotation":0,"texture":"#0","tintindex":0},"down":{"uv":[8.3125,5.125,8.125,5.1875],"rotation":0,"texture":"#0","tintindex":0}}},{"from":[9.159664,6.4439363,8.9388],"to":[9.731092,7.0153646,9.081656],"rotation":{"angle":0.0,"axis":"y","origin":[8.016807,1.3010793,8.367372]},"faces":{"east":{"uv":[8.3125,5.0,8.375,5.0625],"rotation":0,"texture":"#0","tintindex":0},"south":{"uv":[8.3125,5.0625,8.375,5.125],"rotation":0,"texture":"#0","tintindex":0},"north":{"uv":[8.3125,4.9375,8.375,5.0],"rotation":0,"texture":"#0","tintindex":0},"west":{"uv":[8.3125,5.125,8.375,5.1875],"rotation":0,"texture":"#0","tintindex":0},"up":{"uv":[8.375,5.25,8.3125,5.1875],"rotation":0,"texture":"#0","tintindex":0},"down":{"uv":[8.375,5.25,8.3125,5.3125],"rotation":0,"texture":"#0","tintindex":0}}},{"from":[9.731092,5.3010793,8.9388],"to":[10.302521,7.0153646,9.081656],"rotation":{"angle":0.0,"axis":"y","origin":[8.016807,1.3010793,8.367372]},"faces":{"east":{"uv":[8.125,5.375,8.1875,5.5625],"rotation":0,"texture":"#0","tintindex":0},"south":{"uv":[8.125,5.5625,8.1875,5.75],"rotation":0,"texture":"#0","tintindex":0},"north":{"uv":[8.125,5.1875,8.1875,5.375],"rotation":0,"texture":"#0","tintindex":0},"west":{"uv":[8.125,5.75,8.1875,5.9375],"rotation":0,"texture":"#0","tintindex":0},"up":{"uv":[8.375,5.6875,8.3125,5.625],"rotation":0,"texture":"#0","tintindex":0},"down":{"uv":[8.375,5.6875,8.3125,5.75],"rotation":0,"texture":"#0","tintindex":0}}},{"from":[5.7310925,5.3010793,8.9388],"to":[6.3025208,7.0153646,9.081656],"rotation":{"angle":0.0,"axis":"y","origin":[8.016807,1.3010793,8.367372]},"faces":{"east":{"uv":[8.125,6.125,8.1875,6.3125],"rotation":0,"texture":"#0","tintindex":0},"south":{"uv":[8.125,6.3125,8.1875,6.5],"rotation":0,"texture":"#0","tintindex":0},"north":{"uv":[8.125,5.9375,8.1875,6.125],"rotation":0,"texture":"#0","tintindex":0},"west":{"uv":[8.125,6.5,8.1875,6.6875],"rotation":0,"texture":"#0","tintindex":0},"up":{"uv":[8.375,5.875,8.3125,5.8125],"rotation":0,"texture":"#0","tintindex":0},"down":{"uv":[8.375,5.875,8.3125,5.9375],"rotation":0,"texture":"#0","tintindex":0}}},{"from":[6.3025208,6.4439363,8.9388],"to":[6.8739495,7.0153646,9.081656],"rotation":{"angle":0.0,"axis":"y","origin":[8.016807,1.3010793,8.367372]},"faces":{"east":{"uv":[8.3125,6.375,8.375,6.4375],"rotation":0,"texture":"#0","tintindex":0},"south":{"uv":[8.3125,6.4375,8.375,6.5],"rotation":0,"texture":"#0","tintindex":0},"north":{"uv":[8.3125,6.3125,8.375,6.375],"rotation":0,"texture":"#0","tintindex":0},"west":{"uv":[8.3125,6.5,8.375,6.5625],"rotation":0,"texture":"#0","tintindex":0},"up":{"uv":[8.375,6.625,8.3125,6.5625],"rotation":0,"texture":"#0","tintindex":0},"down":{"uv":[8.375,6.625,8.3125,6.6875],"rotation":0,"texture":"#0","tintindex":0}}},{"from":[5.7310925,7.0153646,8.9388],"to":[7.4453783,9.301079,9.081656],"rotation":{"angle":0.0,"axis":"y","origin":[8.016807,1.3010793,8.367372]},"faces":{"east":{"uv":[0.4375,8.125,0.5,8.375],"rotation":0,"texture":"#0","tintindex":0},"south":{"uv":[7.8125,5.125,8.0,5.375],"rotation":0,"texture":"#0","tintindex":0},"north":{"uv":[7.8125,4.875,8.0,5.125],"rotation":0,"texture":"#0","tintindex":0},"west":{"uv":[0.5,8.125,0.5625,8.375],"rotation":0,"texture":"#0","tintindex":0},"up":{"uv":[8.3125,7.125,8.125,7.0625],"rotation":0,"texture":"#0","tintindex":0},"down":{"uv":[8.3125,7.125,8.125,7.1875],"rotation":0,"texture":"#0","tintindex":0}}}],"textures":{"0":"modelengine:entity/valkiria"},"display":{"head":{"translation":[0.0,-6.4,0.0],"scale":[4.0,4.0,4.0]}}}