{"elements":[{"from":[1.9999995,1.9999995,8.0],"to":[14.0,14.571428,8.0],"rotation":{"angle":0.0,"axis":"y","origin":[8.0,8.285714,8.0]},"faces":{"east":{"uv":[0.0,0.0,0.0,1.375],"rotation":0,"texture":"#0","tintindex":0},"south":{"uv":[5.8125,6.0,7.125,7.375],"rotation":0,"texture":"#0","tintindex":0},"north":{"uv":[4.5,6.0,5.8125,7.375],"rotation":0,"texture":"#0","tintindex":0},"west":{"uv":[0.0,0.0,0.0,1.375],"rotation":0,"texture":"#0","tintindex":0},"up":{"uv":[1.3125,0.0,0.0,0.0],"rotation":0,"texture":"#0","tintindex":0},"down":{"uv":[1.3125,0.0,0.0,0.0],"rotation":0,"texture":"#0","tintindex":0}}}],"textures":{"0":"modelengine:entity/valkiria"},"display":{"head":{"translation":[0.0,-6.4,0.0],"scale":[4.0,4.0,4.0]}}}