{"elements":[{"from":[5.714286,8.1,5.485714],"to":[10.285714,12.671429,10.057143],"rotation":{"angle":0.0,"axis":"y","origin":[8.0,-5.6142864,8.342857]},"faces":{"east":{"uv":[7.0,3.25,7.5,3.75],"rotation":0,"texture":"#0","tintindex":0},"south":{"uv":[7.0,3.75,7.5,4.25],"rotation":0,"texture":"#0","tintindex":0},"north":{"uv":[6.75,5.5,7.25,6.0],"rotation":0,"texture":"#0","tintindex":0},"west":{"uv":[7.0,4.25,7.5,4.75],"rotation":0,"texture":"#0","tintindex":0},"up":{"uv":[7.5,5.25,7.0,4.75],"rotation":0,"texture":"#0","tintindex":0},"down":{"uv":[7.625,6.0,7.125,6.5],"rotation":0,"texture":"#0","tintindex":0}}},{"from":[5.714286,4.6714287,10.057143],"to":[10.285714,8.1,10.057143],"rotation":{"angle":0.0,"axis":"y","origin":[8.0,-5.6142864,8.342857]},"faces":{"east":{"uv":[0.0,0.0,0.0,0.375],"rotation":0,"texture":"#0","tintindex":0},"south":{"uv":[7.25,2.625,7.75,3.0],"rotation":0,"texture":"#0","tintindex":0},"north":{"uv":[7.25,2.25,7.75,2.625],"rotation":0,"texture":"#0","tintindex":0},"west":{"uv":[0.0,0.0,0.0,0.375],"rotation":0,"texture":"#0","tintindex":0},"up":{"uv":[0.5,0.0,0.0,0.0],"rotation":0,"texture":"#0","tintindex":0},"down":{"uv":[0.5,0.0,0.0,0.0],"rotation":0,"texture":"#0","tintindex":0}}},{"from":[5.714286,6.385714,9.485714],"to":[5.714286,8.1,10.057143],"rotation":{"angle":0.0,"axis":"y","origin":[8.0,-5.6142864,8.342857]},"faces":{"east":{"uv":[8.125,7.1875,8.1875,7.375],"rotation":0,"texture":"#0","tintindex":0},"south":{"uv":[0.0,0.0,0.0,0.1875],"rotation":0,"texture":"#0","tintindex":0},"north":{"uv":[0.0,0.0,0.0,0.1875],"rotation":0,"texture":"#0","tintindex":0},"west":{"uv":[8.125,7.375,8.1875,7.5625],"rotation":0,"texture":"#0","tintindex":0},"up":{"uv":[0.0,0.0625,0.0,0.0],"rotation":0,"texture":"#0","tintindex":0},"down":{"uv":[0.0,0.0,0.0,0.0625],"rotation":0,"texture":"#0","tintindex":0}}},{"from":[5.714286,7.5285716,8.914286],"to":[5.714286,8.1,9.485714],"rotation":{"angle":0.0,"axis":"y","origin":[8.0,-5.6142864,8.342857]},"faces":{"east":{"uv":[8.3125,7.0625,8.375,7.125],"rotation":0,"texture":"#0","tintindex":0},"south":{"uv":[0.0,0.0,0.0,0.0625],"rotation":0,"texture":"#0","tintindex":0},"north":{"uv":[0.0,0.0,0.0,0.0625],"rotation":0,"texture":"#0","tintindex":0},"west":{"uv":[8.3125,7.125,8.375,7.1875],"rotation":0,"texture":"#0","tintindex":0},"up":{"uv":[0.0,0.0625,0.0,0.0],"rotation":0,"texture":"#0","tintindex":0},"down":{"uv":[0.0,0.0,0.0,0.0625],"rotation":0,"texture":"#0","tintindex":0}}},{"from":[10.285714,6.385714,9.485714],"to":[10.285714,8.1,10.057143],"rotation":{"angle":0.0,"axis":"y","origin":[8.0,-5.6142864,8.342857]},"faces":{"east":{"uv":[8.125,7.5625,8.1875,7.75],"rotation":0,"texture":"#0","tintindex":0},"south":{"uv":[0.0,0.0,0.0,0.1875],"rotation":0,"texture":"#0","tintindex":0},"north":{"uv":[0.0,0.0,0.0,0.1875],"rotation":0,"texture":"#0","tintindex":0},"west":{"uv":[8.125,7.75,8.1875,7.9375],"rotation":0,"texture":"#0","tintindex":0},"up":{"uv":[0.0,0.0625,0.0,0.0],"rotation":0,"texture":"#0","tintindex":0},"down":{"uv":[0.0,0.0,0.0,0.0625],"rotation":0,"texture":"#0","tintindex":0}}},{"from":[10.285714,7.5285716,8.914286],"to":[10.285714,8.1,9.485714],"rotation":{"angle":0.0,"axis":"y","origin":[8.0,-5.6142864,8.342857]},"faces":{"east":{"uv":[8.3125,7.1875,8.375,7.25],"rotation":0,"texture":"#0","tintindex":0},"south":{"uv":[0.0,0.0,0.0,0.0625],"rotation":0,"texture":"#0","tintindex":0},"north":{"uv":[0.0,0.0,0.0,0.0625],"rotation":0,"texture":"#0","tintindex":0},"west":{"uv":[8.3125,7.25,8.375,7.3125],"rotation":0,"texture":"#0","tintindex":0},"up":{"uv":[0.0,0.0625,0.0,0.0],"rotation":0,"texture":"#0","tintindex":0},"down":{"uv":[0.0,0.0,0.0,0.0625],"rotation":0,"texture":"#0","tintindex":0}}},{"from":[5.428571,10.957143,7.2],"to":[5.714286,12.671429,8.342857],"rotation":{"angle":0.0,"axis":"y","origin":[8.0,-5.6142864,8.342857]},"faces":{"east":{"uv":[8.0,0.875,8.125,1.0625],"rotation":0,"texture":"#0","tintindex":0},"south":{"uv":[8.125,8.125,8.1875,8.3125],"rotation":0,"texture":"#0","tintindex":0},"north":{"uv":[8.125,7.9375,8.1875,8.125],"rotation":0,"texture":"#0","tintindex":0},"west":{"uv":[8.0,1.0625,8.125,1.25],"rotation":0,"texture":"#0","tintindex":0},"up":{"uv":[7.8125,1.875,7.75,1.75],"rotation":0,"texture":"#0","tintindex":0},"down":{"uv":[8.0625,1.625,8.0,1.75],"rotation":0,"texture":"#0","tintindex":0}}},{"from":[10.285714,10.957143,7.2],"to":[10.571428,12.671429,8.342857],"rotation":{"angle":0.0,"axis":"y","origin":[8.0,-5.6142864,8.342857]},"faces":{"east":{"uv":[8.0,1.4375,8.125,1.625],"rotation":0,"texture":"#0","tintindex":0},"south":{"uv":[8.1875,0.1875,8.25,0.375],"rotation":0,"texture":"#0","tintindex":0},"north":{"uv":[8.1875,0.0,8.25,0.1875],"rotation":0,"texture":"#0","tintindex":0},"west":{"uv":[8.0,2.5625,8.125,2.75],"rotation":0,"texture":"#0","tintindex":0},"up":{"uv":[8.25,8.125,8.1875,8.0],"rotation":0,"texture":"#0","tintindex":0},"down":{"uv":[8.25,8.125,8.1875,8.25],"rotation":0,"texture":"#0","tintindex":0}}},{"from":[5.428571,10.385715,6.0571427],"to":[5.714286,12.671429,6.6285715],"rotation":{"angle":0.0,"axis":"y","origin":[8.0,-5.6142864,8.342857]},"faces":{"east":{"uv":[0.625,8.125,0.6875,8.375],"rotation":0,"texture":"#0","tintindex":0},"south":{"uv":[0.6875,8.125,0.75,8.375],"rotation":0,"texture":"#0","tintindex":0},"north":{"uv":[0.5625,8.125,0.625,8.375],"rotation":0,"texture":"#0","tintindex":0},"west":{"uv":[0.75,8.125,0.8125,8.375],"rotation":0,"texture":"#0","tintindex":0},"up":{"uv":[7.4375,8.375,7.375,8.3125],"rotation":0,"texture":"#0","tintindex":0},"down":{"uv":[7.5,8.3125,7.4375,8.375],"rotation":0,"texture":"#0","tintindex":0}}},{"from":[5.428571,10.385715,8.914286],"to":[5.714286,12.671429,9.485714],"rotation":{"angle":0.0,"axis":"y","origin":[8.0,-5.6142864,8.342857]},"faces":{"east":{"uv":[0.875,8.125,0.9375,8.375],"rotation":0,"texture":"#0","tintindex":0},"south":{"uv":[8.125,0.875,8.1875,1.125],"rotation":0,"texture":"#0","tintindex":0},"north":{"uv":[0.8125,8.125,0.875,8.375],"rotation":0,"texture":"#0","tintindex":0},"west":{"uv":[0.9375,8.125,1.0,8.375],"rotation":0,"texture":"#0","tintindex":0},"up":{"uv":[7.5625,8.375,7.5,8.3125],"rotation":0,"texture":"#0","tintindex":0},"down":{"uv":[8.375,7.5,8.3125,7.5625],"rotation":0,"texture":"#0","tintindex":0}}},{"from":[10.285714,10.385715,6.0571427],"to":[10.571428,12.671429,6.6285715],"rotation":{"angle":0.0,"axis":"y","origin":[8.0,-5.6142864,8.342857]},"faces":{"east":{"uv":[1.0625,8.125,1.125,8.375],"rotation":0,"texture":"#0","tintindex":0},"south":{"uv":[1.125,8.125,1.1875,8.375],"rotation":0,"texture":"#0","tintindex":0},"north":{"uv":[1.0,8.125,1.0625,8.375],"rotation":0,"texture":"#0","tintindex":0},"west":{"uv":[1.1875,8.125,1.25,8.375],"rotation":0,"texture":"#0","tintindex":0},"up":{"uv":[7.625,8.375,7.5625,8.3125],"rotation":0,"texture":"#0","tintindex":0},"down":{"uv":[8.375,7.5625,8.3125,7.625],"rotation":0,"texture":"#0","tintindex":0}}},{"from":[10.285714,10.385715,8.914286],"to":[10.571428,12.671429,9.485714],"rotation":{"angle":0.0,"axis":"y","origin":[8.0,-5.6142864,8.342857]},"faces":{"east":{"uv":[1.3125,8.125,1.375,8.375],"rotation":0,"texture":"#0","tintindex":0},"south":{"uv":[1.375,8.125,1.4375,8.375],"rotation":0,"texture":"#0","tintindex":0},"north":{"uv":[1.25,8.125,1.3125,8.375],"rotation":0,"texture":"#0","tintindex":0},"west":{"uv":[1.4375,8.125,1.5,8.375],"rotation":0,"texture":"#0","tintindex":0},"up":{"uv":[7.6875,8.375,7.625,8.3125],"rotation":0,"texture":"#0","tintindex":0},"down":{"uv":[8.375,7.625,8.3125,7.6875],"rotation":0,"texture":"#0","tintindex":0}}},{"from":[7.428571,8.1,10.057143],"to":[8.571428,12.671429,10.342857],"rotation":{"angle":0.0,"axis":"y","origin":[8.0,-5.6142864,8.342857]},"faces":{"east":{"uv":[7.875,6.125,7.9375,6.625],"rotation":0,"texture":"#0","tintindex":0},"south":{"uv":[7.625,0.25,7.75,0.75],"rotation":0,"texture":"#0","tintindex":0},"north":{"uv":[7.0,7.375,7.125,7.875],"rotation":0,"texture":"#0","tintindex":0},"west":{"uv":[7.875,6.625,7.9375,7.125],"rotation":0,"texture":"#0","tintindex":0},"up":{"uv":[8.0,1.5,7.875,1.4375],"rotation":0,"texture":"#0","tintindex":0},"down":{"uv":[8.375,0.0,8.25,0.0625],"rotation":0,"texture":"#0","tintindex":0}}},{"from":[6.285714,9.242857,10.057143],"to":[6.857143,12.671429,10.342857],"rotation":{"angle":0.0,"axis":"y","origin":[8.0,-5.6142864,8.342857]},"faces":{"east":{"uv":[6.5625,8.0,6.625,8.375],"rotation":0,"texture":"#0","tintindex":0},"south":{"uv":[8.0,6.5625,8.0625,6.9375],"rotation":0,"texture":"#0","tintindex":0},"north":{"uv":[6.5,8.0,6.5625,8.375],"rotation":0,"texture":"#0","tintindex":0},"west":{"uv":[6.625,8.0,6.6875,8.375],"rotation":0,"texture":"#0","tintindex":0},"up":{"uv":[7.75,8.375,7.6875,8.3125],"rotation":0,"texture":"#0","tintindex":0},"down":{"uv":[8.375,7.6875,8.3125,7.75],"rotation":0,"texture":"#0","tintindex":0}}},{"from":[9.142858,9.242857,10.057143],"to":[9.714286,12.671429,10.342857],"rotation":{"angle":0.0,"axis":"y","origin":[8.0,-5.6142864,8.342857]},"faces":{"east":{"uv":[6.75,8.0,6.8125,8.375],"rotation":0,"texture":"#0","tintindex":0},"south":{"uv":[6.8125,8.0,6.875,8.375],"rotation":0,"texture":"#0","tintindex":0},"north":{"uv":[6.6875,8.0,6.75,8.375],"rotation":0,"texture":"#0","tintindex":0},"west":{"uv":[6.875,8.0,6.9375,8.375],"rotation":0,"texture":"#0","tintindex":0},"up":{"uv":[7.8125,8.375,7.75,8.3125],"rotation":0,"texture":"#0","tintindex":0},"down":{"uv":[8.375,7.75,8.3125,7.8125],"rotation":0,"texture":"#0","tintindex":0}}},{"from":[7.428571,8.1,5.2],"to":[8.571428,12.671429,5.485714],"rotation":{"angle":0.0,"axis":"y","origin":[8.0,-5.6142864,8.342857]},"faces":{"east":{"uv":[7.0,7.875,7.0625,8.375],"rotation":0,"texture":"#0","tintindex":0},"south":{"uv":[4.75,7.625,4.875,8.125],"rotation":0,"texture":"#0","tintindex":0},"north":{"uv":[7.625,0.75,7.75,1.25],"rotation":0,"texture":"#0","tintindex":0},"west":{"uv":[7.0625,7.875,7.125,8.375],"rotation":0,"texture":"#0","tintindex":0},"up":{"uv":[8.375,0.125,8.25,0.0625],"rotation":0,"texture":"#0","tintindex":0},"down":{"uv":[8.375,0.125,8.25,0.1875],"rotation":0,"texture":"#0","tintindex":0}}},{"from":[9.142858,9.242857,5.2],"to":[9.714286,12.671429,5.485714],"rotation":{"angle":0.0,"axis":"y","origin":[8.0,-5.6142864,8.342857]},"faces":{"east":{"uv":[7.125,8.0,7.1875,8.375],"rotation":0,"texture":"#0","tintindex":0},"south":{"uv":[7.1875,8.0,7.25,8.375],"rotation":0,"texture":"#0","tintindex":0},"north":{"uv":[8.0,6.9375,8.0625,7.3125],"rotation":0,"texture":"#0","tintindex":0},"west":{"uv":[7.25,8.0,7.3125,8.375],"rotation":0,"texture":"#0","tintindex":0},"up":{"uv":[7.875,8.375,7.8125,8.3125],"rotation":0,"texture":"#0","tintindex":0},"down":{"uv":[8.375,7.8125,8.3125,7.875],"rotation":0,"texture":"#0","tintindex":0}}},{"from":[6.285714,9.242857,5.2],"to":[6.857143,12.671429,5.485714],"rotation":{"angle":0.0,"axis":"y","origin":[8.0,-5.6142864,8.342857]},"faces":{"east":{"uv":[8.0,7.3125,8.0625,7.6875],"rotation":0,"texture":"#0","tintindex":0},"south":{"uv":[8.0,7.6875,8.0625,8.0625],"rotation":0,"texture":"#0","tintindex":0},"north":{"uv":[7.3125,8.0,7.375,8.375],"rotation":0,"texture":"#0","tintindex":0},"west":{"uv":[7.875,8.0,7.9375,8.375],"rotation":0,"texture":"#0","tintindex":0},"up":{"uv":[8.0,8.375,7.9375,8.3125],"rotation":0,"texture":"#0","tintindex":0},"down":{"uv":[8.375,8.0,8.3125,8.0625],"rotation":0,"texture":"#0","tintindex":0}}},{"from":[6.857143,8.671429,4.9142857],"to":[7.428571,12.671429,5.485714],"rotation":{"angle":0.0,"axis":"y","origin":[8.0,-5.6142864,8.342857]},"faces":{"east":{"uv":[7.875,7.5625,7.9375,8.0],"rotation":0,"texture":"#0","tintindex":0},"south":{"uv":[7.625,7.875,7.6875,8.3125],"rotation":0,"texture":"#0","tintindex":0},"north":{"uv":[7.5625,7.875,7.625,8.3125],"rotation":0,"texture":"#0","tintindex":0},"west":{"uv":[7.6875,7.875,7.75,8.3125],"rotation":0,"texture":"#0","tintindex":0},"up":{"uv":[8.125,8.375,8.0625,8.3125],"rotation":0,"texture":"#0","tintindex":0},"down":{"uv":[8.375,8.0625,8.3125,8.125],"rotation":0,"texture":"#0","tintindex":0}}},{"from":[6.857143,12.671429,4.9142857],"to":[7.428571,13.242857,10.6285715],"rotation":{"angle":0.0,"axis":"y","origin":[8.0,-5.6142864,8.342857]},"faces":{"east":{"uv":[7.75,2.875,8.375,2.9375],"rotation":0,"texture":"#0","tintindex":0},"south":{"uv":[8.1875,8.3125,8.25,8.375],"rotation":0,"texture":"#0","tintindex":0},"north":{"uv":[8.125,8.3125,8.1875,8.375],"rotation":0,"texture":"#0","tintindex":0},"west":{"uv":[7.75,2.9375,8.375,3.0],"rotation":0,"texture":"#0","tintindex":0},"up":{"uv":[5.6875,8.25,5.625,7.625],"rotation":0,"texture":"#0","tintindex":0},"down":{"uv":[5.75,7.625,5.6875,8.25],"rotation":0,"texture":"#0","tintindex":0}}},{"from":[8.571428,12.671429,4.9142857],"to":[9.142858,13.242857,10.6285715],"rotation":{"angle":0.0,"axis":"y","origin":[8.0,-5.6142864,8.342857]},"faces":{"east":{"uv":[7.8125,2.0,8.4375,2.0625],"rotation":0,"texture":"#0","tintindex":0},"south":{"uv":[8.3125,8.25,8.375,8.3125],"rotation":0,"texture":"#0","tintindex":0},"north":{"uv":[8.25,8.3125,8.3125,8.375],"rotation":0,"texture":"#0","tintindex":0},"west":{"uv":[7.8125,2.0625,8.4375,2.125],"rotation":0,"texture":"#0","tintindex":0},"up":{"uv":[7.0,8.375,6.9375,7.75],"rotation":0,"texture":"#0","tintindex":0},"down":{"uv":[4.75,7.8125,4.6875,8.4375],"rotation":0,"texture":"#0","tintindex":0}}},{"from":[6.857143,8.671429,10.057143],"to":[7.428571,12.671429,10.6285715],"rotation":{"angle":0.0,"axis":"y","origin":[8.0,-5.6142864,8.342857]},"faces":{"east":{"uv":[7.8125,7.875,7.875,8.3125],"rotation":0,"texture":"#0","tintindex":0},"south":{"uv":[7.9375,6.125,8.0,6.5625],"rotation":0,"texture":"#0","tintindex":0},"north":{"uv":[7.75,7.875,7.8125,8.3125],"rotation":0,"texture":"#0","tintindex":0},"west":{"uv":[7.9375,6.5625,8.0,7.0],"rotation":0,"texture":"#0","tintindex":0},"up":{"uv":[8.375,8.375,8.3125,8.3125],"rotation":0,"texture":"#0","tintindex":0},"down":{"uv":[8.4375,0.0,8.375,0.0625],"rotation":0,"texture":"#0","tintindex":0}}},{"from":[5.142857,8.671429,6.6285715],"to":[5.714286,12.671429,7.2],"rotation":{"angle":0.0,"axis":"y","origin":[8.0,-5.6142864,8.342857]},"faces":{"east":{"uv":[7.9375,7.4375,8.0,7.875],"rotation":0,"texture":"#0","tintindex":0},"south":{"uv":[7.9375,7.875,8.0,8.3125],"rotation":0,"texture":"#0","tintindex":0},"north":{"uv":[7.9375,7.0,8.0,7.4375],"rotation":0,"texture":"#0","tintindex":0},"west":{"uv":[8.0,0.0,8.0625,0.4375],"rotation":0,"texture":"#0","tintindex":0},"up":{"uv":[8.4375,0.125,8.375,0.0625],"rotation":0,"texture":"#0","tintindex":0},"down":{"uv":[8.4375,0.125,8.375,0.1875],"rotation":0,"texture":"#0","tintindex":0}}},{"from":[10.285714,8.671429,6.6285715],"to":[10.857143,12.671429,7.2],"rotation":{"angle":0.0,"axis":"y","origin":[8.0,-5.6142864,8.342857]},"faces":{"east":{"uv":[8.0,2.125,8.0625,2.5625],"rotation":0,"texture":"#0","tintindex":0},"south":{"uv":[8.0,3.5,8.0625,3.9375],"rotation":0,"texture":"#0","tintindex":0},"north":{"uv":[8.0,0.4375,8.0625,0.875],"rotation":0,"texture":"#0","tintindex":0},"west":{"uv":[8.0,3.9375,8.0625,4.375],"rotation":0,"texture":"#0","tintindex":0},"up":{"uv":[8.4375,0.25,8.375,0.1875],"rotation":0,"texture":"#0","tintindex":0},"down":{"uv":[0.3125,8.375,0.25,8.4375],"rotation":0,"texture":"#0","tintindex":0}}},{"from":[5.142857,8.671429,8.342857],"to":[5.714286,12.671429,8.914286],"rotation":{"angle":0.0,"axis":"y","origin":[8.0,-5.6142864,8.342857]},"faces":{"east":{"uv":[8.0,4.8125,8.0625,5.25],"rotation":0,"texture":"#0","tintindex":0},"south":{"uv":[8.0,5.25,8.0625,5.6875],"rotation":0,"texture":"#0","tintindex":0},"north":{"uv":[8.0,4.375,8.0625,4.8125],"rotation":0,"texture":"#0","tintindex":0},"west":{"uv":[5.75,8.0,5.8125,8.4375],"rotation":0,"texture":"#0","tintindex":0},"up":{"uv":[8.4375,0.3125,8.375,0.25],"rotation":0,"texture":"#0","tintindex":0},"down":{"uv":[0.375,8.375,0.3125,8.4375],"rotation":0,"texture":"#0","tintindex":0}}},{"from":[5.142857,12.671429,8.342857],"to":[6.857143,13.242857,8.914286],"rotation":{"angle":0.0,"axis":"y","origin":[8.0,-5.6142864,8.342857]},"faces":{"east":{"uv":[8.375,0.3125,8.4375,0.375],"rotation":0,"texture":"#0","tintindex":0},"south":{"uv":[8.1875,0.4375,8.375,0.5],"rotation":0,"texture":"#0","tintindex":0},"north":{"uv":[8.1875,0.375,8.375,0.4375],"rotation":0,"texture":"#0","tintindex":0},"west":{"uv":[0.375,8.375,0.4375,8.4375],"rotation":0,"texture":"#0","tintindex":0},"up":{"uv":[8.375,0.5625,8.1875,0.5],"rotation":0,"texture":"#0","tintindex":0},"down":{"uv":[8.375,0.875,8.1875,0.9375],"rotation":0,"texture":"#0","tintindex":0}}},{"from":[9.142858,12.671429,8.342857],"to":[10.857143,13.242857,8.914286],"rotation":{"angle":0.0,"axis":"y","origin":[8.0,-5.6142864,8.342857]},"faces":{"east":{"uv":[8.375,0.375,8.4375,0.4375],"rotation":0,"texture":"#0","tintindex":0},"south":{"uv":[8.1875,1.0,8.375,1.0625],"rotation":0,"texture":"#0","tintindex":0},"north":{"uv":[8.1875,0.9375,8.375,1.0],"rotation":0,"texture":"#0","tintindex":0},"west":{"uv":[0.4375,8.375,0.5,8.4375],"rotation":0,"texture":"#0","tintindex":0},"up":{"uv":[8.375,1.125,8.1875,1.0625],"rotation":0,"texture":"#0","tintindex":0},"down":{"uv":[8.375,1.4375,8.1875,1.5],"rotation":0,"texture":"#0","tintindex":0}}},{"from":[9.142858,12.671429,6.6285715],"to":[10.857143,13.242857,7.2],"rotation":{"angle":0.0,"axis":"y","origin":[8.0,-5.6142864,8.342857]},"faces":{"east":{"uv":[8.375,0.4375,8.4375,0.5],"rotation":0,"texture":"#0","tintindex":0},"south":{"uv":[8.1875,1.5625,8.375,1.625],"rotation":0,"texture":"#0","tintindex":0},"north":{"uv":[8.1875,1.5,8.375,1.5625],"rotation":0,"texture":"#0","tintindex":0},"west":{"uv":[0.5,8.375,0.5625,8.4375],"rotation":0,"texture":"#0","tintindex":0},"up":{"uv":[8.375,1.6875,8.1875,1.625],"rotation":0,"texture":"#0","tintindex":0},"down":{"uv":[8.375,1.6875,8.1875,1.75],"rotation":0,"texture":"#0","tintindex":0}}},{"from":[5.142857,12.671429,6.6285715],"to":[6.857143,13.242857,7.2],"rotation":{"angle":0.0,"axis":"y","origin":[8.0,-5.6142864,8.342857]},"faces":{"east":{"uv":[8.375,0.5,8.4375,0.5625],"rotation":0,"texture":"#0","tintindex":0},"south":{"uv":[8.1875,1.8125,8.375,1.875],"rotation":0,"texture":"#0","tintindex":0},"north":{"uv":[8.1875,1.75,8.375,1.8125],"rotation":0,"texture":"#0","tintindex":0},"west":{"uv":[0.5625,8.375,0.625,8.4375],"rotation":0,"texture":"#0","tintindex":0},"up":{"uv":[8.375,1.9375,8.1875,1.875],"rotation":0,"texture":"#0","tintindex":0},"down":{"uv":[8.375,2.125,8.1875,2.1875],"rotation":0,"texture":"#0","tintindex":0}}},{"from":[10.285714,8.671429,8.342857],"to":[10.857143,12.671429,8.914286],"rotation":{"angle":0.0,"axis":"y","origin":[8.0,-5.6142864,8.342857]},"faces":{"east":{"uv":[5.875,8.0,5.9375,8.4375],"rotation":0,"texture":"#0","tintindex":0},"south":{"uv":[5.9375,8.0,6.0,8.4375],"rotation":0,"texture":"#0","tintindex":0},"north":{"uv":[5.8125,8.0,5.875,8.4375],"rotation":0,"texture":"#0","tintindex":0},"west":{"uv":[6.0,8.0,6.0625,8.4375],"rotation":0,"texture":"#0","tintindex":0},"up":{"uv":[8.4375,0.625,8.375,0.5625],"rotation":0,"texture":"#0","tintindex":0},"down":{"uv":[0.6875,8.375,0.625,8.4375],"rotation":0,"texture":"#0","tintindex":0}}},{"from":[8.571428,8.671429,4.9142857],"to":[9.142858,12.671429,5.485714],"rotation":{"angle":0.0,"axis":"y","origin":[8.0,-5.6142864,8.342857]},"faces":{"east":{"uv":[6.125,8.0,6.1875,8.4375],"rotation":0,"texture":"#0","tintindex":0},"south":{"uv":[8.0,6.125,8.0625,6.5625],"rotation":0,"texture":"#0","tintindex":0},"north":{"uv":[6.0625,8.0,6.125,8.4375],"rotation":0,"texture":"#0","tintindex":0},"west":{"uv":[6.1875,8.0,6.25,8.4375],"rotation":0,"texture":"#0","tintindex":0},"up":{"uv":[8.4375,0.6875,8.375,0.625],"rotation":0,"texture":"#0","tintindex":0},"down":{"uv":[0.75,8.375,0.6875,8.4375],"rotation":0,"texture":"#0","tintindex":0}}},{"from":[8.571428,8.671429,10.057143],"to":[9.142858,12.671429,10.6285715],"rotation":{"angle":0.0,"axis":"y","origin":[8.0,-5.6142864,8.342857]},"faces":{"east":{"uv":[6.3125,8.0,6.375,8.4375],"rotation":0,"texture":"#0","tintindex":0},"south":{"uv":[6.375,8.0,6.4375,8.4375],"rotation":0,"texture":"#0","tintindex":0},"north":{"uv":[6.25,8.0,6.3125,8.4375],"rotation":0,"texture":"#0","tintindex":0},"west":{"uv":[6.4375,8.0,6.5,8.4375],"rotation":0,"texture":"#0","tintindex":0},"up":{"uv":[8.4375,0.75,8.375,0.6875],"rotation":0,"texture":"#0","tintindex":0},"down":{"uv":[0.8125,8.375,0.75,8.4375],"rotation":0,"texture":"#0","tintindex":0}}},{"from":[5.714286,9.814285,4.9142857],"to":[6.285714,12.671429,5.485714],"rotation":{"angle":0.0,"axis":"y","origin":[8.0,-5.6142864,8.342857]},"faces":{"east":{"uv":[3.6875,8.0625,3.75,8.375],"rotation":0,"texture":"#0","tintindex":0},"south":{"uv":[8.0625,3.875,8.125,4.1875],"rotation":0,"texture":"#0","tintindex":0},"north":{"uv":[3.625,8.0625,3.6875,8.375],"rotation":0,"texture":"#0","tintindex":0},"west":{"uv":[4.125,8.0625,4.1875,8.375],"rotation":0,"texture":"#0","tintindex":0},"up":{"uv":[8.4375,0.8125,8.375,0.75],"rotation":0,"texture":"#0","tintindex":0},"down":{"uv":[0.875,8.375,0.8125,8.4375],"rotation":0,"texture":"#0","tintindex":0}}},{"from":[5.142857,9.814285,5.485714],"to":[5.714286,12.671429,6.0571427],"rotation":{"angle":0.0,"axis":"y","origin":[8.0,-5.6142864,8.342857]},"faces":{"east":{"uv":[8.0625,4.1875,8.125,4.5],"rotation":0,"texture":"#0","tintindex":0},"south":{"uv":[4.25,8.0625,4.3125,8.375],"rotation":0,"texture":"#0","tintindex":0},"north":{"uv":[4.1875,8.0625,4.25,8.375],"rotation":0,"texture":"#0","tintindex":0},"west":{"uv":[4.3125,8.0625,4.375,8.375],"rotation":0,"texture":"#0","tintindex":0},"up":{"uv":[8.4375,0.875,8.375,0.8125],"rotation":0,"texture":"#0","tintindex":0},"down":{"uv":[0.9375,8.375,0.875,8.4375],"rotation":0,"texture":"#0","tintindex":0}}},{"from":[10.285714,9.814285,5.485714],"to":[10.857143,12.671429,6.0571427],"rotation":{"angle":0.0,"axis":"y","origin":[8.0,-5.6142864,8.342857]},"faces":{"east":{"uv":[4.4375,8.0625,4.5,8.375],"rotation":0,"texture":"#0","tintindex":0},"south":{"uv":[4.5,8.0625,4.5625,8.375],"rotation":0,"texture":"#0","tintindex":0},"north":{"uv":[4.375,8.0625,4.4375,8.375],"rotation":0,"texture":"#0","tintindex":0},"west":{"uv":[8.0625,4.5,8.125,4.8125],"rotation":0,"texture":"#0","tintindex":0},"up":{"uv":[8.4375,0.9375,8.375,0.875],"rotation":0,"texture":"#0","tintindex":0},"down":{"uv":[1.0,8.375,0.9375,8.4375],"rotation":0,"texture":"#0","tintindex":0}}},{"from":[5.142857,9.814285,9.485714],"to":[5.714286,12.671429,10.057143],"rotation":{"angle":0.0,"axis":"y","origin":[8.0,-5.6142864,8.342857]},"faces":{"east":{"uv":[4.625,8.0625,4.6875,8.375],"rotation":0,"texture":"#0","tintindex":0},"south":{"uv":[8.0625,4.8125,8.125,5.125],"rotation":0,"texture":"#0","tintindex":0},"north":{"uv":[4.5625,8.0625,4.625,8.375],"rotation":0,"texture":"#0","tintindex":0},"west":{"uv":[4.875,8.0625,4.9375,8.375],"rotation":0,"texture":"#0","tintindex":0},"up":{"uv":[8.4375,1.0,8.375,0.9375],"rotation":0,"texture":"#0","tintindex":0},"down":{"uv":[1.0625,8.375,1.0,8.4375],"rotation":0,"texture":"#0","tintindex":0}}},{"from":[10.285714,9.814285,9.485714],"to":[10.857143,12.671429,10.057143],"rotation":{"angle":0.0,"axis":"y","origin":[8.0,-5.6142864,8.342857]},"faces":{"east":{"uv":[5.0,8.0625,5.0625,8.375],"rotation":0,"texture":"#0","tintindex":0},"south":{"uv":[5.0625,8.0625,5.125,8.375],"rotation":0,"texture":"#0","tintindex":0},"north":{"uv":[4.9375,8.0625,5.0,8.375],"rotation":0,"texture":"#0","tintindex":0},"west":{"uv":[5.125,8.0625,5.1875,8.375],"rotation":0,"texture":"#0","tintindex":0},"up":{"uv":[8.4375,1.0625,8.375,1.0],"rotation":0,"texture":"#0","tintindex":0},"down":{"uv":[1.125,8.375,1.0625,8.4375],"rotation":0,"texture":"#0","tintindex":0}}},{"from":[9.714286,9.814285,4.9142857],"to":[10.285714,12.671429,5.485714],"rotation":{"angle":0.0,"axis":"y","origin":[8.0,-5.6142864,8.342857]},"faces":{"east":{"uv":[5.1875,8.0625,5.25,8.375],"rotation":0,"texture":"#0","tintindex":0},"south":{"uv":[5.25,8.0625,5.3125,8.375],"rotation":0,"texture":"#0","tintindex":0},"north":{"uv":[8.0625,5.125,8.125,5.4375],"rotation":0,"texture":"#0","tintindex":0},"west":{"uv":[5.3125,8.0625,5.375,8.375],"rotation":0,"texture":"#0","tintindex":0},"up":{"uv":[8.4375,1.125,8.375,1.0625],"rotation":0,"texture":"#0","tintindex":0},"down":{"uv":[1.1875,8.375,1.125,8.4375],"rotation":0,"texture":"#0","tintindex":0}}},{"from":[9.714286,9.814285,10.057143],"to":[10.285714,12.671429,10.6285715],"rotation":{"angle":0.0,"axis":"y","origin":[8.0,-5.6142864,8.342857]},"faces":{"east":{"uv":[5.4375,8.0625,5.5,8.375],"rotation":0,"texture":"#0","tintindex":0},"south":{"uv":[8.0625,5.4375,8.125,5.75],"rotation":0,"texture":"#0","tintindex":0},"north":{"uv":[5.375,8.0625,5.4375,8.375],"rotation":0,"texture":"#0","tintindex":0},"west":{"uv":[5.5,8.0625,5.5625,8.375],"rotation":0,"texture":"#0","tintindex":0},"up":{"uv":[8.4375,1.1875,8.375,1.125],"rotation":0,"texture":"#0","tintindex":0},"down":{"uv":[1.25,8.375,1.1875,8.4375],"rotation":0,"texture":"#0","tintindex":0}}},{"from":[5.714286,9.814285,10.057143],"to":[6.285714,12.671429,10.6285715],"rotation":{"angle":0.0,"axis":"y","origin":[8.0,-5.6142864,8.342857]},"faces":{"east":{"uv":[8.0625,5.75,8.125,6.0625],"rotation":0,"texture":"#0","tintindex":0},"south":{"uv":[8.0625,6.0625,8.125,6.375],"rotation":0,"texture":"#0","tintindex":0},"north":{"uv":[5.5625,8.0625,5.625,8.375],"rotation":0,"texture":"#0","tintindex":0},"west":{"uv":[8.0625,6.375,8.125,6.6875],"rotation":0,"texture":"#0","tintindex":0},"up":{"uv":[8.4375,1.25,8.375,1.1875],"rotation":0,"texture":"#0","tintindex":0},"down":{"uv":[1.3125,8.375,1.25,8.4375],"rotation":0,"texture":"#0","tintindex":0}}}],"textures":{"0":"modelengine:entity/valkiria"},"display":{"head":{"translation":[0.0,-6.4,0.0],"scale":[4.0,4.0,4.0]}}}