{"elements":[{"from":[6.857143,1.2307687,6.857143],"to":[9.142858,8.087913,9.142858],"rotation":{"angle":0.0,"axis":"y","origin":[9.142858,1.2307687,8.571428]},"faces":{"east":{"uv":[1.75,7.375,2.0,8.125],"rotation":0,"texture":"#0","tintindex":0},"south":{"uv":[2.0,7.375,2.25,8.125],"rotation":0,"texture":"#0","tintindex":0},"north":{"uv":[1.5,7.375,1.75,8.125],"rotation":0,"texture":"#0","tintindex":0},"west":{"uv":[2.25,7.375,2.5,8.125],"rotation":0,"texture":"#0","tintindex":0},"up":{"uv":[8.0,0.5,7.75,0.25],"rotation":0,"texture":"#0","tintindex":0},"down":{"uv":[8.0,0.5,7.75,0.75],"rotation":0,"texture":"#0","tintindex":0}}},{"from":[6.857143,1.2307687,6.714286],"to":[9.142858,3.5164833,6.857143],"rotation":{"angle":0.0,"axis":"y","origin":[9.142858,1.2307687,8.571428]},"faces":{"east":{"uv":[3.0625,8.125,3.125,8.375],"rotation":0,"texture":"#0","tintindex":0},"south":{"uv":[7.75,1.0,8.0,1.25],"rotation":0,"texture":"#0","tintindex":0},"north":{"uv":[7.75,0.75,8.0,1.0],"rotation":0,"texture":"#0","tintindex":0},"west":{"uv":[3.125,8.125,3.1875,8.375],"rotation":0,"texture":"#0","tintindex":0},"up":{"uv":[8.375,0.625,8.125,0.5625],"rotation":0,"texture":"#0","tintindex":0},"down":{"uv":[8.375,0.625,8.125,0.6875],"rotation":0,"texture":"#0","tintindex":0}}},{"from":[6.857143,1.2307687,9.142858],"to":[9.142858,3.5164833,9.285714],"rotation":{"angle":0.0,"axis":"y","origin":[9.142858,1.2307687,8.571428]},"faces":{"east":{"uv":[3.1875,8.125,3.25,8.375],"rotation":0,"texture":"#0","tintindex":0},"south":{"uv":[7.75,2.125,8.0,2.375],"rotation":0,"texture":"#0","tintindex":0},"north":{"uv":[7.75,1.5,8.0,1.75],"rotation":0,"texture":"#0","tintindex":0},"west":{"uv":[3.25,8.125,3.3125,8.375],"rotation":0,"texture":"#0","tintindex":0},"up":{"uv":[8.375,0.75,8.125,0.6875],"rotation":0,"texture":"#0","tintindex":0},"down":{"uv":[8.375,1.125,8.125,1.1875],"rotation":0,"texture":"#0","tintindex":0}}},{"from":[6.714286,1.2307687,6.714286],"to":[6.857143,3.5164833,9.285714],"rotation":{"angle":0.0,"axis":"y","origin":[9.142858,1.2307687,8.571428]},"faces":{"east":{"uv":[7.5,5.0,7.8125,5.25],"rotation":0,"texture":"#0","tintindex":0},"south":{"uv":[3.3125,8.125,3.375,8.375],"rotation":0,"texture":"#0","tintindex":0},"north":{"uv":[8.125,3.25,8.1875,3.5],"rotation":0,"texture":"#0","tintindex":0},"west":{"uv":[7.5,5.25,7.8125,5.5],"rotation":0,"texture":"#0","tintindex":0},"up":{"uv":[8.125,8.0,8.0625,7.6875],"rotation":0,"texture":"#0","tintindex":0},"down":{"uv":[8.0625,8.0625,8.0,8.375],"rotation":0,"texture":"#0","tintindex":0}}},{"from":[6.857143,3.5164833,6.714286],"to":[7.428571,4.087912,6.857143],"rotation":{"angle":0.0,"axis":"y","origin":[9.142858,1.2307687,8.571428]},"faces":{"east":{"uv":[2.3125,8.375,2.375,8.4375],"rotation":0,"texture":"#0","tintindex":0},"south":{"uv":[8.375,2.3125,8.4375,2.375],"rotation":0,"texture":"#0","tintindex":0},"north":{"uv":[2.25,8.375,2.3125,8.4375],"rotation":0,"texture":"#0","tintindex":0},"west":{"uv":[2.375,8.375,2.4375,8.4375],"rotation":0,"texture":"#0","tintindex":0},"up":{"uv":[8.4375,2.4375,8.375,2.375],"rotation":0,"texture":"#0","tintindex":0},"down":{"uv":[2.5,8.375,2.4375,8.4375],"rotation":0,"texture":"#0","tintindex":0}}},{"from":[6.857143,3.5164833,9.142858],"to":[7.428571,4.087912,9.285714],"rotation":{"angle":0.0,"axis":"y","origin":[9.142858,1.2307687,8.571428]},"faces":{"east":{"uv":[2.5,8.375,2.5625,8.4375],"rotation":0,"texture":"#0","tintindex":0},"south":{"uv":[8.375,2.5,8.4375,2.5625],"rotation":0,"texture":"#0","tintindex":0},"north":{"uv":[8.375,2.4375,8.4375,2.5],"rotation":0,"texture":"#0","tintindex":0},"west":{"uv":[2.5625,8.375,2.625,8.4375],"rotation":0,"texture":"#0","tintindex":0},"up":{"uv":[8.4375,2.625,8.375,2.5625],"rotation":0,"texture":"#0","tintindex":0},"down":{"uv":[2.6875,8.375,2.625,8.4375],"rotation":0,"texture":"#0","tintindex":0}}},{"from":[8.571428,3.5164833,9.142858],"to":[9.142858,4.087912,9.285714],"rotation":{"angle":0.0,"axis":"y","origin":[9.142858,1.2307687,8.571428]},"faces":{"east":{"uv":[2.6875,8.375,2.75,8.4375],"rotation":0,"texture":"#0","tintindex":0},"south":{"uv":[8.375,2.6875,8.4375,2.75],"rotation":0,"texture":"#0","tintindex":0},"north":{"uv":[8.375,2.625,8.4375,2.6875],"rotation":0,"texture":"#0","tintindex":0},"west":{"uv":[2.75,8.375,2.8125,8.4375],"rotation":0,"texture":"#0","tintindex":0},"up":{"uv":[8.4375,2.8125,8.375,2.75],"rotation":0,"texture":"#0","tintindex":0},"down":{"uv":[2.875,8.375,2.8125,8.4375],"rotation":0,"texture":"#0","tintindex":0}}},{"from":[6.714286,3.5164833,6.714286],"to":[6.857143,4.087912,7.428571],"rotation":{"angle":0.0,"axis":"y","origin":[9.142858,1.2307687,8.571428]},"faces":{"east":{"uv":[2.875,8.375,2.9375,8.4375],"rotation":0,"texture":"#0","tintindex":0},"south":{"uv":[8.375,2.875,8.4375,2.9375],"rotation":0,"texture":"#0","tintindex":0},"north":{"uv":[8.375,2.8125,8.4375,2.875],"rotation":0,"texture":"#0","tintindex":0},"west":{"uv":[2.9375,8.375,3.0,8.4375],"rotation":0,"texture":"#0","tintindex":0},"up":{"uv":[8.4375,3.0,8.375,2.9375],"rotation":0,"texture":"#0","tintindex":0},"down":{"uv":[3.0625,8.375,3.0,8.4375],"rotation":0,"texture":"#0","tintindex":0}}},{"from":[6.714286,3.5164833,8.571428],"to":[6.857143,4.087912,9.285714],"rotation":{"angle":0.0,"axis":"y","origin":[9.142858,1.2307687,8.571428]},"faces":{"east":{"uv":[3.125,8.375,3.1875,8.4375],"rotation":0,"texture":"#0","tintindex":0},"south":{"uv":[3.1875,8.375,3.25,8.4375],"rotation":0,"texture":"#0","tintindex":0},"north":{"uv":[3.0625,8.375,3.125,8.4375],"rotation":0,"texture":"#0","tintindex":0},"west":{"uv":[3.25,8.375,3.3125,8.4375],"rotation":0,"texture":"#0","tintindex":0},"up":{"uv":[8.4375,3.3125,8.375,3.25],"rotation":0,"texture":"#0","tintindex":0},"down":{"uv":[3.375,8.375,3.3125,8.4375],"rotation":0,"texture":"#0","tintindex":0}}},{"from":[8.571428,3.5164833,6.714286],"to":[9.142858,4.087912,6.857143],"rotation":{"angle":0.0,"axis":"y","origin":[9.142858,1.2307687,8.571428]},"faces":{"east":{"uv":[3.375,8.375,3.4375,8.4375],"rotation":0,"texture":"#0","tintindex":0},"south":{"uv":[8.375,3.375,8.4375,3.4375],"rotation":0,"texture":"#0","tintindex":0},"north":{"uv":[8.375,3.3125,8.4375,3.375],"rotation":0,"texture":"#0","tintindex":0},"west":{"uv":[3.4375,8.375,3.5,8.4375],"rotation":0,"texture":"#0","tintindex":0},"up":{"uv":[8.4375,3.5,8.375,3.4375],"rotation":0,"texture":"#0","tintindex":0},"down":{"uv":[3.5625,8.375,3.5,8.4375],"rotation":0,"texture":"#0","tintindex":0}}},{"from":[9.142858,3.5164833,8.571428],"to":[9.285714,4.087912,9.285714],"rotation":{"angle":0.0,"axis":"y","origin":[9.142858,1.2307687,8.571428]},"faces":{"east":{"uv":[3.5625,8.375,3.625,8.4375],"rotation":0,"texture":"#0","tintindex":0},"south":{"uv":[8.375,3.5625,8.4375,3.625],"rotation":0,"texture":"#0","tintindex":0},"north":{"uv":[8.375,3.5,8.4375,3.5625],"rotation":0,"texture":"#0","tintindex":0},"west":{"uv":[3.625,8.375,3.6875,8.4375],"rotation":0,"texture":"#0","tintindex":0},"up":{"uv":[8.4375,3.6875,8.375,3.625],"rotation":0,"texture":"#0","tintindex":0},"down":{"uv":[3.75,8.375,3.6875,8.4375],"rotation":0,"texture":"#0","tintindex":0}}},{"from":[9.142858,3.5164833,6.714286],"to":[9.285714,4.087912,7.428571],"rotation":{"angle":0.0,"axis":"y","origin":[9.142858,1.2307687,8.571428]},"faces":{"east":{"uv":[3.75,8.375,3.8125,8.4375],"rotation":0,"texture":"#0","tintindex":0},"south":{"uv":[8.375,3.75,8.4375,3.8125],"rotation":0,"texture":"#0","tintindex":0},"north":{"uv":[8.375,3.6875,8.4375,3.75],"rotation":0,"texture":"#0","tintindex":0},"west":{"uv":[3.8125,8.375,3.875,8.4375],"rotation":0,"texture":"#0","tintindex":0},"up":{"uv":[8.4375,3.875,8.375,3.8125],"rotation":0,"texture":"#0","tintindex":0},"down":{"uv":[3.9375,8.375,3.875,8.4375],"rotation":0,"texture":"#0","tintindex":0}}},{"from":[9.142858,1.2307687,6.714286],"to":[9.285714,3.5164833,9.285714],"rotation":{"angle":0.0,"axis":"y","origin":[9.142858,1.2307687,8.571428]},"faces":{"east":{"uv":[7.5,5.5,7.8125,5.75],"rotation":0,"texture":"#0","tintindex":0},"south":{"uv":[3.4375,8.125,3.5,8.375],"rotation":0,"texture":"#0","tintindex":0},"north":{"uv":[3.375,8.125,3.4375,8.375],"rotation":0,"texture":"#0","tintindex":0},"west":{"uv":[7.5,5.75,7.8125,6.0],"rotation":0,"texture":"#0","tintindex":0},"up":{"uv":[8.125,8.3125,8.0625,8.0],"rotation":0,"texture":"#0","tintindex":0},"down":{"uv":[0.0625,8.125,0.0,8.4375],"rotation":0,"texture":"#0","tintindex":0}}}],"textures":{"0":"modelengine:entity/valkiria"},"display":{"head":{"translation":[0.0,-6.4,0.0],"scale":[4.0,4.0,4.0]}}}