{"elements":[{"from":[5.4744897,7.117347,6.714286],"to":[7.3316326,8.831633,6.857143],"rotation":{"angle":0.0,"axis":"y","origin":[10.188776,-4.882654,8.571428]},"faces":{"east":{"uv":[8.1875,2.1875,8.25,2.375],"rotation":0,"texture":"#0","tintindex":0},"south":{"uv":[7.8125,5.75,8.0,5.9375],"rotation":0,"texture":"#0","tintindex":0},"north":{"uv":[5.75,7.8125,5.9375,8.0],"rotation":0,"texture":"#0","tintindex":0},"west":{"uv":[8.1875,3.25,8.25,3.4375],"rotation":0,"texture":"#0","tintindex":0},"up":{"uv":[8.375,3.5,8.1875,3.4375],"rotation":0,"texture":"#0","tintindex":0},"down":{"uv":[8.375,3.5,8.1875,3.5625],"rotation":0,"texture":"#0","tintindex":0}}},{"from":[5.617347,1.9744897,6.857143],"to":[7.9030614,8.831633,9.142858],"rotation":{"angle":0.0,"axis":"y","origin":[10.188776,-4.882654,8.571428]},"faces":{"east":{"uv":[7.125,7.25,7.375,8.0],"rotation":0,"texture":"#0","tintindex":0},"south":{"uv":[0.0,7.375,0.25,8.125],"rotation":0,"texture":"#0","tintindex":0},"north":{"uv":[7.25,5.25,7.5,6.0],"rotation":0,"texture":"#0","tintindex":0},"west":{"uv":[0.25,7.375,0.5,8.125],"rotation":0,"texture":"#0","tintindex":0},"up":{"uv":[7.25,5.5,7.0,5.25],"rotation":0,"texture":"#0","tintindex":0},"down":{"uv":[7.875,1.25,7.625,1.5],"rotation":0,"texture":"#0","tintindex":0}}},{"from":[5.4744897,1.9744897,6.714286],"to":[8.045918,4.260204,6.857143],"rotation":{"angle":0.0,"axis":"y","origin":[10.188776,-4.882654,8.571428]},"faces":{"east":{"uv":[8.125,1.4375,8.1875,1.6875],"rotation":0,"texture":"#0","tintindex":0},"south":{"uv":[7.5,3.25,7.8125,3.5],"rotation":0,"texture":"#0","tintindex":0},"north":{"uv":[7.5,1.875,7.8125,2.125],"rotation":0,"texture":"#0","tintindex":0},"west":{"uv":[1.5,8.125,1.5625,8.375],"rotation":0,"texture":"#0","tintindex":0},"up":{"uv":[8.3125,2.8125,8.0,2.75],"rotation":0,"texture":"#0","tintindex":0},"down":{"uv":[8.3125,2.8125,8.0,2.875],"rotation":0,"texture":"#0","tintindex":0}}},{"from":[5.4744897,1.9744897,6.857143],"to":[5.617347,4.260204,9.142858],"rotation":{"angle":0.0,"axis":"y","origin":[10.188776,-4.882654,8.571428]},"faces":{"east":{"uv":[4.875,7.625,5.125,7.875],"rotation":0,"texture":"#0","tintindex":0},"south":{"uv":[1.625,8.125,1.6875,8.375],"rotation":0,"texture":"#0","tintindex":0},"north":{"uv":[1.5625,8.125,1.625,8.375],"rotation":0,"texture":"#0","tintindex":0},"west":{"uv":[5.125,7.625,5.375,7.875],"rotation":0,"texture":"#0","tintindex":0},"up":{"uv":[1.75,8.375,1.6875,8.125],"rotation":0,"texture":"#0","tintindex":0},"down":{"uv":[8.1875,1.6875,8.125,1.9375],"rotation":0,"texture":"#0","tintindex":0}}},{"from":[5.4744897,4.260204,7.428571],"to":[5.617347,4.8316326,8.571428],"rotation":{"angle":0.0,"axis":"y","origin":[10.188776,-4.882654,8.571428]},"faces":{"east":{"uv":[8.25,0.1875,8.375,0.25],"rotation":0,"texture":"#0","tintindex":0},"south":{"uv":[1.3125,8.375,1.375,8.4375],"rotation":0,"texture":"#0","tintindex":0},"north":{"uv":[8.375,1.25,8.4375,1.3125],"rotation":0,"texture":"#0","tintindex":0},"west":{"uv":[8.25,0.25,8.375,0.3125],"rotation":0,"texture":"#0","tintindex":0},"up":{"uv":[8.3125,2.3125,8.25,2.1875],"rotation":0,"texture":"#0","tintindex":0},"down":{"uv":[8.3125,3.25,8.25,3.375],"rotation":0,"texture":"#0","tintindex":0}}},{"from":[5.4744897,5.403061,6.857143],"to":[5.617347,8.831633,9.142858],"rotation":{"angle":0.0,"axis":"y","origin":[10.188776,-4.882654,8.571428]},"faces":{"east":{"uv":[6.75,7.375,7.0,7.75],"rotation":0,"texture":"#0","tintindex":0},"south":{"uv":[8.0625,0.375,8.125,0.75],"rotation":0,"texture":"#0","tintindex":0},"north":{"uv":[8.0625,0.0,8.125,0.375],"rotation":0,"texture":"#0","tintindex":0},"west":{"uv":[7.375,6.875,7.625,7.25],"rotation":0,"texture":"#0","tintindex":0},"up":{"uv":[1.8125,8.375,1.75,8.125],"rotation":0,"texture":"#0","tintindex":0},"down":{"uv":[1.875,8.125,1.8125,8.375],"rotation":0,"texture":"#0","tintindex":0}}},{"from":[5.4744897,6.5459185,6.714286],"to":[6.760204,7.117347,6.857143],"rotation":{"angle":0.0,"axis":"y","origin":[10.188776,-4.882654,8.571428]},"faces":{"east":{"uv":[8.375,1.3125,8.4375,1.375],"rotation":0,"texture":"#0","tintindex":0},"south":{"uv":[8.25,2.3125,8.375,2.375],"rotation":0,"texture":"#0","tintindex":0},"north":{"uv":[8.25,0.3125,8.375,0.375],"rotation":0,"texture":"#0","tintindex":0},"west":{"uv":[1.375,8.375,1.4375,8.4375],"rotation":0,"texture":"#0","tintindex":0},"up":{"uv":[8.375,3.4375,8.25,3.375],"rotation":0,"texture":"#0","tintindex":0},"down":{"uv":[8.375,3.6875,8.25,3.75],"rotation":0,"texture":"#0","tintindex":0}}},{"from":[5.4744897,5.403061,6.714286],"to":[6.1887755,6.5459185,6.857143],"rotation":{"angle":0.0,"axis":"y","origin":[10.188776,-4.882654,8.571428]},"faces":{"east":{"uv":[8.25,3.875,8.3125,4.0],"rotation":0,"texture":"#0","tintindex":0},"south":{"uv":[8.25,4.1875,8.3125,4.3125],"rotation":0,"texture":"#0","tintindex":0},"north":{"uv":[8.25,3.75,8.3125,3.875],"rotation":0,"texture":"#0","tintindex":0},"west":{"uv":[8.25,4.3125,8.3125,4.4375],"rotation":0,"texture":"#0","tintindex":0},"up":{"uv":[8.4375,1.4375,8.375,1.375],"rotation":0,"texture":"#0","tintindex":0},"down":{"uv":[1.5,8.375,1.4375,8.4375],"rotation":0,"texture":"#0","tintindex":0}}},{"from":[5.4744897,8.831633,6.714286],"to":[7.3316326,8.97449,9.285714],"rotation":{"angle":0.0,"axis":"y","origin":[10.188776,-4.882654,8.571428]},"faces":{"east":{"uv":[8.0625,0.75,8.375,0.8125],"rotation":0,"texture":"#0","tintindex":0},"south":{"uv":[8.1875,3.625,8.375,3.6875],"rotation":0,"texture":"#0","tintindex":0},"north":{"uv":[8.1875,3.5625,8.375,3.625],"rotation":0,"texture":"#0","tintindex":0},"west":{"uv":[8.0625,0.8125,8.375,0.875],"rotation":0,"texture":"#0","tintindex":0},"up":{"uv":[8.0,3.8125,7.8125,3.5],"rotation":0,"texture":"#0","tintindex":0},"down":{"uv":[3.9375,7.8125,3.75,8.125],"rotation":0,"texture":"#0","tintindex":0}}},{"from":[5.4744897,7.117347,9.142858],"to":[7.3316326,8.831633,9.285714],"rotation":{"angle":0.0,"axis":"y","origin":[10.188776,-4.882654,8.571428]},"faces":{"east":{"uv":[8.1875,3.6875,8.25,3.875],"rotation":0,"texture":"#0","tintindex":0},"south":{"uv":[6.125,7.8125,6.3125,8.0],"rotation":0,"texture":"#0","tintindex":0},"north":{"uv":[5.9375,7.8125,6.125,8.0],"rotation":0,"texture":"#0","tintindex":0},"west":{"uv":[8.1875,3.875,8.25,4.0625],"rotation":0,"texture":"#0","tintindex":0},"up":{"uv":[8.375,4.125,8.1875,4.0625],"rotation":0,"texture":"#0","tintindex":0},"down":{"uv":[8.375,4.125,8.1875,4.1875],"rotation":0,"texture":"#0","tintindex":0}}},{"from":[5.4744897,6.5459185,9.142858],"to":[6.760204,7.117347,9.285714],"rotation":{"angle":0.0,"axis":"y","origin":[10.188776,-4.882654,8.571428]},"faces":{"east":{"uv":[8.375,1.4375,8.4375,1.5],"rotation":0,"texture":"#0","tintindex":0},"south":{"uv":[8.25,4.4375,8.375,4.5],"rotation":0,"texture":"#0","tintindex":0},"north":{"uv":[8.25,4.0,8.375,4.0625],"rotation":0,"texture":"#0","tintindex":0},"west":{"uv":[1.5,8.375,1.5625,8.4375],"rotation":0,"texture":"#0","tintindex":0},"up":{"uv":[8.375,4.5625,8.25,4.5],"rotation":0,"texture":"#0","tintindex":0},"down":{"uv":[8.375,4.8125,8.25,4.875],"rotation":0,"texture":"#0","tintindex":0}}},{"from":[5.4744897,5.403061,9.142858],"to":[6.1887755,6.5459185,9.285714],"rotation":{"angle":0.0,"axis":"y","origin":[10.188776,-4.882654,8.571428]},"faces":{"east":{"uv":[8.25,5.1875,8.3125,5.3125],"rotation":0,"texture":"#0","tintindex":0},"south":{"uv":[5.625,8.25,5.6875,8.375],"rotation":0,"texture":"#0","tintindex":0},"north":{"uv":[8.25,4.875,8.3125,5.0],"rotation":0,"texture":"#0","tintindex":0},"west":{"uv":[8.25,5.625,8.3125,5.75],"rotation":0,"texture":"#0","tintindex":0},"up":{"uv":[8.4375,1.5625,8.375,1.5],"rotation":0,"texture":"#0","tintindex":0},"down":{"uv":[1.625,8.375,1.5625,8.4375],"rotation":0,"texture":"#0","tintindex":0}}},{"from":[5.4744897,1.9744897,9.142858],"to":[8.045918,4.260204,9.285714],"rotation":{"angle":0.0,"axis":"y","origin":[10.188776,-4.882654,8.571428]},"faces":{"east":{"uv":[1.875,8.125,1.9375,8.375],"rotation":0,"texture":"#0","tintindex":0},"south":{"uv":[7.5,3.75,7.8125,4.0],"rotation":0,"texture":"#0","tintindex":0},"north":{"uv":[7.5,3.5,7.8125,3.75],"rotation":0,"texture":"#0","tintindex":0},"west":{"uv":[1.9375,8.125,2.0,8.375],"rotation":0,"texture":"#0","tintindex":0},"up":{"uv":[8.375,1.3125,8.0625,1.25],"rotation":0,"texture":"#0","tintindex":0},"down":{"uv":[8.375,1.3125,8.0625,1.375],"rotation":0,"texture":"#0","tintindex":0}}},{"from":[7.9030614,1.9744897,6.857143],"to":[8.045918,4.260204,9.142858],"rotation":{"angle":0.0,"axis":"y","origin":[10.188776,-4.882654,8.571428]},"faces":{"east":{"uv":[5.375,7.625,5.625,7.875],"rotation":0,"texture":"#0","tintindex":0},"south":{"uv":[2.0625,8.125,2.125,8.375],"rotation":0,"texture":"#0","tintindex":0},"north":{"uv":[2.0,8.125,2.0625,8.375],"rotation":0,"texture":"#0","tintindex":0},"west":{"uv":[7.625,6.0,7.875,6.25],"rotation":0,"texture":"#0","tintindex":0},"up":{"uv":[2.1875,8.375,2.125,8.125],"rotation":0,"texture":"#0","tintindex":0},"down":{"uv":[8.1875,2.125,8.125,2.375],"rotation":0,"texture":"#0","tintindex":0}}}],"textures":{"0":"modelengine:entity/valkiria"},"display":{"head":{"translation":[0.0,-6.4,0.0],"scale":[4.0,4.0,4.0]}}}