{"elements":[{"from":[7.9540815,1.9744897,6.714286],"to":[10.525511,4.260204,6.857143],"rotation":{"angle":0.0,"axis":"y","origin":[5.8112245,-4.882654,8.571428]},"faces":{"east":{"uv":[2.1875,8.125,2.25,8.375],"rotation":0,"texture":"#0","tintindex":0},"south":{"uv":[7.5,4.25,7.8125,4.5],"rotation":0,"texture":"#0","tintindex":0},"north":{"uv":[7.5,4.0,7.8125,4.25],"rotation":0,"texture":"#0","tintindex":0},"west":{"uv":[2.25,8.125,2.3125,8.375],"rotation":0,"texture":"#0","tintindex":0},"up":{"uv":[8.375,1.4375,8.0625,1.375],"rotation":0,"texture":"#0","tintindex":0},"down":{"uv":[8.375,2.5,8.0625,2.5625],"rotation":0,"texture":"#0","tintindex":0}}},{"from":[10.382653,1.9744897,6.857143],"to":[10.525511,4.260204,9.142858],"rotation":{"angle":0.0,"axis":"y","origin":[5.8112245,-4.882654,8.571428]},"faces":{"east":{"uv":[7.625,6.25,7.875,6.5],"rotation":0,"texture":"#0","tintindex":0},"south":{"uv":[2.375,8.125,2.4375,8.375],"rotation":0,"texture":"#0","tintindex":0},"north":{"uv":[2.3125,8.125,2.375,8.375],"rotation":0,"texture":"#0","tintindex":0},"west":{"uv":[7.625,6.875,7.875,7.125],"rotation":0,"texture":"#0","tintindex":0},"up":{"uv":[2.5,8.375,2.4375,8.125],"rotation":0,"texture":"#0","tintindex":0},"down":{"uv":[2.5625,8.125,2.5,8.375],"rotation":0,"texture":"#0","tintindex":0}}},{"from":[10.382653,4.260204,7.428571],"to":[10.525511,4.8316326,8.571428],"rotation":{"angle":0.0,"axis":"y","origin":[5.8112245,-4.882654,8.571428]},"faces":{"east":{"uv":[8.25,5.3125,8.375,5.375],"rotation":0,"texture":"#0","tintindex":0},"south":{"uv":[1.625,8.375,1.6875,8.4375],"rotation":0,"texture":"#0","tintindex":0},"north":{"uv":[8.375,1.5625,8.4375,1.625],"rotation":0,"texture":"#0","tintindex":0},"west":{"uv":[8.25,5.75,8.375,5.8125],"rotation":0,"texture":"#0","tintindex":0},"up":{"uv":[5.75,8.375,5.6875,8.25],"rotation":0,"texture":"#0","tintindex":0},"down":{"uv":[8.3125,5.8125,8.25,5.9375],"rotation":0,"texture":"#0","tintindex":0}}},{"from":[8.096939,1.9744897,6.857143],"to":[10.382653,8.831633,9.142858],"rotation":{"angle":0.0,"axis":"y","origin":[5.8112245,-4.882654,8.571428]},"faces":{"east":{"uv":[0.75,7.375,1.0,8.125],"rotation":0,"texture":"#0","tintindex":0},"south":{"uv":[1.0,7.375,1.25,8.125],"rotation":0,"texture":"#0","tintindex":0},"north":{"uv":[0.5,7.375,0.75,8.125],"rotation":0,"texture":"#0","tintindex":0},"west":{"uv":[1.25,7.375,1.5,8.125],"rotation":0,"texture":"#0","tintindex":0},"up":{"uv":[7.875,7.375,7.625,7.125],"rotation":0,"texture":"#0","tintindex":0},"down":{"uv":[7.625,7.625,7.375,7.875],"rotation":0,"texture":"#0","tintindex":0}}},{"from":[10.382653,5.403061,6.857143],"to":[10.525511,8.831633,9.142858],"rotation":{"angle":0.0,"axis":"y","origin":[5.8112245,-4.882654,8.571428]},"faces":{"east":{"uv":[7.375,7.25,7.625,7.625],"rotation":0,"texture":"#0","tintindex":0},"south":{"uv":[8.0625,2.125,8.125,2.5],"rotation":0,"texture":"#0","tintindex":0},"north":{"uv":[8.0625,1.625,8.125,2.0],"rotation":0,"texture":"#0","tintindex":0},"west":{"uv":[7.5,1.5,7.75,1.875],"rotation":0,"texture":"#0","tintindex":0},"up":{"uv":[2.625,8.375,2.5625,8.125],"rotation":0,"texture":"#0","tintindex":0},"down":{"uv":[2.6875,8.125,2.625,8.375],"rotation":0,"texture":"#0","tintindex":0}}},{"from":[9.239796,6.5459185,6.714286],"to":[10.525511,7.117347,6.857143],"rotation":{"angle":0.0,"axis":"y","origin":[5.8112245,-4.882654,8.571428]},"faces":{"east":{"uv":[8.375,1.625,8.4375,1.6875],"rotation":0,"texture":"#0","tintindex":0},"south":{"uv":[8.25,6.125,8.375,6.1875],"rotation":0,"texture":"#0","tintindex":0},"north":{"uv":[8.25,5.9375,8.375,6.0],"rotation":0,"texture":"#0","tintindex":0},"west":{"uv":[1.6875,8.375,1.75,8.4375],"rotation":0,"texture":"#0","tintindex":0},"up":{"uv":[8.375,6.25,8.25,6.1875],"rotation":0,"texture":"#0","tintindex":0},"down":{"uv":[8.375,6.25,8.25,6.3125],"rotation":0,"texture":"#0","tintindex":0}}},{"from":[9.811225,5.403061,6.714286],"to":[10.525511,6.5459185,6.857143],"rotation":{"angle":0.0,"axis":"y","origin":[5.8112245,-4.882654,8.571428]},"faces":{"east":{"uv":[8.25,6.4375,8.3125,6.5625],"rotation":0,"texture":"#0","tintindex":0},"south":{"uv":[8.25,6.5625,8.3125,6.6875],"rotation":0,"texture":"#0","tintindex":0},"north":{"uv":[8.25,6.3125,8.3125,6.4375],"rotation":0,"texture":"#0","tintindex":0},"west":{"uv":[8.25,7.1875,8.3125,7.3125],"rotation":0,"texture":"#0","tintindex":0},"up":{"uv":[8.4375,1.75,8.375,1.6875],"rotation":0,"texture":"#0","tintindex":0},"down":{"uv":[1.8125,8.375,1.75,8.4375],"rotation":0,"texture":"#0","tintindex":0}}},{"from":[8.668367,7.117347,6.714286],"to":[10.525511,8.831633,6.857143],"rotation":{"angle":0.0,"axis":"y","origin":[5.8112245,-4.882654,8.571428]},"faces":{"east":{"uv":[8.1875,4.1875,8.25,4.375],"rotation":0,"texture":"#0","tintindex":0},"south":{"uv":[6.5,7.8125,6.6875,8.0],"rotation":0,"texture":"#0","tintindex":0},"north":{"uv":[6.3125,7.8125,6.5,8.0],"rotation":0,"texture":"#0","tintindex":0},"west":{"uv":[8.1875,4.375,8.25,4.5625],"rotation":0,"texture":"#0","tintindex":0},"up":{"uv":[8.375,4.625,8.1875,4.5625],"rotation":0,"texture":"#0","tintindex":0},"down":{"uv":[8.375,4.625,8.1875,4.6875],"rotation":0,"texture":"#0","tintindex":0}}},{"from":[8.668367,8.831633,6.714286],"to":[10.525511,8.97449,9.285714],"rotation":{"angle":0.0,"axis":"y","origin":[5.8112245,-4.882654,8.571428]},"faces":{"east":{"uv":[8.0625,6.6875,8.375,6.75],"rotation":0,"texture":"#0","tintindex":0},"south":{"uv":[8.1875,4.75,8.375,4.8125],"rotation":0,"texture":"#0","tintindex":0},"north":{"uv":[8.1875,4.6875,8.375,4.75],"rotation":0,"texture":"#0","tintindex":0},"west":{"uv":[8.0625,6.75,8.375,6.8125],"rotation":0,"texture":"#0","tintindex":0},"up":{"uv":[8.0,4.125,7.8125,3.8125],"rotation":0,"texture":"#0","tintindex":0},"down":{"uv":[4.125,7.8125,3.9375,8.125],"rotation":0,"texture":"#0","tintindex":0}}},{"from":[7.9540815,1.9744897,9.142858],"to":[10.525511,4.260204,9.285714],"rotation":{"angle":0.0,"axis":"y","origin":[5.8112245,-4.882654,8.571428]},"faces":{"east":{"uv":[2.6875,8.125,2.75,8.375],"rotation":0,"texture":"#0","tintindex":0},"south":{"uv":[7.5,4.75,7.8125,5.0],"rotation":0,"texture":"#0","tintindex":0},"north":{"uv":[7.5,4.5,7.8125,4.75],"rotation":0,"texture":"#0","tintindex":0},"west":{"uv":[2.75,8.125,2.8125,8.375],"rotation":0,"texture":"#0","tintindex":0},"up":{"uv":[8.375,6.875,8.0625,6.8125],"rotation":0,"texture":"#0","tintindex":0},"down":{"uv":[8.375,6.875,8.0625,6.9375],"rotation":0,"texture":"#0","tintindex":0}}},{"from":[9.811225,5.403061,9.142858],"to":[10.525511,6.5459185,9.285714],"rotation":{"angle":0.0,"axis":"y","origin":[5.8112245,-4.882654,8.571428]},"faces":{"east":{"uv":[8.25,7.625,8.3125,7.75],"rotation":0,"texture":"#0","tintindex":0},"south":{"uv":[8.25,7.75,8.3125,7.875],"rotation":0,"texture":"#0","tintindex":0},"north":{"uv":[8.25,7.5,8.3125,7.625],"rotation":0,"texture":"#0","tintindex":0},"west":{"uv":[8.25,8.0,8.3125,8.125],"rotation":0,"texture":"#0","tintindex":0},"up":{"uv":[8.4375,1.8125,8.375,1.75],"rotation":0,"texture":"#0","tintindex":0},"down":{"uv":[1.875,8.375,1.8125,8.4375],"rotation":0,"texture":"#0","tintindex":0}}},{"from":[9.239796,6.5459185,9.142858],"to":[10.525511,7.117347,9.285714],"rotation":{"angle":0.0,"axis":"y","origin":[5.8112245,-4.882654,8.571428]},"faces":{"east":{"uv":[8.375,1.8125,8.4375,1.875],"rotation":0,"texture":"#0","tintindex":0},"south":{"uv":[8.25,8.125,8.375,8.1875],"rotation":0,"texture":"#0","tintindex":0},"north":{"uv":[8.25,7.3125,8.375,7.375],"rotation":0,"texture":"#0","tintindex":0},"west":{"uv":[1.875,8.375,1.9375,8.4375],"rotation":0,"texture":"#0","tintindex":0},"up":{"uv":[8.3125,8.3125,8.1875,8.25],"rotation":0,"texture":"#0","tintindex":0},"down":{"uv":[8.375,8.1875,8.25,8.25],"rotation":0,"texture":"#0","tintindex":0}}},{"from":[8.668367,7.117347,9.142858],"to":[10.525511,8.831633,9.285714],"rotation":{"angle":0.0,"axis":"y","origin":[5.8112245,-4.882654,8.571428]},"faces":{"east":{"uv":[8.1875,4.8125,8.25,5.0],"rotation":0,"texture":"#0","tintindex":0},"south":{"uv":[4.875,7.875,5.0625,8.0625],"rotation":0,"texture":"#0","tintindex":0},"north":{"uv":[7.875,1.25,8.0625,1.4375],"rotation":0,"texture":"#0","tintindex":0},"west":{"uv":[8.1875,5.1875,8.25,5.375],"rotation":0,"texture":"#0","tintindex":0},"up":{"uv":[8.375,5.4375,8.1875,5.375],"rotation":0,"texture":"#0","tintindex":0},"down":{"uv":[8.375,5.4375,8.1875,5.5],"rotation":0,"texture":"#0","tintindex":0}}},{"from":[7.9540815,1.9744897,6.857143],"to":[8.096939,4.260204,9.142858],"rotation":{"angle":0.0,"axis":"y","origin":[5.8112245,-4.882654,8.571428]},"faces":{"east":{"uv":[7.625,7.375,7.875,7.625],"rotation":0,"texture":"#0","tintindex":0},"south":{"uv":[2.875,8.125,2.9375,8.375],"rotation":0,"texture":"#0","tintindex":0},"north":{"uv":[2.8125,8.125,2.875,8.375],"rotation":0,"texture":"#0","tintindex":0},"west":{"uv":[7.625,7.625,7.875,7.875],"rotation":0,"texture":"#0","tintindex":0},"up":{"uv":[3.0,8.375,2.9375,8.125],"rotation":0,"texture":"#0","tintindex":0},"down":{"uv":[3.0625,8.125,3.0,8.375],"rotation":0,"texture":"#0","tintindex":0}}}],"textures":{"0":"modelengine:entity/valkiria"},"display":{"head":{"translation":[0.0,-6.4,0.0],"scale":[4.0,4.0,4.0]}}}