{"elements":[{"from":[6.857143,1.2307687,6.857143],"to":[9.142858,8.087913,9.142858],"rotation":{"angle":0.0,"axis":"y","origin":[6.857143,1.2307687,8.571428]},"faces":{"east":{"uv":[2.75,7.375,3.0,8.125],"rotation":0,"texture":"#0","tintindex":0},"south":{"uv":[3.0,7.375,3.25,8.125],"rotation":0,"texture":"#0","tintindex":0},"north":{"uv":[2.5,7.375,2.75,8.125],"rotation":0,"texture":"#0","tintindex":0},"west":{"uv":[3.25,7.375,3.5,8.125],"rotation":0,"texture":"#0","tintindex":0},"up":{"uv":[8.0,2.625,7.75,2.375],"rotation":0,"texture":"#0","tintindex":0},"down":{"uv":[8.0,2.625,7.75,2.875],"rotation":0,"texture":"#0","tintindex":0}}},{"from":[6.857143,1.2307687,6.714286],"to":[9.142858,3.5164833,6.857143],"rotation":{"angle":0.0,"axis":"y","origin":[6.857143,1.2307687,8.571428]},"faces":{"east":{"uv":[8.125,3.5,8.1875,3.75],"rotation":0,"texture":"#0","tintindex":0},"south":{"uv":[7.8125,1.75,8.0625,2.0],"rotation":0,"texture":"#0","tintindex":0},"north":{"uv":[6.6875,7.75,6.9375,8.0],"rotation":0,"texture":"#0","tintindex":0},"west":{"uv":[3.75,8.125,3.8125,8.375],"rotation":0,"texture":"#0","tintindex":0},"up":{"uv":[8.375,1.25,8.125,1.1875],"rotation":0,"texture":"#0","tintindex":0},"down":{"uv":[8.375,1.9375,8.125,2.0],"rotation":0,"texture":"#0","tintindex":0}}},{"from":[8.571428,3.5164833,9.142858],"to":[9.142858,4.087912,9.285714],"rotation":{"angle":0.0,"axis":"y","origin":[6.857143,1.2307687,8.571428]},"faces":{"east":{"uv":[3.9375,8.375,4.0,8.4375],"rotation":0,"texture":"#0","tintindex":0},"south":{"uv":[8.375,3.9375,8.4375,4.0],"rotation":0,"texture":"#0","tintindex":0},"north":{"uv":[8.375,3.875,8.4375,3.9375],"rotation":0,"texture":"#0","tintindex":0},"west":{"uv":[4.0,8.375,4.0625,8.4375],"rotation":0,"texture":"#0","tintindex":0},"up":{"uv":[8.4375,4.0625,8.375,4.0],"rotation":0,"texture":"#0","tintindex":0},"down":{"uv":[4.125,8.375,4.0625,8.4375],"rotation":0,"texture":"#0","tintindex":0}}},{"from":[8.571428,3.5164833,6.714286],"to":[9.142858,4.087912,6.857143],"rotation":{"angle":0.0,"axis":"y","origin":[6.857143,1.2307687,8.571428]},"faces":{"east":{"uv":[4.125,8.375,4.1875,8.4375],"rotation":0,"texture":"#0","tintindex":0},"south":{"uv":[8.375,4.125,8.4375,4.1875],"rotation":0,"texture":"#0","tintindex":0},"north":{"uv":[8.375,4.0625,8.4375,4.125],"rotation":0,"texture":"#0","tintindex":0},"west":{"uv":[4.1875,8.375,4.25,8.4375],"rotation":0,"texture":"#0","tintindex":0},"up":{"uv":[8.4375,4.25,8.375,4.1875],"rotation":0,"texture":"#0","tintindex":0},"down":{"uv":[4.3125,8.375,4.25,8.4375],"rotation":0,"texture":"#0","tintindex":0}}},{"from":[6.857143,1.2307687,9.142858],"to":[9.142858,3.5164833,9.285714],"rotation":{"angle":0.0,"axis":"y","origin":[6.857143,1.2307687,8.571428]},"faces":{"east":{"uv":[8.125,3.75,8.1875,4.0],"rotation":0,"texture":"#0","tintindex":0},"south":{"uv":[3.5,7.8125,3.75,8.0625],"rotation":0,"texture":"#0","tintindex":0},"north":{"uv":[7.8125,3.25,8.0625,3.5],"rotation":0,"texture":"#0","tintindex":0},"west":{"uv":[3.8125,8.125,3.875,8.375],"rotation":0,"texture":"#0","tintindex":0},"up":{"uv":[8.375,2.4375,8.125,2.375],"rotation":0,"texture":"#0","tintindex":0},"down":{"uv":[8.375,2.4375,8.125,2.5],"rotation":0,"texture":"#0","tintindex":0}}},{"from":[9.142858,3.5164833,8.571428],"to":[9.285714,4.087912,9.285714],"rotation":{"angle":0.0,"axis":"y","origin":[6.857143,1.2307687,8.571428]},"faces":{"east":{"uv":[4.3125,8.375,4.375,8.4375],"rotation":0,"texture":"#0","tintindex":0},"south":{"uv":[8.375,4.3125,8.4375,4.375],"rotation":0,"texture":"#0","tintindex":0},"north":{"uv":[8.375,4.25,8.4375,4.3125],"rotation":0,"texture":"#0","tintindex":0},"west":{"uv":[4.375,8.375,4.4375,8.4375],"rotation":0,"texture":"#0","tintindex":0},"up":{"uv":[8.4375,4.4375,8.375,4.375],"rotation":0,"texture":"#0","tintindex":0},"down":{"uv":[4.5,8.375,4.4375,8.4375],"rotation":0,"texture":"#0","tintindex":0}}},{"from":[9.142858,3.5164833,6.714286],"to":[9.285714,4.087912,7.428571],"rotation":{"angle":0.0,"axis":"y","origin":[6.857143,1.2307687,8.571428]},"faces":{"east":{"uv":[4.5,8.375,4.5625,8.4375],"rotation":0,"texture":"#0","tintindex":0},"south":{"uv":[8.375,4.5,8.4375,4.5625],"rotation":0,"texture":"#0","tintindex":0},"north":{"uv":[8.375,4.4375,8.4375,4.5],"rotation":0,"texture":"#0","tintindex":0},"west":{"uv":[4.5625,8.375,4.625,8.4375],"rotation":0,"texture":"#0","tintindex":0},"up":{"uv":[8.4375,4.625,8.375,4.5625],"rotation":0,"texture":"#0","tintindex":0},"down":{"uv":[4.6875,8.375,4.625,8.4375],"rotation":0,"texture":"#0","tintindex":0}}},{"from":[6.857143,3.5164833,6.714286],"to":[7.428571,4.087912,6.857143],"rotation":{"angle":0.0,"axis":"y","origin":[6.857143,1.2307687,8.571428]},"faces":{"east":{"uv":[8.375,4.6875,8.4375,4.75],"rotation":0,"texture":"#0","tintindex":0},"south":{"uv":[4.75,8.375,4.8125,8.4375],"rotation":0,"texture":"#0","tintindex":0},"north":{"uv":[8.375,4.625,8.4375,4.6875],"rotation":0,"texture":"#0","tintindex":0},"west":{"uv":[8.375,4.75,8.4375,4.8125],"rotation":0,"texture":"#0","tintindex":0},"up":{"uv":[4.875,8.4375,4.8125,8.375],"rotation":0,"texture":"#0","tintindex":0},"down":{"uv":[8.4375,4.8125,8.375,4.875],"rotation":0,"texture":"#0","tintindex":0}}},{"from":[6.857143,3.5164833,9.142858],"to":[7.428571,4.087912,9.285714],"rotation":{"angle":0.0,"axis":"y","origin":[6.857143,1.2307687,8.571428]},"faces":{"east":{"uv":[8.375,4.875,8.4375,4.9375],"rotation":0,"texture":"#0","tintindex":0},"south":{"uv":[4.9375,8.375,5.0,8.4375],"rotation":0,"texture":"#0","tintindex":0},"north":{"uv":[4.875,8.375,4.9375,8.4375],"rotation":0,"texture":"#0","tintindex":0},"west":{"uv":[8.375,4.9375,8.4375,5.0],"rotation":0,"texture":"#0","tintindex":0},"up":{"uv":[5.0625,8.4375,5.0,8.375],"rotation":0,"texture":"#0","tintindex":0},"down":{"uv":[8.4375,5.0,8.375,5.0625],"rotation":0,"texture":"#0","tintindex":0}}},{"from":[9.142858,1.2307687,6.714286],"to":[9.285714,3.5164833,9.285714],"rotation":{"angle":0.0,"axis":"y","origin":[6.857143,1.2307687,8.571428]},"faces":{"east":{"uv":[5.75,7.5625,6.0625,7.8125],"rotation":0,"texture":"#0","tintindex":0},"south":{"uv":[3.9375,8.125,4.0,8.375],"rotation":0,"texture":"#0","tintindex":0},"north":{"uv":[3.875,8.125,3.9375,8.375],"rotation":0,"texture":"#0","tintindex":0},"west":{"uv":[6.0625,7.5625,6.375,7.8125],"rotation":0,"texture":"#0","tintindex":0},"up":{"uv":[8.1875,0.3125,8.125,0.0],"rotation":0,"texture":"#0","tintindex":0},"down":{"uv":[0.125,8.125,0.0625,8.4375],"rotation":0,"texture":"#0","tintindex":0}}},{"from":[6.714286,3.5164833,8.571428],"to":[6.857143,4.087912,9.285714],"rotation":{"angle":0.0,"axis":"y","origin":[6.857143,1.2307687,8.571428]},"faces":{"east":{"uv":[8.375,5.0625,8.4375,5.125],"rotation":0,"texture":"#0","tintindex":0},"south":{"uv":[5.125,8.375,5.1875,8.4375],"rotation":0,"texture":"#0","tintindex":0},"north":{"uv":[5.0625,8.375,5.125,8.4375],"rotation":0,"texture":"#0","tintindex":0},"west":{"uv":[8.375,5.125,8.4375,5.1875],"rotation":0,"texture":"#0","tintindex":0},"up":{"uv":[5.25,8.4375,5.1875,8.375],"rotation":0,"texture":"#0","tintindex":0},"down":{"uv":[8.4375,5.1875,8.375,5.25],"rotation":0,"texture":"#0","tintindex":0}}},{"from":[6.714286,3.5164833,6.714286],"to":[6.857143,4.087912,7.428571],"rotation":{"angle":0.0,"axis":"y","origin":[6.857143,1.2307687,8.571428]},"faces":{"east":{"uv":[8.375,5.25,8.4375,5.3125],"rotation":0,"texture":"#0","tintindex":0},"south":{"uv":[5.3125,8.375,5.375,8.4375],"rotation":0,"texture":"#0","tintindex":0},"north":{"uv":[5.25,8.375,5.3125,8.4375],"rotation":0,"texture":"#0","tintindex":0},"west":{"uv":[8.375,5.3125,8.4375,5.375],"rotation":0,"texture":"#0","tintindex":0},"up":{"uv":[5.4375,8.4375,5.375,8.375],"rotation":0,"texture":"#0","tintindex":0},"down":{"uv":[8.4375,5.375,8.375,5.4375],"rotation":0,"texture":"#0","tintindex":0}}},{"from":[6.714286,1.2307687,6.714286],"to":[6.857143,3.5164833,9.285714],"rotation":{"angle":0.0,"axis":"y","origin":[6.857143,1.2307687,8.571428]},"faces":{"east":{"uv":[6.375,7.5625,6.6875,7.8125],"rotation":0,"texture":"#0","tintindex":0},"south":{"uv":[8.125,4.0,8.1875,4.25],"rotation":0,"texture":"#0","tintindex":0},"north":{"uv":[4.0,8.125,4.0625,8.375],"rotation":0,"texture":"#0","tintindex":0},"west":{"uv":[7.625,0.0,7.9375,0.25],"rotation":0,"texture":"#0","tintindex":0},"up":{"uv":[0.1875,8.4375,0.125,8.125],"rotation":0,"texture":"#0","tintindex":0},"down":{"uv":[0.25,8.125,0.1875,8.4375],"rotation":0,"texture":"#0","tintindex":0}}}],"textures":{"0":"modelengine:entity/valkiria"},"display":{"head":{"translation":[0.0,-6.4,0.0],"scale":[4.0,4.0,4.0]}}}