{"elements":[{"from":[7.428571,7.428571,1.1428576],"to":[8.571428,8.571428,21.714287],"rotation":{"angle":0.0,"axis":"y","origin":[4.5714283,0.0,14.857144]},"faces":{"east":{"uv":[4.5,3.0,9.0,3.25],"rotation":0,"texture":"#3","tintindex":0},"south":{"uv":[5.25,5.25,5.5,5.5],"rotation":0,"texture":"#3","tintindex":0},"north":{"uv":[5.0,5.25,5.25,5.5],"rotation":0,"texture":"#3","tintindex":0},"west":{"uv":[4.5,3.25,9.0,3.5],"rotation":0,"texture":"#3","tintindex":0},"up":{"uv":[4.75,8.0,4.5,3.5],"rotation":0,"texture":"#3","tintindex":0},"down":{"uv":[5.0,3.5,4.75,8.0],"rotation":0,"texture":"#3","tintindex":0}}},{"from":[7.857143,7.714286,-2.285715],"to":[8.142858,8.285714,0.57142925],"rotation":{"angle":0.0,"axis":"y","origin":[4.5714283,0.0,14.857144]},"faces":{"east":{"uv":[5.0,5.0,5.625,5.125],"rotation":0,"texture":"#3","tintindex":0},"south":{"uv":[2.625,5.5,2.6875,5.625],"rotation":0,"texture":"#3","tintindex":0},"north":{"uv":[2.5,5.5,2.5625,5.625],"rotation":0,"texture":"#3","tintindex":0},"west":{"uv":[5.0,5.125,5.625,5.25],"rotation":0,"texture":"#3","tintindex":0},"up":{"uv":[1.0625,6.125,1.0,5.5],"rotation":0,"texture":"#3","tintindex":0},"down":{"uv":[1.1875,5.5,1.125,6.125],"rotation":0,"texture":"#3","tintindex":0}}},{"from":[7.857143,8.285714,-1.1428566],"to":[8.142858,8.857143,0.57142925],"rotation":{"angle":0.0,"axis":"y","origin":[4.5714283,0.0,14.857144]},"faces":{"east":{"uv":[5.375,3.5,5.75,3.625],"rotation":0,"texture":"#3","tintindex":0},"south":{"uv":[2.875,5.5,2.9375,5.625],"rotation":0,"texture":"#3","tintindex":0},"north":{"uv":[2.75,5.5,2.8125,5.625],"rotation":0,"texture":"#3","tintindex":0},"west":{"uv":[5.375,3.625,5.75,3.75],"rotation":0,"texture":"#3","tintindex":0},"up":{"uv":[1.8125,5.875,1.75,5.5],"rotation":0,"texture":"#3","tintindex":0},"down":{"uv":[1.9375,5.5,1.875,5.875],"rotation":0,"texture":"#3","tintindex":0}}},{"from":[7.857143,7.142857,-1.1428566],"to":[8.142858,7.714286,0.57142925],"rotation":{"angle":0.0,"axis":"y","origin":[4.5714283,0.0,14.857144]},"faces":{"east":{"uv":[5.375,3.75,5.75,3.875],"rotation":0,"texture":"#3","tintindex":0},"south":{"uv":[3.125,5.5,3.1875,5.625],"rotation":0,"texture":"#3","tintindex":0},"north":{"uv":[3.0,5.5,3.0625,5.625],"rotation":0,"texture":"#3","tintindex":0},"west":{"uv":[5.375,3.875,5.75,4.0],"rotation":0,"texture":"#3","tintindex":0},"up":{"uv":[2.0625,5.875,2.0,5.5],"rotation":0,"texture":"#3","tintindex":0},"down":{"uv":[2.1875,5.5,2.125,5.875],"rotation":0,"texture":"#3","tintindex":0}}},{"from":[7.857143,7.714286,22.285717],"to":[8.142858,8.285714,23.428574],"rotation":{"angle":0.0,"axis":"y","origin":[4.5714283,0.0,14.857144]},"faces":{"east":{"uv":[1.25,5.5,1.5,5.625],"rotation":0,"texture":"#3","tintindex":0},"south":{"uv":[3.375,5.5,3.4375,5.625],"rotation":0,"texture":"#3","tintindex":0},"north":{"uv":[3.25,5.5,3.3125,5.625],"rotation":0,"texture":"#3","tintindex":0},"west":{"uv":[1.5,5.5,1.75,5.625],"rotation":0,"texture":"#3","tintindex":0},"up":{"uv":[2.3125,5.75,2.25,5.5],"rotation":0,"texture":"#3","tintindex":0},"down":{"uv":[2.4375,5.5,2.375,5.75],"rotation":0,"texture":"#3","tintindex":0}}},{"from":[7.142857,7.142857,0.57142925],"to":[8.857143,8.857143,1.1428576],"rotation":{"angle":0.0,"axis":"y","origin":[4.5714283,0.0,14.857144]},"faces":{"east":{"uv":[5.375,4.0,5.5,4.375],"rotation":0,"texture":"#3","tintindex":0},"south":{"uv":[5.0,3.875,5.375,4.25],"rotation":0,"texture":"#3","tintindex":0},"north":{"uv":[5.0,3.5,5.375,3.875],"rotation":0,"texture":"#3","tintindex":0},"west":{"uv":[5.375,4.375,5.5,4.75],"rotation":0,"texture":"#3","tintindex":0},"up":{"uv":[5.75,4.875,5.375,4.75],"rotation":0,"texture":"#3","tintindex":0},"down":{"uv":[5.75,4.875,5.375,5.0],"rotation":0,"texture":"#3","tintindex":0}}},{"from":[7.142857,7.142857,21.714287],"to":[8.857143,8.857143,22.285717],"rotation":{"angle":0.0,"axis":"y","origin":[4.5714283,0.0,14.857144]},"faces":{"east":{"uv":[0.0,5.5,0.125,5.875],"rotation":0,"texture":"#3","tintindex":0},"south":{"uv":[5.0,4.625,5.375,5.0],"rotation":0,"texture":"#3","tintindex":0},"north":{"uv":[5.0,4.25,5.375,4.625],"rotation":0,"texture":"#3","tintindex":0},"west":{"uv":[0.125,5.5,0.25,5.875],"rotation":0,"texture":"#3","tintindex":0},"up":{"uv":[0.625,5.625,0.25,5.5],"rotation":0,"texture":"#3","tintindex":0},"down":{"uv":[1.0,5.5,0.625,5.625],"rotation":0,"texture":"#3","tintindex":0}}},{"from":[8.0,1.7142854,-16.0],"to":[8.0,14.285715,4.5714293],"rotation":{"angle":0.0,"axis":"y","origin":[4.5714283,0.0,14.857144]},"faces":{"east":{"uv":[0.0,0.0,4.5,2.75],"rotation":0,"texture":"#3","tintindex":0},"south":{"uv":[0.0,0.0,0.0,2.75],"rotation":0,"texture":"#3","tintindex":0},"north":{"uv":[0.0,0.0,0.0,2.75],"rotation":0,"texture":"#3","tintindex":0},"west":{"uv":[0.0,2.75,4.5,5.5],"rotation":0,"texture":"#3","tintindex":0},"up":{"uv":[0.0,4.5,0.0,0.0],"rotation":0,"texture":"#3","tintindex":0},"down":{"uv":[0.0,0.0,0.0,4.5],"rotation":0,"texture":"#3","tintindex":0}}},{"from":[8.0,4.5714283,22.285717],"to":[8.0,11.428572,30.285715],"rotation":{"angle":0.0,"axis":"y","origin":[4.5714283,0.0,14.857144]},"faces":{"east":{"uv":[4.5,0.0,6.25,1.5],"rotation":0,"texture":"#3","tintindex":0},"south":{"uv":[0.0,0.0,0.0,1.5],"rotation":0,"texture":"#3","tintindex":0},"north":{"uv":[0.0,0.0,0.0,1.5],"rotation":0,"texture":"#3","tintindex":0},"west":{"uv":[4.5,1.5,6.25,3.0],"rotation":0,"texture":"#3","tintindex":0},"up":{"uv":[0.0,1.75,0.0,0.0],"rotation":0,"texture":"#3","tintindex":0},"down":{"uv":[0.0,0.0,0.0,1.75],"rotation":0,"texture":"#3","tintindex":0}}}],"textures":{"3":"modelengine:entity/arma"},"display":{"head":{"translation":[0.0,-6.4,-24.634926],"scale":[4.0,4.0,4.0]}}}