{"elements":[{"from":[5.714286,8.0,6.857143],"to":[10.285714,14.857143,9.142858],"rotation":{"angle":0.0,"axis":"y","origin":[9.714286,8.0,7.428571]},"faces":{"east":{"uv":[8.5,11.0,9.5,14.0],"rotation":0,"texture":"#0","tintindex":0},"south":{"uv":[2.5,3.0,4.5,6.0],"rotation":0,"texture":"#0","tintindex":0},"north":{"uv":[2.5,0.0,4.5,3.0],"rotation":0,"texture":"#0","tintindex":0},"west":{"uv":[11.5,2.25,12.5,5.25],"rotation":0,"texture":"#0","tintindex":0},"up":{"uv":[14.5,3.25,12.5,2.25],"rotation":0,"texture":"#0","tintindex":0},"down":{"uv":[14.5,3.25,12.5,4.25],"rotation":0,"texture":"#0","tintindex":0}}}],"textures":{"0":"modelengine:entity/salvaje2"},"display":{"head":{"translation":[0.0,-6.4,0.0],"scale":[4.0,4.0,4.0]}}}