{"elements":[{"from":[5.714286,8.143387,6.078318],"to":[10.285714,12.714815,10.078318],"rotation":{"angle":0.0,"axis":"y","origin":[9.714286,1.286243,7.221175]},"faces":{"east":{"uv":[6.5,0.0,8.25,2.0],"rotation":0,"texture":"#0","tintindex":0},"south":{"uv":[4.5,2.0,6.5,4.0],"rotation":0,"texture":"#0","tintindex":0},"north":{"uv":[4.5,0.0,6.5,2.0],"rotation":0,"texture":"#0","tintindex":0},"west":{"uv":[6.5,2.0,8.25,4.0],"rotation":0,"texture":"#0","tintindex":0},"up":{"uv":[9.5,5.75,7.5,4.0],"rotation":0,"texture":"#0","tintindex":0},"down":{"uv":[9.5,5.75,7.5,7.5],"rotation":0,"texture":"#0","tintindex":0}}},{"from":[5.142857,7.571958,4.935461],"to":[10.857143,13.286243,6.078318],"rotation":{"angle":0.0,"axis":"y","origin":[9.714286,1.286243,6.6497464]},"faces":{"east":{"uv":[7.0,8.0,7.5,10.5],"rotation":0,"texture":"#0","tintindex":0},"south":{"uv":[0.0,2.5,2.5,5.0],"rotation":0,"texture":"#0","tintindex":0},"north":{"uv":[0.0,0.0,2.5,2.5],"rotation":0,"texture":"#0","tintindex":0},"west":{"uv":[3.5,8.5,4.0,11.0],"rotation":0,"texture":"#0","tintindex":0},"up":{"uv":[14.0,10.25,11.5,9.75],"rotation":0,"texture":"#0","tintindex":0},"down":{"uv":[15.0,4.25,12.5,4.75],"rotation":0,"texture":"#0","tintindex":0}}},{"from":[5.142857,1.8576717,4.935461],"to":[10.857143,7.571958,6.078318],"rotation":{"angle":0.0,"axis":"y","origin":[9.714286,-4.4280424,6.6497464]},"faces":{"east":{"uv":[5.0,0.0,6.0,5.0],"rotation":0,"texture":"#1","tintindex":0},"south":{"uv":[0.0,5.0,5.0,10.0],"rotation":0,"texture":"#1","tintindex":0},"north":{"uv":[0.0,0.0,5.0,5.0],"rotation":0,"texture":"#1","tintindex":0},"west":{"uv":[5.0,5.0,6.0,10.0],"rotation":0,"texture":"#1","tintindex":0},"up":{"uv":[11.0,1.0,6.0,0.0],"rotation":0,"texture":"#1","tintindex":0},"down":{"uv":[11.0,1.0,6.0,2.0],"rotation":0,"texture":"#1","tintindex":0}}},{"from":[5.142857,13.286243,6.078318],"to":[10.857143,16.714815,6.078318],"rotation":{"angle":22.5,"axis":"x","origin":[8.0,13.286243,6.078318]},"faces":{"east":{"uv":[0.0,0.0,0.0,1.5],"rotation":0,"texture":"#0","tintindex":0},"south":{"uv":[0.0,5.0,2.5,6.5],"rotation":0,"texture":"#0","tintindex":0},"north":{"uv":[4.5,4.0,7.0,5.5],"rotation":0,"texture":"#0","tintindex":0},"west":{"uv":[0.0,0.0,0.0,1.5],"rotation":0,"texture":"#0","tintindex":0},"up":{"uv":[2.5,0.0,0.0,0.0],"rotation":0,"texture":"#0","tintindex":0},"down":{"uv":[2.5,0.0,0.0,0.0],"rotation":0,"texture":"#0","tintindex":0}}},{"from":[6.285714,13.286243,5.5068893],"to":[9.714286,16.714815,5.5068893],"rotation":{"angle":0.0,"axis":"y","origin":[8.0,13.286243,5.5068893]},"faces":{"east":{"uv":[0.0,0.0,0.0,1.5],"rotation":0,"texture":"#0","tintindex":0},"south":{"uv":[5.0,11.5,6.5,13.0],"rotation":0,"texture":"#0","tintindex":0},"north":{"uv":[3.5,11.5,5.0,13.0],"rotation":0,"texture":"#0","tintindex":0},"west":{"uv":[0.0,0.0,0.0,1.5],"rotation":0,"texture":"#0","tintindex":0},"up":{"uv":[1.5,0.0,0.0,0.0],"rotation":0,"texture":"#0","tintindex":0},"down":{"uv":[1.5,0.0,0.0,0.0],"rotation":0,"texture":"#0","tintindex":0}}},{"from":[2.2857141,10.429101,5.5068893],"to":[5.714286,15.571959,5.5068893],"rotation":{"angle":45.0,"axis":"z","origin":[4.0,14.429101,5.5068893]},"faces":{"east":{"uv":[0.0,0.0,0.0,2.25],"rotation":0,"texture":"#0","tintindex":0},"south":{"uv":[7.0,11.0,8.5,13.25],"rotation":0,"texture":"#0","tintindex":0},"north":{"uv":[9.5,10.5,11.0,12.75],"rotation":0,"texture":"#0","tintindex":0},"west":{"uv":[0.0,0.0,0.0,2.25],"rotation":0,"texture":"#0","tintindex":0},"up":{"uv":[1.5,0.0,0.0,0.0],"rotation":0,"texture":"#0","tintindex":0},"down":{"uv":[1.5,0.0,0.0,0.0],"rotation":0,"texture":"#0","tintindex":0}}},{"from":[10.285714,10.429101,5.5068893],"to":[13.714286,15.571959,5.5068893],"rotation":{"angle":-45.0,"axis":"z","origin":[12.0,14.429101,5.5068893]},"faces":{"east":{"uv":[0.0,0.0,0.0,2.25],"rotation":0,"texture":"#0","tintindex":0},"south":{"uv":[11.25,0.0,12.75,2.25],"rotation":0,"texture":"#0","tintindex":0},"north":{"uv":[11.0,10.5,12.5,12.75],"rotation":0,"texture":"#0","tintindex":0},"west":{"uv":[0.0,0.0,0.0,2.25],"rotation":0,"texture":"#0","tintindex":0},"up":{"uv":[1.5,0.0,0.0,0.0],"rotation":0,"texture":"#0","tintindex":0},"down":{"uv":[1.5,0.0,0.0,0.0],"rotation":0,"texture":"#0","tintindex":0}}},{"from":[1.7142854,7.571958,6.078318],"to":[5.142857,13.286243,6.078318],"rotation":{"angle":22.5,"axis":"y","origin":[5.142857,10.429101,6.078318]},"faces":{"east":{"uv":[0.0,0.0,0.0,2.5],"rotation":0,"texture":"#0","tintindex":0},"south":{"uv":[2.5,6.0,4.0,8.5],"rotation":0,"texture":"#0","tintindex":0},"north":{"uv":[4.5,5.5,6.0,8.0],"rotation":0,"texture":"#0","tintindex":0},"west":{"uv":[0.0,0.0,0.0,2.5],"rotation":0,"texture":"#0","tintindex":0},"up":{"uv":[1.5,0.0,0.0,0.0],"rotation":0,"texture":"#0","tintindex":0},"down":{"uv":[1.5,0.0,0.0,0.0],"rotation":0,"texture":"#0","tintindex":0}}},{"from":[1.7142854,8.714815,5.5068893],"to":[5.142857,12.143387,5.5068893],"rotation":{"angle":0.0,"axis":"y","origin":[5.142857,10.429101,5.5068893]},"faces":{"east":{"uv":[0.0,0.0,0.0,1.5],"rotation":0,"texture":"#0","tintindex":0},"south":{"uv":[11.5,6.75,13.0,8.25],"rotation":0,"texture":"#0","tintindex":0},"north":{"uv":[11.5,5.25,13.0,6.75],"rotation":0,"texture":"#0","tintindex":0},"west":{"uv":[0.0,0.0,0.0,1.5],"rotation":0,"texture":"#0","tintindex":0},"up":{"uv":[1.5,0.0,0.0,0.0],"rotation":0,"texture":"#0","tintindex":0},"down":{"uv":[1.5,0.0,0.0,0.0],"rotation":0,"texture":"#0","tintindex":0}}},{"from":[10.857143,8.714815,5.5068893],"to":[14.285715,12.143387,5.5068893],"rotation":{"angle":0.0,"axis":"y","origin":[14.285715,10.429101,5.5068893]},"faces":{"east":{"uv":[0.0,0.0,0.0,1.5],"rotation":0,"texture":"#0","tintindex":0},"south":{"uv":[2.0,12.0,3.5,13.5],"rotation":0,"texture":"#0","tintindex":0},"north":{"uv":[11.5,8.25,13.0,9.75],"rotation":0,"texture":"#0","tintindex":0},"west":{"uv":[0.0,0.0,0.0,1.5],"rotation":0,"texture":"#0","tintindex":0},"up":{"uv":[1.5,0.0,0.0,0.0],"rotation":0,"texture":"#0","tintindex":0},"down":{"uv":[1.5,0.0,0.0,0.0],"rotation":0,"texture":"#0","tintindex":0}}},{"from":[10.857143,7.571958,6.078318],"to":[14.285715,13.286243,6.078318],"rotation":{"angle":-22.5,"axis":"y","origin":[10.857143,10.429101,6.078318]},"faces":{"east":{"uv":[0.0,0.0,0.0,2.5],"rotation":0,"texture":"#0","tintindex":0},"south":{"uv":[0.0,6.5,1.5,9.0],"rotation":0,"texture":"#0","tintindex":0},"north":{"uv":[6.0,5.5,7.5,8.0],"rotation":0,"texture":"#0","tintindex":0},"west":{"uv":[0.0,0.0,0.0,2.5],"rotation":0,"texture":"#0","tintindex":0},"up":{"uv":[1.5,0.0,0.0,0.0],"rotation":0,"texture":"#0","tintindex":0},"down":{"uv":[1.5,0.0,0.0,0.0],"rotation":0,"texture":"#0","tintindex":0}}},{"from":[5.142857,9.857672,7.221175],"to":[5.714286,11.000529,10.649747],"rotation":{"angle":0.0,"axis":"y","origin":[10.285714,1.286243,7.221175]},"faces":{"east":{"uv":[12.5,12.75,14.0,13.25],"rotation":0,"texture":"#0","tintindex":0},"south":{"uv":[4.25,7.5,4.5,8.0],"rotation":0,"texture":"#0","tintindex":0},"north":{"uv":[4.0,7.5,4.25,8.0],"rotation":0,"texture":"#0","tintindex":0},"west":{"uv":[3.5,13.0,5.0,13.5],"rotation":0,"texture":"#0","tintindex":0},"up":{"uv":[13.25,7.5,13.0,6.0],"rotation":0,"texture":"#0","tintindex":0},"down":{"uv":[6.75,13.0,6.5,14.5],"rotation":0,"texture":"#0","tintindex":0}}},{"from":[5.142857,8.714815,6.078318],"to":[5.714286,12.143387,7.221175],"rotation":{"angle":0.0,"axis":"y","origin":[10.285714,2.4291005,7.221175]},"faces":{"east":{"uv":[4.0,6.0,4.5,7.5],"rotation":0,"texture":"#0","tintindex":0},"south":{"uv":[13.0,7.5,13.25,9.0],"rotation":0,"texture":"#0","tintindex":0},"north":{"uv":[6.75,13.0,7.0,14.5],"rotation":0,"texture":"#0","tintindex":0},"west":{"uv":[7.0,4.0,7.5,5.5],"rotation":0,"texture":"#0","tintindex":0},"up":{"uv":[8.5,4.0,8.25,3.5],"rotation":0,"texture":"#0","tintindex":0},"down":{"uv":[8.75,3.5,8.5,4.0],"rotation":0,"texture":"#0","tintindex":0}}},{"from":[10.285714,8.714815,6.078318],"to":[10.857143,12.143387,7.221175],"rotation":{"angle":0.0,"axis":"y","origin":[15.428572,2.4291005,7.221175]},"faces":{"east":{"uv":[2.0,10.0,2.5,11.5],"rotation":0,"texture":"#0","tintindex":0},"south":{"uv":[7.0,13.25,7.25,14.75],"rotation":0,"texture":"#0","tintindex":0},"north":{"uv":[13.25,6.0,13.5,7.5],"rotation":0,"texture":"#0","tintindex":0},"west":{"uv":[6.5,11.5,7.0,13.0],"rotation":0,"texture":"#0","tintindex":0},"up":{"uv":[9.0,4.0,8.75,3.5],"rotation":0,"texture":"#0","tintindex":0},"down":{"uv":[1.25,9.0,1.0,9.5],"rotation":0,"texture":"#0","tintindex":0}}},{"from":[10.285714,9.857672,7.221175],"to":[10.857143,11.000529,10.649747],"rotation":{"angle":0.0,"axis":"y","origin":[15.428572,1.286243,7.221175]},"faces":{"east":{"uv":[5.0,13.0,6.5,13.5],"rotation":0,"texture":"#0","tintindex":0},"south":{"uv":[9.0,3.5,9.25,4.0],"rotation":0,"texture":"#0","tintindex":0},"north":{"uv":[1.25,9.0,1.5,9.5],"rotation":0,"texture":"#0","tintindex":0},"west":{"uv":[13.0,5.25,14.5,5.75],"rotation":0,"texture":"#0","tintindex":0},"up":{"uv":[7.5,14.75,7.25,13.25],"rotation":0,"texture":"#0","tintindex":0},"down":{"uv":[7.75,13.25,7.5,14.75],"rotation":0,"texture":"#0","tintindex":0}}},{"from":[5.714286,9.857672,10.078318],"to":[10.285714,11.000529,10.649747],"rotation":{"angle":0.0,"axis":"y","origin":[14.857143,1.286243,7.221175]},"faces":{"east":{"uv":[9.25,3.5,9.5,4.0],"rotation":0,"texture":"#0","tintindex":0},"south":{"uv":[12.5,10.25,14.5,10.75],"rotation":0,"texture":"#0","tintindex":0},"north":{"uv":[12.5,4.75,14.5,5.25],"rotation":0,"texture":"#0","tintindex":0},"west":{"uv":[1.0,9.5,1.25,10.0],"rotation":0,"texture":"#0","tintindex":0},"up":{"uv":[14.75,2.25,12.75,2.0],"rotation":0,"texture":"#0","tintindex":0},"down":{"uv":[15.0,5.75,13.0,6.0],"rotation":0,"texture":"#0","tintindex":0}}}],"textures":{"0":"modelengine:entity/salvaje2","1":"modelengine:entity/mascara"},"display":{"head":{"translation":[0.0,-6.4,0.0],"scale":[4.0,4.0,4.0]}}}