{"elements":[{"from":[6.857143,0.0,6.857143],"to":[9.142858,8.0,9.142858],"rotation":{"angle":0.0,"axis":"y","origin":[8.571428,0.0,7.428571]},"faces":{"east":{"uv":[9.25,0.0,10.25,3.5],"rotation":0,"texture":"#0","tintindex":0},"south":{"uv":[9.5,3.5,10.5,7.0],"rotation":0,"texture":"#0","tintindex":0},"north":{"uv":[0.0,9.0,1.0,12.5],"rotation":0,"texture":"#0","tintindex":0},"west":{"uv":[9.5,7.0,10.5,10.5],"rotation":0,"texture":"#0","tintindex":0},"up":{"uv":[13.75,2.0,12.75,1.0],"rotation":0,"texture":"#0","tintindex":0},"down":{"uv":[10.5,12.75,9.5,13.75],"rotation":0,"texture":"#0","tintindex":0}}}],"textures":{"0":"modelengine:entity/salvaje2"},"display":{"head":{"translation":[0.0,-6.4,0.0],"scale":[4.0,4.0,4.0]}}}