{"elements":[{"from":[4.5714283,8.0,5.714286],"to":[11.428572,19.428572,10.285714],"rotation":{"angle":0.0,"axis":"y","origin":[8.0,-5.714287,8.0]},"faces":{"east":{"uv":[8.0,4.5,9.0,7.0],"rotation":0,"texture":"#0","tintindex":0},"south":{"uv":[6.5,7.0,8.0,9.5],"rotation":0,"texture":"#0","tintindex":0},"north":{"uv":[6.5,4.5,8.0,7.0],"rotation":0,"texture":"#0","tintindex":0},"west":{"uv":[8.0,7.0,9.0,9.5],"rotation":0,"texture":"#0","tintindex":0},"up":{"uv":[3.5,10.0,2.0,9.0],"rotation":0,"texture":"#0","tintindex":0},"down":{"uv":[10.5,2.25,9.0,3.25],"rotation":0,"texture":"#0","tintindex":0}}}],"textures":{"0":"modelengine:entity/ent_superior"},"display":{"head":{"translation":[0.0,-6.4,0.0],"scale":[4.0,4.0,4.0]}}}