{"elements":[{"from":[7.142857,8.114285,5.714286],"to":[8.857143,12.685715,6.857143],"rotation":{"angle":0.0,"axis":"y","origin":[8.0,-17.028572,9.142858]},"faces":{"east":{"uv":[1.5,11.75,1.75,12.75],"rotation":0,"texture":"#0","tintindex":0},"south":{"uv":[2.875,11.625,3.25,12.625],"rotation":0,"texture":"#0","tintindex":0},"north":{"uv":[6.0,9.625,6.375,10.625],"rotation":0,"texture":"#0","tintindex":0},"west":{"uv":[12.0,2.25,12.25,3.25],"rotation":0,"texture":"#0","tintindex":0},"up":{"uv":[10.375,7.25,10.0,7.0],"rotation":0,"texture":"#0","tintindex":0},"down":{"uv":[6.375,10.625,6.0,10.875],"rotation":0,"texture":"#0","tintindex":0}}},{"from":[5.714286,12.685715,5.714286],"to":[10.285714,14.4,6.857143],"rotation":{"angle":0.0,"axis":"y","origin":[8.0,-17.028572,9.142858]},"faces":{"east":{"uv":[8.75,9.5,9.0,9.875],"rotation":0,"texture":"#0","tintindex":0},"south":{"uv":[11.875,1.875,12.875,2.25],"rotation":0,"texture":"#0","tintindex":0},"north":{"uv":[11.5,6.0,12.5,6.375],"rotation":0,"texture":"#0","tintindex":0},"west":{"uv":[8.75,9.875,9.0,10.25],"rotation":0,"texture":"#0","tintindex":0},"up":{"uv":[13.0,3.5,12.0,3.25],"rotation":0,"texture":"#0","tintindex":0},"down":{"uv":[13.0,3.5,12.0,3.75],"rotation":0,"texture":"#0","tintindex":0}}},{"from":[5.714286,8.114285,6.857143],"to":[10.285714,14.4,11.428572],"rotation":{"angle":0.0,"axis":"y","origin":[8.0,-17.028572,9.142858]},"faces":{"east":{"uv":[9.0,4.625,10.0,6.0],"rotation":0,"texture":"#0","tintindex":0},"south":{"uv":[9.0,7.375,10.0,8.75],"rotation":0,"texture":"#0","tintindex":0},"north":{"uv":[9.0,3.25,10.0,4.625],"rotation":0,"texture":"#0","tintindex":0},"west":{"uv":[9.0,6.0,10.0,7.375],"rotation":0,"texture":"#0","tintindex":0},"up":{"uv":[10.0,9.75,9.0,8.75],"rotation":0,"texture":"#0","tintindex":0},"down":{"uv":[10.0,2.25,9.0,3.25],"rotation":0,"texture":"#0","tintindex":0}}},{"from":[-2.285715,14.4,-1.1428576],"to":[18.285715,19.542858,19.428572],"rotation":{"angle":0.0,"axis":"y","origin":[8.0,-17.028572,9.142858]},"faces":{"east":{"uv":[4.5,1.125,9.0,2.25],"rotation":0,"texture":"#0","tintindex":0},"south":{"uv":[4.5,2.25,9.0,3.375],"rotation":0,"texture":"#0","tintindex":0},"north":{"uv":[4.5,0.0,9.0,1.125],"rotation":0,"texture":"#0","tintindex":0},"west":{"uv":[4.5,3.375,9.0,4.5],"rotation":0,"texture":"#0","tintindex":0},"up":{"uv":[4.5,4.5,0.0,0.0],"rotation":0,"texture":"#0","tintindex":0},"down":{"uv":[4.5,4.5,0.0,9.0],"rotation":0,"texture":"#0","tintindex":0}}},{"from":[3.4285712,19.542858,4.5714283],"to":[12.571428,24.685715,13.714286],"rotation":{"angle":0.0,"axis":"y","origin":[8.0,-17.028572,9.142858]},"faces":{"east":{"uv":[0.0,9.0,2.0,10.125],"rotation":0,"texture":"#0","tintindex":0},"south":{"uv":[9.0,0.0,11.0,1.125],"rotation":0,"texture":"#0","tintindex":0},"north":{"uv":[4.5,8.5,6.5,9.625],"rotation":0,"texture":"#0","tintindex":0},"west":{"uv":[9.0,1.125,11.0,2.25],"rotation":0,"texture":"#0","tintindex":0},"up":{"uv":[6.5,6.5,4.5,4.5],"rotation":0,"texture":"#0","tintindex":0},"down":{"uv":[6.5,6.5,4.5,8.5],"rotation":0,"texture":"#0","tintindex":0}}}],"textures":{"0":"modelengine:entity/ent_superior"},"display":{"head":{"translation":[0.0,-6.4,0.0],"scale":[4.0,4.0,4.0]}}}