{"elements":[{"from":[6.285714,-5.714287,6.285714],"to":[9.714286,1.1428566,9.714286],"rotation":{"angle":0.0,"axis":"y","origin":[10.285714,-5.714287,8.0]},"faces":{"east":{"uv":[9.0,8.875,9.75,10.375],"rotation":0,"texture":"#0","tintindex":0},"south":{"uv":[6.5,9.5,7.25,11.0],"rotation":0,"texture":"#0","tintindex":0},"north":{"uv":[9.0,7.375,9.75,8.875],"rotation":0,"texture":"#0","tintindex":0},"west":{"uv":[7.25,9.5,8.0,11.0],"rotation":0,"texture":"#0","tintindex":0},"up":{"uv":[12.125,8.75,11.375,8.0],"rotation":0,"texture":"#0","tintindex":0},"down":{"uv":[12.25,5.25,11.5,6.0],"rotation":0,"texture":"#0","tintindex":0}}},{"from":[6.857143,1.1428566,6.857143],"to":[9.142858,8.0,9.142858],"rotation":{"angle":0.0,"axis":"y","origin":[10.285714,-5.714287,8.0]},"faces":{"east":{"uv":[8.625,11.375,9.125,12.875],"rotation":0,"texture":"#0","tintindex":0},"south":{"uv":[9.125,11.375,9.625,12.875],"rotation":0,"texture":"#0","tintindex":0},"north":{"uv":[11.375,6.5,11.875,8.0],"rotation":0,"texture":"#0","tintindex":0},"west":{"uv":[11.5,2.25,12.0,3.75],"rotation":0,"texture":"#0","tintindex":0},"up":{"uv":[10.5,7.0,10.0,6.5],"rotation":0,"texture":"#0","tintindex":0},"down":{"uv":[12.5,3.75,12.0,4.25],"rotation":0,"texture":"#0","tintindex":0}}}],"textures":{"0":"modelengine:entity/ent_superior"},"display":{"head":{"translation":[0.0,-6.4,0.0],"scale":[4.0,4.0,4.0]}}}