{"elements":[{"from":[5.142857,2.2857141,6.5714283],"to":[8.0,9.714286,9.428572],"rotation":{"angle":0.0,"axis":"y","origin":[11.428572,-15.428572,8.285714]},"faces":{"east":{"uv":[2.0,10.0,2.625,11.625],"rotation":0,"texture":"#0","tintindex":0},"south":{"uv":[2.625,10.0,3.25,11.625],"rotation":0,"texture":"#0","tintindex":0},"north":{"uv":[9.75,8.875,10.375,10.5],"rotation":0,"texture":"#0","tintindex":0},"west":{"uv":[10.0,3.25,10.625,4.875],"rotation":0,"texture":"#0","tintindex":0},"up":{"uv":[10.375,11.125,9.75,10.5],"rotation":0,"texture":"#0","tintindex":0},"down":{"uv":[12.5,0.0,11.875,0.625],"rotation":0,"texture":"#0","tintindex":0}}},{"from":[4.5714283,-2.8571434,6.0],"to":[8.571428,2.2857141,10.0],"rotation":{"angle":0.0,"axis":"y","origin":[11.428572,-15.428572,8.285714]},"faces":{"east":{"uv":[10.5,7.625,11.375,8.75],"rotation":0,"texture":"#0","tintindex":0},"south":{"uv":[10.625,2.25,11.5,3.375],"rotation":0,"texture":"#0","tintindex":0},"north":{"uv":[10.5,6.5,11.375,7.625],"rotation":0,"texture":"#0","tintindex":0},"west":{"uv":[10.625,3.375,11.5,4.5],"rotation":0,"texture":"#0","tintindex":0},"up":{"uv":[11.5,6.5,10.625,5.625],"rotation":0,"texture":"#0","tintindex":0},"down":{"uv":[12.125,8.75,11.25,9.625],"rotation":0,"texture":"#0","tintindex":0}}}],"textures":{"0":"modelengine:entity/ent_superior"},"display":{"head":{"translation":[0.0,-6.4,0.0],"scale":[4.0,4.0,4.0]}}}