{"elements":[{"from":[6.285714,-5.714287,6.285714],"to":[9.714286,1.1428566,9.714286],"rotation":{"angle":0.0,"axis":"y","origin":[5.714286,-5.714287,8.0]},"faces":{"east":{"uv":[4.5,9.625,5.25,11.125],"rotation":0,"texture":"#0","tintindex":0},"south":{"uv":[5.25,9.625,6.0,11.125],"rotation":0,"texture":"#0","tintindex":0},"north":{"uv":[8.0,9.5,8.75,11.0],"rotation":0,"texture":"#0","tintindex":0},"west":{"uv":[9.75,7.375,10.5,8.875],"rotation":0,"texture":"#0","tintindex":0},"up":{"uv":[0.75,12.5,0.0,11.75],"rotation":0,"texture":"#0","tintindex":0},"down":{"uv":[1.5,11.75,0.75,12.5],"rotation":0,"texture":"#0","tintindex":0}}},{"from":[6.857143,1.1428566,6.857143],"to":[9.142858,8.0,9.142858],"rotation":{"angle":0.0,"axis":"y","origin":[5.714286,-5.714287,8.0]},"faces":{"east":{"uv":[11.5,10.5,12.0,12.0],"rotation":0,"texture":"#0","tintindex":0},"south":{"uv":[1.875,11.625,2.375,13.125],"rotation":0,"texture":"#0","tintindex":0},"north":{"uv":[11.5,3.75,12.0,5.25],"rotation":0,"texture":"#0","tintindex":0},"west":{"uv":[2.375,11.625,2.875,13.125],"rotation":0,"texture":"#0","tintindex":0},"up":{"uv":[12.5,4.75,12.0,4.25],"rotation":0,"texture":"#0","tintindex":0},"down":{"uv":[12.5,4.75,12.0,5.25],"rotation":0,"texture":"#0","tintindex":0}}}],"textures":{"0":"modelengine:entity/ent_superior"},"display":{"head":{"translation":[0.0,-6.4,0.0],"scale":[4.0,4.0,4.0]}}}