{"elements":[{"from":[8.0,2.2857141,6.5714283],"to":[10.857143,9.714286,9.428572],"rotation":{"angle":0.0,"axis":"y","origin":[4.5714283,-15.428572,8.285714]},"faces":{"east":{"uv":[0.0,10.125,0.625,11.75],"rotation":0,"texture":"#0","tintindex":0},"south":{"uv":[0.625,10.125,1.25,11.75],"rotation":0,"texture":"#0","tintindex":0},"north":{"uv":[10.0,4.875,10.625,6.5],"rotation":0,"texture":"#0","tintindex":0},"west":{"uv":[1.25,10.125,1.875,11.75],"rotation":0,"texture":"#0","tintindex":0},"up":{"uv":[12.5,1.25,11.875,0.625],"rotation":0,"texture":"#0","tintindex":0},"down":{"uv":[12.5,1.25,11.875,1.875],"rotation":0,"texture":"#0","tintindex":0}}},{"from":[7.428571,-2.8571434,6.0],"to":[11.428572,2.2857141,10.0],"rotation":{"angle":0.0,"axis":"y","origin":[4.5714283,-15.428572,8.285714]},"faces":{"east":{"uv":[6.0,11.0,6.875,12.125],"rotation":0,"texture":"#0","tintindex":0},"south":{"uv":[6.875,11.0,7.75,12.125],"rotation":0,"texture":"#0","tintindex":0},"north":{"uv":[11.0,1.125,11.875,2.25],"rotation":0,"texture":"#0","tintindex":0},"west":{"uv":[7.75,11.0,8.625,12.125],"rotation":0,"texture":"#0","tintindex":0},"up":{"uv":[12.125,10.5,11.25,9.625],"rotation":0,"texture":"#0","tintindex":0},"down":{"uv":[4.125,11.375,3.25,12.25],"rotation":0,"texture":"#0","tintindex":0}}}],"textures":{"0":"modelengine:entity/ent_superior"},"display":{"head":{"translation":[0.0,-6.4,0.0],"scale":[4.0,4.0,4.0]}}}