{"elements":[{"from":[2.2857141,8.0,2.5714283],"to":[13.714286,11.428572,13.428572],"rotation":{"angle":0.0,"axis":"y","origin":[8.0,9.714286,8.0]},"faces":{"east":{"uv":[6.875,3.75,9.25,4.5],"rotation":0,"texture":"#0","tintindex":0},"south":{"uv":[3.125,6.875,5.625,7.625],"rotation":0,"texture":"#0","tintindex":0},"north":{"uv":[6.875,3.0,9.375,3.75],"rotation":0,"texture":"#0","tintindex":0},"west":{"uv":[6.875,4.5,9.25,5.25],"rotation":0,"texture":"#0","tintindex":0},"up":{"uv":[2.5,2.375,0.0,0.0],"rotation":0,"texture":"#0","tintindex":0},"down":{"uv":[2.5,2.375,0.0,4.75],"rotation":0,"texture":"#0","tintindex":0}}}],"textures":{"0":"modelengine:entity/sievirus"},"display":{"head":{"translation":[0.0,-6.4,0.0],"scale":[4.0,4.0,4.0]}}}