{"elements":[{"from":[2.2857141,8.0,-2.5714293],"to":[13.714286,14.857143,8.285714],"rotation":{"angle":0.0,"axis":"y","origin":[8.0,11.142858,2.8571424]},"faces":{"east":{"uv":[5.0,0.0,7.375,1.5],"rotation":0,"texture":"#0","tintindex":0},"south":{"uv":[2.5,4.75,5.0,6.25],"rotation":0,"texture":"#0","tintindex":0},"north":{"uv":[0.0,4.75,2.5,6.25],"rotation":0,"texture":"#0","tintindex":0},"west":{"uv":[5.0,1.5,7.375,3.0],"rotation":0,"texture":"#0","tintindex":0},"up":{"uv":[5.0,2.375,2.5,0.0],"rotation":0,"texture":"#0","tintindex":0},"down":{"uv":[5.0,2.375,2.5,4.75],"rotation":0,"texture":"#0","tintindex":0}}}],"textures":{"0":"modelengine:entity/sievirus"},"display":{"head":{"translation":[0.0,-6.4,0.0],"scale":[4.0,4.0,4.0]}}}