{"elements":[{"from":[6.5714283,-10.0,6.5714283],"to":[9.428572,7.714286,9.428572],"rotation":{"angle":0.0,"axis":"y","origin":[8.0,-1.1428576,8.0]},"faces":{"east":{"uv":[5.625,3.0,6.25,6.875],"rotation":0,"texture":"#0","tintindex":0},"south":{"uv":[0.0,6.25,0.625,10.125],"rotation":0,"texture":"#0","tintindex":0},"north":{"uv":[5.0,3.0,5.625,6.875],"rotation":0,"texture":"#0","tintindex":0},"west":{"uv":[0.625,6.25,1.25,10.125],"rotation":0,"texture":"#0","tintindex":0},"up":{"uv":[3.75,6.875,3.125,6.25],"rotation":0,"texture":"#0","tintindex":0},"down":{"uv":[4.375,6.25,3.75,6.875],"rotation":0,"texture":"#0","tintindex":0}}}],"textures":{"0":"modelengine:entity/sievirus"},"display":{"head":{"translation":[0.0,-6.4,0.0],"scale":[4.0,4.0,4.0]}}}