{"elements":[{"from":[6.5714283,-10.0,6.5714283],"to":[9.428572,7.714286,9.428572],"rotation":{"angle":0.0,"axis":"y","origin":[8.0,-1.1428576,8.0]},"faces":{"east":{"uv":[1.875,6.25,2.5,10.125],"rotation":0,"texture":"#0","tintindex":0},"south":{"uv":[2.5,6.25,3.125,10.125],"rotation":0,"texture":"#0","tintindex":0},"north":{"uv":[1.25,6.25,1.875,10.125],"rotation":0,"texture":"#0","tintindex":0},"west":{"uv":[6.25,3.0,6.875,6.875],"rotation":0,"texture":"#0","tintindex":0},"up":{"uv":[5.0,6.875,4.375,6.25],"rotation":0,"texture":"#0","tintindex":0},"down":{"uv":[7.5,5.25,6.875,5.875],"rotation":0,"texture":"#0","tintindex":0}}}],"textures":{"0":"modelengine:entity/sievirus"},"display":{"head":{"translation":[0.0,-6.4,0.0],"scale":[4.0,4.0,4.0]}}}