{"elements":[{"from":[-4.8,2.9142857,2.142857],"to":[20.8,7.714286,2.142857],"rotation":{"angle":0.0,"axis":"y","origin":[8.0,-1.0857143,8.542857]},"faces":{"east":{"uv":[0.0,0.0,0.0,0.5],"rotation":0,"texture":"#0","tintindex":0},"south":{"uv":[6.5,3.125,9.3125,3.625],"rotation":0,"texture":"#0","tintindex":0},"north":{"uv":[6.5,2.625,9.3125,3.125],"rotation":0,"texture":"#0","tintindex":0},"west":{"uv":[0.0,0.0,0.0,0.5],"rotation":0,"texture":"#0","tintindex":0},"up":{"uv":[2.8125,0.0,0.0,0.0],"rotation":0,"texture":"#0","tintindex":0},"down":{"uv":[2.8125,0.0,0.0,0.0],"rotation":0,"texture":"#0","tintindex":0}}},{"from":[-4.8,7.714286,-0.25714302],"to":[20.8,19.714287,2.142857],"rotation":{"angle":0.0,"axis":"y","origin":[8.0,-1.0857143,8.542857]},"faces":{"east":{"uv":[7.875,9.5625,8.125,10.875],"rotation":0,"texture":"#0","tintindex":0},"south":{"uv":[2.8125,4.0625,5.625,5.375],"rotation":0,"texture":"#0","tintindex":0},"north":{"uv":[2.8125,2.75,5.625,4.0625],"rotation":0,"texture":"#0","tintindex":0},"west":{"uv":[7.625,10.0625,7.875,11.375],"rotation":0,"texture":"#0","tintindex":0},"up":{"uv":[11.6875,5.9375,8.875,5.6875],"rotation":0,"texture":"#0","tintindex":0},"down":{"uv":[11.6875,5.9375,8.875,6.1875],"rotation":0,"texture":"#0","tintindex":0}}},{"from":[-4.8,7.714286,2.142857],"to":[20.8,27.714287,14.942858],"rotation":{"angle":0.0,"axis":"y","origin":[8.0,-1.0857143,8.542857]},"faces":{"east":{"uv":[0.0,4.375,1.375,6.5625],"rotation":0,"texture":"#0","tintindex":0},"south":{"uv":[0.0,2.1875,2.8125,4.375],"rotation":0,"texture":"#0","tintindex":0},"north":{"uv":[0.0,0.0,2.8125,2.1875],"rotation":0,"texture":"#0","tintindex":0},"west":{"uv":[1.375,4.375,2.75,6.5625],"rotation":0,"texture":"#0","tintindex":0},"up":{"uv":[5.625,1.375,2.8125,0.0],"rotation":0,"texture":"#0","tintindex":0},"down":{"uv":[5.625,1.375,2.8125,2.75],"rotation":0,"texture":"#0","tintindex":0}}},{"from":[15.200001,22.914288,1.3428569],"to":[18.400002,23.714287,15.742857],"rotation":{"angle":0.0,"axis":"y","origin":[8.0,-1.0857143,8.542857]},"faces":{"east":{"uv":[9.5625,5.625,11.125,5.6875],"rotation":0,"texture":"#0","tintindex":0},"south":{"uv":[5.625,5.3125,6.0,5.375],"rotation":0,"texture":"#0","tintindex":0},"north":{"uv":[5.625,5.25,6.0,5.3125],"rotation":0,"texture":"#0","tintindex":0},"west":{"uv":[10.375,9.875,11.9375,9.9375],"rotation":0,"texture":"#0","tintindex":0},"up":{"uv":[5.75,10.9375,5.375,9.375],"rotation":0,"texture":"#0","tintindex":0},"down":{"uv":[6.125,9.375,5.75,10.9375],"rotation":0,"texture":"#0","tintindex":0}}},{"from":[14.4,23.714287,1.3428569],"to":[19.2,28.514288,15.742857],"rotation":{"angle":0.0,"axis":"y","origin":[8.0,-1.0857143,8.542857]},"faces":{"east":{"uv":[7.375,1.875,8.9375,2.375],"rotation":0,"texture":"#0","tintindex":0},"south":{"uv":[10.375,2.9375,10.875,3.4375],"rotation":0,"texture":"#0","tintindex":0},"north":{"uv":[6.5,4.625,7.0,5.125],"rotation":0,"texture":"#0","tintindex":0},"west":{"uv":[4.375,8.0,5.9375,8.5],"rotation":0,"texture":"#0","tintindex":0},"up":{"uv":[7.625,9.5625,7.125,8.0],"rotation":0,"texture":"#0","tintindex":0},"down":{"uv":[8.125,8.0,7.625,9.5625],"rotation":0,"texture":"#0","tintindex":0}}},{"from":[16.0,25.314285,0.5428567],"to":[17.6,26.914286,1.3428569],"rotation":{"angle":-45.0,"axis":"z","origin":[16.8,26.114286,0.9428568]},"faces":{"east":{"uv":[2.625,7.8125,2.6875,8.0],"rotation":0,"texture":"#0","tintindex":0},"south":{"uv":[9.0625,7.8125,9.25,8.0],"rotation":0,"texture":"#0","tintindex":0},"north":{"uv":[6.8125,9.0625,7.0,9.25],"rotation":0,"texture":"#0","tintindex":0},"west":{"uv":[2.6875,7.8125,2.75,8.0],"rotation":0,"texture":"#0","tintindex":0},"up":{"uv":[8.9375,1.875,8.75,1.8125],"rotation":0,"texture":"#0","tintindex":0},"down":{"uv":[9.0625,6.1875,8.875,6.25],"rotation":0,"texture":"#0","tintindex":0}}},{"from":[-2.4000006,22.914288,1.3428569],"to":[0.79999924,23.714287,15.742857],"rotation":{"angle":0.0,"axis":"y","origin":[8.0,-1.0857143,8.542857]},"faces":{"east":{"uv":[10.375,9.9375,11.9375,10.0],"rotation":0,"texture":"#0","tintindex":0},"south":{"uv":[6.5,5.1875,6.875,5.25],"rotation":0,"texture":"#0","tintindex":0},"north":{"uv":[6.5,5.125,6.875,5.1875],"rotation":0,"texture":"#0","tintindex":0},"west":{"uv":[10.375,10.0,11.9375,10.0625],"rotation":0,"texture":"#0","tintindex":0},"up":{"uv":[8.5,10.9375,8.125,9.375],"rotation":0,"texture":"#0","tintindex":0},"down":{"uv":[8.875,9.375,8.5,10.9375],"rotation":0,"texture":"#0","tintindex":0}}},{"from":[-3.2000008,23.714287,1.3428569],"to":[1.5999999,28.514288,15.742857],"rotation":{"angle":0.0,"axis":"y","origin":[8.0,-1.0857143,8.542857]},"faces":{"east":{"uv":[8.125,8.0,9.6875,8.5],"rotation":0,"texture":"#0","tintindex":0},"south":{"uv":[10.375,8.25,10.875,8.75],"rotation":0,"texture":"#0","tintindex":0},"north":{"uv":[10.375,7.75,10.875,8.25],"rotation":0,"texture":"#0","tintindex":0},"west":{"uv":[8.1875,6.25,9.75,6.75],"rotation":0,"texture":"#0","tintindex":0},"up":{"uv":[8.75,1.5625,8.25,0.0],"rotation":0,"texture":"#0","tintindex":0},"down":{"uv":[8.875,4.625,8.375,6.1875],"rotation":0,"texture":"#0","tintindex":0}}},{"from":[-1.6000004,25.314285,0.5428567],"to":[0.0,26.914286,1.3428569],"rotation":{"angle":-45.0,"axis":"z","origin":[-0.8000002,26.114286,0.9428568]},"faces":{"east":{"uv":[4.3125,8.9375,4.375,9.125],"rotation":0,"texture":"#0","tintindex":0},"south":{"uv":[9.125,2.4375,9.3125,2.625],"rotation":0,"texture":"#0","tintindex":0},"north":{"uv":[9.125,2.25,9.3125,2.4375],"rotation":0,"texture":"#0","tintindex":0},"west":{"uv":[7.0,9.0625,7.0625,9.25],"rotation":0,"texture":"#0","tintindex":0},"up":{"uv":[9.0625,7.9375,8.875,7.875],"rotation":0,"texture":"#0","tintindex":0},"down":{"uv":[9.0625,7.9375,8.875,8.0],"rotation":0,"texture":"#0","tintindex":0}}},{"from":[-1.6000004,25.314285,15.742857],"to":[0.0,26.914286,16.542858],"rotation":{"angle":-45.0,"axis":"z","origin":[-0.8000002,26.114286,16.142857]},"faces":{"east":{"uv":[7.0625,9.0625,7.125,9.25],"rotation":0,"texture":"#0","tintindex":0},"south":{"uv":[4.1875,9.1875,4.375,9.375],"rotation":0,"texture":"#0","tintindex":0},"north":{"uv":[4.0,9.1875,4.1875,9.375],"rotation":0,"texture":"#0","tintindex":0},"west":{"uv":[7.0,9.25,7.0625,9.4375],"rotation":0,"texture":"#0","tintindex":0},"up":{"uv":[9.125,2.3125,8.9375,2.25],"rotation":0,"texture":"#0","tintindex":0},"down":{"uv":[9.125,2.3125,8.9375,2.375],"rotation":0,"texture":"#0","tintindex":0}}},{"from":[16.0,25.314285,15.742857],"to":[17.6,26.914286,16.542858],"rotation":{"angle":-45.0,"axis":"z","origin":[16.8,26.114286,16.142857]},"faces":{"east":{"uv":[7.0625,9.25,7.125,9.4375],"rotation":0,"texture":"#0","tintindex":0},"south":{"uv":[9.25,7.8125,9.4375,8.0],"rotation":0,"texture":"#0","tintindex":0},"north":{"uv":[6.8125,9.25,7.0,9.4375],"rotation":0,"texture":"#0","tintindex":0},"west":{"uv":[8.875,9.375,8.9375,9.5625],"rotation":0,"texture":"#0","tintindex":0},"up":{"uv":[9.25,6.25,9.0625,6.1875],"rotation":0,"texture":"#0","tintindex":0},"down":{"uv":[9.4375,6.1875,9.25,6.25],"rotation":0,"texture":"#0","tintindex":0}}},{"from":[-4.8,2.9142857,14.942858],"to":[20.8,7.714286,14.942858],"rotation":{"angle":0.0,"axis":"y","origin":[8.0,-1.0857143,8.542857]},"faces":{"east":{"uv":[0.0,0.0,0.0,0.5],"rotation":0,"texture":"#0","tintindex":0},"south":{"uv":[6.5,4.125,9.3125,4.625],"rotation":0,"texture":"#0","tintindex":0},"north":{"uv":[6.5,3.625,9.3125,4.125],"rotation":0,"texture":"#0","tintindex":0},"west":{"uv":[0.0,0.0,0.0,0.5],"rotation":0,"texture":"#0","tintindex":0},"up":{"uv":[2.8125,0.0,0.0,0.0],"rotation":0,"texture":"#0","tintindex":0},"down":{"uv":[2.8125,0.0,0.0,0.0],"rotation":0,"texture":"#0","tintindex":0}}},{"from":[-4.8,2.9142857,2.142857],"to":[-4.8,7.714286,14.942858],"rotation":{"angle":0.0,"axis":"y","origin":[8.0,-1.0857143,8.542857]},"faces":{"east":{"uv":[9.3125,3.625,10.6875,4.125],"rotation":0,"texture":"#0","tintindex":0},"south":{"uv":[0.0,0.0,0.0,0.5],"rotation":0,"texture":"#0","tintindex":0},"north":{"uv":[0.0,0.0,0.0,0.5],"rotation":0,"texture":"#0","tintindex":0},"west":{"uv":[9.3125,4.125,10.6875,4.625],"rotation":0,"texture":"#0","tintindex":0},"up":{"uv":[0.0,1.375,0.0,0.0],"rotation":0,"texture":"#0","tintindex":0},"down":{"uv":[0.0,0.0,0.0,1.375],"rotation":0,"texture":"#0","tintindex":0}}},{"from":[20.8,2.9142857,2.142857],"to":[20.8,7.714286,14.942858],"rotation":{"angle":0.0,"axis":"y","origin":[8.0,-1.0857143,8.542857]},"faces":{"east":{"uv":[0.0,9.4375,1.375,9.9375],"rotation":0,"texture":"#0","tintindex":0},"south":{"uv":[0.0,0.0,0.0,0.5],"rotation":0,"texture":"#0","tintindex":0},"north":{"uv":[0.0,0.0,0.0,0.5],"rotation":0,"texture":"#0","tintindex":0},"west":{"uv":[9.5625,4.625,10.9375,5.125],"rotation":0,"texture":"#0","tintindex":0},"up":{"uv":[0.0,1.375,0.0,0.0],"rotation":0,"texture":"#0","tintindex":0},"down":{"uv":[0.0,0.0,0.0,1.375],"rotation":0,"texture":"#0","tintindex":0}}}],"textures":{"0":"modelengine:entity/ogro"},"display":{"head":{"translation":[0.0,-6.4,0.0],"scale":[4.0,4.0,4.0]}}}