{"elements":[{"from":[3.1999998,7.937143,3.6399999],"to":[12.8,11.937143,11.64],"rotation":{"angle":0.0,"axis":"y","origin":[8.0,-20.862858,7.64]},"faces":{"east":{"uv":[3.0,10.0,3.875,10.4375],"rotation":0,"texture":"#0","tintindex":0},"south":{"uv":[9.75,7.3125,10.8125,7.75],"rotation":0,"texture":"#0","tintindex":0},"north":{"uv":[9.75,6.875,10.8125,7.3125],"rotation":0,"texture":"#0","tintindex":0},"west":{"uv":[10.3125,0.0,11.1875,0.4375],"rotation":0,"texture":"#0","tintindex":0},"up":{"uv":[8.1875,7.125,7.125,6.25],"rotation":0,"texture":"#0","tintindex":0},"down":{"uv":[8.1875,7.125,7.125,8.0],"rotation":0,"texture":"#0","tintindex":0}}},{"from":[2.3999996,9.537143,5.24],"to":[13.6,11.937143,12.440001],"rotation":{"angle":0.0,"axis":"y","origin":[8.0,-20.862858,7.64]},"faces":{"east":{"uv":[10.375,8.75,11.1875,9.0],"rotation":0,"texture":"#0","tintindex":0},"south":{"uv":[10.0,1.9375,11.25,2.1875],"rotation":0,"texture":"#0","tintindex":0},"north":{"uv":[7.375,2.375,8.625,2.625],"rotation":0,"texture":"#0","tintindex":0},"west":{"uv":[10.375,9.0,11.1875,9.25],"rotation":0,"texture":"#0","tintindex":0},"up":{"uv":[8.375,5.4375,7.125,4.625],"rotation":0,"texture":"#0","tintindex":0},"down":{"uv":[8.375,5.4375,7.125,6.25],"rotation":0,"texture":"#0","tintindex":0}}},{"from":[2.3999996,11.937143,2.8400002],"to":[13.6,16.737144,12.440001],"rotation":{"angle":0.0,"axis":"y","origin":[8.0,-20.862858,7.64]},"faces":{"east":{"uv":[6.8125,9.5625,7.875,10.0625],"rotation":0,"texture":"#0","tintindex":0},"south":{"uv":[9.5625,5.125,10.8125,5.625],"rotation":0,"texture":"#0","tintindex":0},"north":{"uv":[1.375,9.4375,2.625,9.9375],"rotation":0,"texture":"#0","tintindex":0},"west":{"uv":[8.875,9.5625,9.9375,10.0625],"rotation":0,"texture":"#0","tintindex":0},"up":{"uv":[1.25,7.625,0.0,6.5625],"rotation":0,"texture":"#0","tintindex":0},"down":{"uv":[2.5,6.5625,1.25,7.625],"rotation":0,"texture":"#0","tintindex":0}}},{"from":[12.8,10.337143,2.0399995],"to":[12.8,11.137143,2.8400002],"rotation":{"angle":0.0,"axis":"y","origin":[8.0,-20.862858,7.64]},"faces":{"east":{"uv":[2.5,7.5625,2.5625,7.625],"rotation":0,"texture":"#0","tintindex":0},"south":{"uv":[0.0,0.0,0.0,0.0625],"rotation":0,"texture":"#0","tintindex":0},"north":{"uv":[0.0,0.0,0.0,0.0625],"rotation":0,"texture":"#0","tintindex":0},"west":{"uv":[2.5625,7.5625,2.625,7.625],"rotation":0,"texture":"#0","tintindex":0},"up":{"uv":[0.0,0.0625,0.0,0.0],"rotation":0,"texture":"#0","tintindex":0},"down":{"uv":[0.0,0.0,0.0,0.0625],"rotation":0,"texture":"#0","tintindex":0}}},{"from":[12.0,10.337143,2.0399995],"to":[12.8,11.137143,2.0399995],"rotation":{"angle":0.0,"axis":"y","origin":[8.0,-20.862858,7.64]},"faces":{"east":{"uv":[0.0,0.0,0.0,0.0625],"rotation":0,"texture":"#0","tintindex":0},"south":{"uv":[6.1875,8.75,6.25,8.8125],"rotation":0,"texture":"#0","tintindex":0},"north":{"uv":[6.125,8.75,6.1875,8.8125],"rotation":0,"texture":"#0","tintindex":0},"west":{"uv":[0.0,0.0,0.0,0.0625],"rotation":0,"texture":"#0","tintindex":0},"up":{"uv":[0.0625,0.0,0.0,0.0],"rotation":0,"texture":"#0","tintindex":0},"down":{"uv":[0.0625,0.0,0.0,0.0],"rotation":0,"texture":"#0","tintindex":0}}},{"from":[8.8,10.337143,2.0399995],"to":[10.4,11.137143,2.0399995],"rotation":{"angle":0.0,"axis":"y","origin":[8.0,-20.862858,7.64]},"faces":{"east":{"uv":[0.0,0.0,0.0,0.0625],"rotation":0,"texture":"#0","tintindex":0},"south":{"uv":[6.8125,9.4375,7.0,9.5],"rotation":0,"texture":"#0","tintindex":0},"north":{"uv":[9.4375,6.1875,9.625,6.25],"rotation":0,"texture":"#0","tintindex":0},"west":{"uv":[0.0,0.0,0.0,0.0625],"rotation":0,"texture":"#0","tintindex":0},"up":{"uv":[0.1875,0.0,0.0,0.0],"rotation":0,"texture":"#0","tintindex":0},"down":{"uv":[0.1875,0.0,0.0,0.0],"rotation":0,"texture":"#0","tintindex":0}}},{"from":[5.6,10.337143,2.0399995],"to":[7.2,11.137143,2.0399995],"rotation":{"angle":0.0,"axis":"y","origin":[8.0,-20.862858,7.64]},"faces":{"east":{"uv":[0.0,0.0,0.0,0.0625],"rotation":0,"texture":"#0","tintindex":0},"south":{"uv":[9.75,7.75,9.9375,7.8125],"rotation":0,"texture":"#0","tintindex":0},"north":{"uv":[6.8125,9.5,7.0,9.5625],"rotation":0,"texture":"#0","tintindex":0},"west":{"uv":[0.0,0.0,0.0,0.0625],"rotation":0,"texture":"#0","tintindex":0},"up":{"uv":[0.1875,0.0,0.0,0.0],"rotation":0,"texture":"#0","tintindex":0},"down":{"uv":[0.1875,0.0,0.0,0.0],"rotation":0,"texture":"#0","tintindex":0}}},{"from":[3.1999998,7.937143,2.0399995],"to":[12.8,10.337143,3.6399999],"rotation":{"angle":0.0,"axis":"y","origin":[8.0,-20.862858,7.64]},"faces":{"east":{"uv":[8.75,1.5625,8.9375,1.8125],"rotation":0,"texture":"#0","tintindex":0},"south":{"uv":[0.4375,10.375,1.5,10.625],"rotation":0,"texture":"#0","tintindex":0},"north":{"uv":[10.3125,0.4375,11.375,0.6875],"rotation":0,"texture":"#0","tintindex":0},"west":{"uv":[8.875,7.625,9.0625,7.875],"rotation":0,"texture":"#0","tintindex":0},"up":{"uv":[11.4375,3.625,10.375,3.4375],"rotation":0,"texture":"#0","tintindex":0},"down":{"uv":[11.4375,9.25,10.375,9.4375],"rotation":0,"texture":"#0","tintindex":0}}},{"from":[3.1999998,10.337143,2.0399995],"to":[4.0,11.137143,2.0399995],"rotation":{"angle":0.0,"axis":"y","origin":[8.0,-20.862858,7.64]},"faces":{"east":{"uv":[0.0,0.0,0.0,0.0625],"rotation":0,"texture":"#0","tintindex":0},"south":{"uv":[7.0,9.4375,7.0625,9.5],"rotation":0,"texture":"#0","tintindex":0},"north":{"uv":[4.3125,9.125,4.375,9.1875],"rotation":0,"texture":"#0","tintindex":0},"west":{"uv":[0.0,0.0,0.0,0.0625],"rotation":0,"texture":"#0","tintindex":0},"up":{"uv":[0.0625,0.0,0.0,0.0],"rotation":0,"texture":"#0","tintindex":0},"down":{"uv":[0.0625,0.0,0.0,0.0],"rotation":0,"texture":"#0","tintindex":0}}},{"from":[3.1999998,10.337143,2.0399995],"to":[3.1999998,11.137143,2.8400002],"rotation":{"angle":0.0,"axis":"y","origin":[8.0,-20.862858,7.64]},"faces":{"east":{"uv":[7.0625,9.4375,7.125,9.5],"rotation":0,"texture":"#0","tintindex":0},"south":{"uv":[0.0,0.0,0.0,0.0625],"rotation":0,"texture":"#0","tintindex":0},"north":{"uv":[0.0,0.0,0.0,0.0625],"rotation":0,"texture":"#0","tintindex":0},"west":{"uv":[7.0,9.5,7.0625,9.5625],"rotation":0,"texture":"#0","tintindex":0},"up":{"uv":[0.0,0.0625,0.0,0.0],"rotation":0,"texture":"#0","tintindex":0},"down":{"uv":[0.0,0.0,0.0,0.0625],"rotation":0,"texture":"#0","tintindex":0}}}],"textures":{"0":"modelengine:entity/ogro"},"display":{"head":{"translation":[0.0,-6.4,0.0],"scale":[4.0,4.0,4.0]}}}