{"elements":[{"from":[4.0,-0.9714289,4.0],"to":[12.0,7.8285713,12.0],"rotation":{"angle":0.0,"axis":"y","origin":[14.4,-0.9714289,8.0]},"faces":{"east":{"uv":[7.375,0.9375,8.25,1.875],"rotation":0,"texture":"#0","tintindex":0},"south":{"uv":[0.0,7.625,0.875,8.5625],"rotation":0,"texture":"#0","tintindex":0},"north":{"uv":[7.375,0.0,8.25,0.9375],"rotation":0,"texture":"#0","tintindex":0},"west":{"uv":[0.875,7.625,1.75,8.5625],"rotation":0,"texture":"#0","tintindex":0},"up":{"uv":[0.875,9.4375,0.0,8.5625],"rotation":0,"texture":"#0","tintindex":0},"down":{"uv":[1.75,8.5625,0.875,9.4375],"rotation":0,"texture":"#0","tintindex":0}}}],"textures":{"0":"modelengine:entity/ogro"},"display":{"head":{"translation":[0.0,-6.4,0.0],"scale":[4.0,4.0,4.0]}}}