{"elements":[{"from":[-0.20259762,-12.857143,4.0],"to":[7.7974024,11.142858,12.0],"rotation":{"angle":0.0,"axis":"y","origin":[20.597403,-16.857143,8.0]},"faces":{"east":{"uv":[3.625,5.375,4.5,8.0],"rotation":0,"texture":"#0","tintindex":0},"south":{"uv":[4.5,5.375,5.375,8.0],"rotation":0,"texture":"#0","tintindex":0},"north":{"uv":[2.75,5.375,3.625,8.0],"rotation":0,"texture":"#0","tintindex":0},"west":{"uv":[5.375,5.375,6.25,8.0],"rotation":0,"texture":"#0","tintindex":0},"up":{"uv":[9.0625,7.625,8.1875,6.75],"rotation":0,"texture":"#0","tintindex":0},"down":{"uv":[5.25,8.5,4.375,9.375],"rotation":0,"texture":"#0","tintindex":0}}},{"from":[1.3974023,-5.000001,2.3999996],"to":[2.9974027,-3.4000006,3.1999998],"rotation":{"angle":-45.0,"axis":"z","origin":[2.197402,-4.057143,2.7999997]},"faces":{"east":{"uv":[8.9375,9.375,9.0,9.5625],"rotation":0,"texture":"#0","tintindex":0},"south":{"uv":[9.625,0.6875,9.8125,0.875],"rotation":0,"texture":"#0","tintindex":0},"north":{"uv":[9.4375,7.8125,9.625,8.0],"rotation":0,"texture":"#0","tintindex":0},"west":{"uv":[9.625,7.8125,9.6875,8.0],"rotation":0,"texture":"#0","tintindex":0},"up":{"uv":[10.125,7.8125,9.9375,7.75],"rotation":0,"texture":"#0","tintindex":0},"down":{"uv":[10.1875,2.1875,10.0,2.25],"rotation":0,"texture":"#0","tintindex":0}}},{"from":[-1.0025978,-5.8,3.1999998],"to":[5.397403,-2.6000004,12.8],"rotation":{"angle":0.0,"axis":"y","origin":[20.597403,-16.857143,8.0]},"faces":{"east":{"uv":[10.0,1.5625,11.0625,1.9375],"rotation":0,"texture":"#0","tintindex":0},"south":{"uv":[1.5,10.375,2.1875,10.75],"rotation":0,"texture":"#0","tintindex":0},"north":{"uv":[8.1875,7.625,8.875,8.0],"rotation":0,"texture":"#0","tintindex":0},"west":{"uv":[6.5625,10.0625,7.625,10.4375],"rotation":0,"texture":"#0","tintindex":0},"up":{"uv":[6.8125,9.875,6.125,8.8125],"rotation":0,"texture":"#0","tintindex":0},"down":{"uv":[9.5625,4.625,8.875,5.6875],"rotation":0,"texture":"#0","tintindex":0}}},{"from":[-1.802597,-5.000001,7.0571427],"to":[-1.0025978,-3.4000006,8.657143],"rotation":{"angle":-45.0,"axis":"x","origin":[-1.4025984,-4.057143,8.0]},"faces":{"east":{"uv":[9.6875,9.1875,9.875,9.375],"rotation":0,"texture":"#0","tintindex":0},"south":{"uv":[9.875,9.1875,9.9375,9.375],"rotation":0,"texture":"#0","tintindex":0},"north":{"uv":[6.75,9.875,6.8125,10.0625],"rotation":0,"texture":"#0","tintindex":0},"west":{"uv":[9.6875,9.375,9.875,9.5625],"rotation":0,"texture":"#0","tintindex":0},"up":{"uv":[9.9375,9.5625,9.875,9.375],"rotation":0,"texture":"#0","tintindex":0},"down":{"uv":[3.9375,10.0,3.875,10.1875],"rotation":0,"texture":"#0","tintindex":0}}},{"from":[0.197402,0.34285688,2.3999996],"to":[1.7974024,1.9428568,3.1999998],"rotation":{"angle":-45.0,"axis":"z","origin":[0.9974022,1.1428566,2.7999997]},"faces":{"east":{"uv":[3.9375,10.0,4.0,10.1875],"rotation":0,"texture":"#0","tintindex":0},"south":{"uv":[2.1875,10.375,2.375,10.5625],"rotation":0,"texture":"#0","tintindex":0},"north":{"uv":[6.5625,9.875,6.75,10.0625],"rotation":0,"texture":"#0","tintindex":0},"west":{"uv":[3.875,10.1875,3.9375,10.375],"rotation":0,"texture":"#0","tintindex":0},"up":{"uv":[10.3125,7.8125,10.125,7.75],"rotation":0,"texture":"#0","tintindex":0},"down":{"uv":[10.375,2.1875,10.1875,2.25],"rotation":0,"texture":"#0","tintindex":0}}},{"from":[-1.802597,0.34285688,7.2],"to":[-1.0025978,1.9428568,8.8],"rotation":{"angle":-45.0,"axis":"x","origin":[-1.4025984,1.1428566,8.0]},"faces":{"east":{"uv":[2.375,10.375,2.5625,10.5625],"rotation":0,"texture":"#0","tintindex":0},"south":{"uv":[5.25,10.4375,5.3125,10.625],"rotation":0,"texture":"#0","tintindex":0},"north":{"uv":[3.9375,10.1875,4.0,10.375],"rotation":0,"texture":"#0","tintindex":0},"west":{"uv":[10.375,10.0625,10.5625,10.25],"rotation":0,"texture":"#0","tintindex":0},"up":{"uv":[5.375,10.625,5.3125,10.4375],"rotation":0,"texture":"#0","tintindex":0},"down":{"uv":[7.5625,10.4375,7.5,10.625],"rotation":0,"texture":"#0","tintindex":0}}},{"from":[0.9974022,7.542857,2.3999996],"to":[3.3974023,9.942858,3.1999998],"rotation":{"angle":45.0,"axis":"z","origin":[2.197402,8.742857,2.7999997]},"faces":{"east":{"uv":[2.75,4.375,2.8125,4.625],"rotation":0,"texture":"#0","tintindex":0},"south":{"uv":[2.5,6.8125,2.75,7.0625],"rotation":0,"texture":"#0","tintindex":0},"north":{"uv":[2.5,6.5625,2.75,6.8125],"rotation":0,"texture":"#0","tintindex":0},"west":{"uv":[2.75,4.625,2.8125,4.875],"rotation":0,"texture":"#0","tintindex":0},"up":{"uv":[6.25,5.3125,6.0,5.25],"rotation":0,"texture":"#0","tintindex":0},"down":{"uv":[6.25,5.3125,6.0,5.375],"rotation":0,"texture":"#0","tintindex":0}}},{"from":[-1.802597,7.542857,6.8],"to":[-1.0025978,9.942858,9.2],"rotation":{"angle":45.0,"axis":"x","origin":[-1.4025984,8.742857,8.0]},"faces":{"east":{"uv":[2.5,7.0625,2.75,7.3125],"rotation":0,"texture":"#0","tintindex":0},"south":{"uv":[2.75,5.125,2.8125,5.375],"rotation":0,"texture":"#0","tintindex":0},"north":{"uv":[2.75,4.875,2.8125,5.125],"rotation":0,"texture":"#0","tintindex":0},"west":{"uv":[2.5,7.3125,2.75,7.5625],"rotation":0,"texture":"#0","tintindex":0},"up":{"uv":[7.0625,4.875,7.0,4.625],"rotation":0,"texture":"#0","tintindex":0},"down":{"uv":[7.0625,4.875,7.0,5.125],"rotation":0,"texture":"#0","tintindex":0}}},{"from":[0.9974022,7.542857,12.8],"to":[3.3974023,9.942858,13.6],"rotation":{"angle":45.0,"axis":"z","origin":[2.197402,8.742857,13.200001]},"faces":{"east":{"uv":[7.0625,4.625,7.125,4.875],"rotation":0,"texture":"#0","tintindex":0},"south":{"uv":[8.25,1.5625,8.5,1.8125],"rotation":0,"texture":"#0","tintindex":0},"north":{"uv":[5.9375,8.0,6.1875,8.25],"rotation":0,"texture":"#0","tintindex":0},"west":{"uv":[7.0625,4.875,7.125,5.125],"rotation":0,"texture":"#0","tintindex":0},"up":{"uv":[7.125,5.1875,6.875,5.125],"rotation":0,"texture":"#0","tintindex":0},"down":{"uv":[7.125,5.1875,6.875,5.25],"rotation":0,"texture":"#0","tintindex":0}}},{"from":[0.197402,0.34285688,12.8],"to":[1.7974024,1.9428568,13.6],"rotation":{"angle":-45.0,"axis":"z","origin":[0.9974022,1.1428566,13.200001]},"faces":{"east":{"uv":[7.5625,10.4375,7.625,10.625],"rotation":0,"texture":"#0","tintindex":0},"south":{"uv":[4.5,10.4375,4.6875,10.625],"rotation":0,"texture":"#0","tintindex":0},"north":{"uv":[4.3125,10.4375,4.5,10.625],"rotation":0,"texture":"#0","tintindex":0},"west":{"uv":[9.4375,10.4375,9.5,10.625],"rotation":0,"texture":"#0","tintindex":0},"up":{"uv":[10.625,6.8125,10.4375,6.75],"rotation":0,"texture":"#0","tintindex":0},"down":{"uv":[10.625,6.8125,10.4375,6.875],"rotation":0,"texture":"#0","tintindex":0}}},{"from":[1.5402594,-4.8571434,12.8],"to":[3.1402597,-3.257144,13.6],"rotation":{"angle":-45.0,"axis":"z","origin":[2.197402,-4.057143,13.200001]},"faces":{"east":{"uv":[9.5,10.4375,9.5625,10.625],"rotation":0,"texture":"#0","tintindex":0},"south":{"uv":[4.875,10.4375,5.0625,10.625],"rotation":0,"texture":"#0","tintindex":0},"north":{"uv":[4.6875,10.4375,4.875,10.625],"rotation":0,"texture":"#0","tintindex":0},"west":{"uv":[9.5625,10.4375,9.625,10.625],"rotation":0,"texture":"#0","tintindex":0},"up":{"uv":[9.8125,10.5,9.625,10.4375],"rotation":0,"texture":"#0","tintindex":0},"down":{"uv":[9.8125,10.5,9.625,10.5625],"rotation":0,"texture":"#0","tintindex":0}}},{"from":[-1.0025978,-0.8571434,3.1999998],"to":[2.9974027,3.142857,12.8],"rotation":{"angle":0.0,"axis":"y","origin":[20.597403,-16.857143,8.0]},"faces":{"east":{"uv":[9.8125,0.6875,10.875,1.125],"rotation":0,"texture":"#0","tintindex":0},"south":{"uv":[3.0,10.4375,3.4375,10.875],"rotation":0,"texture":"#0","tintindex":0},"north":{"uv":[10.375,9.4375,10.8125,9.875],"rotation":0,"texture":"#0","tintindex":0},"west":{"uv":[9.8125,1.125,10.875,1.5625],"rotation":0,"texture":"#0","tintindex":0},"up":{"uv":[6.5625,10.9375,6.125,9.875],"rotation":0,"texture":"#0","tintindex":0},"down":{"uv":[0.4375,9.9375,0.0,11.0],"rotation":0,"texture":"#0","tintindex":0}}},{"from":[-1.0025978,5.542857,3.1999998],"to":[5.397403,11.942858,12.8],"rotation":{"angle":0.0,"axis":"y","origin":[20.597403,-16.857143,8.0]},"faces":{"east":{"uv":[8.75,0.875,9.8125,1.5625],"rotation":0,"texture":"#0","tintindex":0},"south":{"uv":[9.6875,7.8125,10.375,8.5],"rotation":0,"texture":"#0","tintindex":0},"north":{"uv":[9.625,0.0,10.3125,0.6875],"rotation":0,"texture":"#0","tintindex":0},"west":{"uv":[8.9375,1.5625,10.0,2.25],"rotation":0,"texture":"#0","tintindex":0},"up":{"uv":[3.3125,10.0,2.625,8.9375],"rotation":0,"texture":"#0","tintindex":0},"down":{"uv":[4.0,8.9375,3.3125,10.0],"rotation":0,"texture":"#0","tintindex":0}}}],"textures":{"0":"modelengine:entity/ogro"},"display":{"head":{"translation":[0.0,-6.4,0.0],"scale":[4.0,4.0,4.0]}}}