{"elements":[{"from":[4.0,-0.9714289,4.0],"to":[12.0,7.8285713,12.0],"rotation":{"angle":0.0,"axis":"y","origin":[1.5999999,-0.9714289,8.0]},"faces":{"east":{"uv":[6.25,7.875,7.125,8.8125],"rotation":0,"texture":"#0","tintindex":0},"south":{"uv":[2.625,8.0,3.5,8.9375],"rotation":0,"texture":"#0","tintindex":0},"north":{"uv":[1.75,7.625,2.625,8.5625],"rotation":0,"texture":"#0","tintindex":0},"west":{"uv":[3.5,8.0,4.375,8.9375],"rotation":0,"texture":"#0","tintindex":0},"up":{"uv":[2.625,9.4375,1.75,8.5625],"rotation":0,"texture":"#0","tintindex":0},"down":{"uv":[9.625,0.0,8.75,0.875],"rotation":0,"texture":"#0","tintindex":0}}}],"textures":{"0":"modelengine:entity/ogro"},"display":{"head":{"translation":[0.0,-6.4,0.0],"scale":[4.0,4.0,4.0]}}}