{"elements":[{"from":[8.272528,-13.441759,4.0],"to":[16.272528,10.558242,12.0],"rotation":{"angle":0.0,"axis":"y","origin":[-4.5274725,-17.44176,8.0]},"faces":{"east":{"uv":[5.625,2.625,6.5,5.25],"rotation":0,"texture":"#0","tintindex":0},"south":{"uv":[6.25,5.25,7.125,7.875],"rotation":0,"texture":"#0","tintindex":0},"north":{"uv":[5.625,0.0,6.5,2.625],"rotation":0,"texture":"#0","tintindex":0},"west":{"uv":[6.5,0.0,7.375,2.625],"rotation":0,"texture":"#0","tintindex":0},"up":{"uv":[6.125,9.375,5.25,8.5],"rotation":0,"texture":"#0","tintindex":0},"down":{"uv":[9.0,8.5,8.125,9.375],"rotation":0,"texture":"#0","tintindex":0}}},{"from":[13.2153845,-5.5846157,2.3999996],"to":[14.815385,-3.9846163,3.1999998],"rotation":{"angle":-45.0,"axis":"z","origin":[13.872528,-4.641759,2.7999997]},"faces":{"east":{"uv":[9.8125,10.4375,9.875,10.625],"rotation":0,"texture":"#0","tintindex":0},"south":{"uv":[10.4375,6.1875,10.625,6.375],"rotation":0,"texture":"#0","tintindex":0},"north":{"uv":[5.0625,10.4375,5.25,10.625],"rotation":0,"texture":"#0","tintindex":0},"west":{"uv":[9.875,10.4375,9.9375,10.625],"rotation":0,"texture":"#0","tintindex":0},"up":{"uv":[2.375,10.625,2.1875,10.5625],"rotation":0,"texture":"#0","tintindex":0},"down":{"uv":[2.5625,10.5625,2.375,10.625],"rotation":0,"texture":"#0","tintindex":0}}},{"from":[10.672527,-6.5274734,3.1999998],"to":[17.072529,-3.3274727,12.8],"rotation":{"angle":0.0,"axis":"y","origin":[-4.5274725,-17.44176,8.0]},"faces":{"east":{"uv":[8.875,10.0625,9.9375,10.4375],"rotation":0,"texture":"#0","tintindex":0},"south":{"uv":[10.375,2.5625,11.0625,2.9375],"rotation":0,"texture":"#0","tintindex":0},"north":{"uv":[10.375,2.1875,11.0625,2.5625],"rotation":0,"texture":"#0","tintindex":0},"west":{"uv":[9.9375,10.25,11.0,10.625],"rotation":0,"texture":"#0","tintindex":0},"up":{"uv":[9.6875,9.5625,9.0,8.5],"rotation":0,"texture":"#0","tintindex":0},"down":{"uv":[9.75,6.75,9.0625,7.8125],"rotation":0,"texture":"#0","tintindex":0}}},{"from":[17.072529,-5.5846157,7.0571427],"to":[17.872528,-3.9846163,8.657143],"rotation":{"angle":-45.0,"axis":"x","origin":[17.472528,-4.641759,8.0]},"faces":{"east":{"uv":[10.4375,6.375,10.625,6.5625],"rotation":0,"texture":"#0","tintindex":0},"south":{"uv":[9.6875,10.5625,9.75,10.75],"rotation":0,"texture":"#0","tintindex":0},"north":{"uv":[9.625,10.5625,9.6875,10.75],"rotation":0,"texture":"#0","tintindex":0},"west":{"uv":[6.5625,10.4375,6.75,10.625],"rotation":0,"texture":"#0","tintindex":0},"up":{"uv":[9.8125,10.75,9.75,10.5625],"rotation":0,"texture":"#0","tintindex":0},"down":{"uv":[10.625,10.0625,10.5625,10.25],"rotation":0,"texture":"#0","tintindex":0}}},{"from":[17.072529,-0.24175835,7.2],"to":[17.872528,1.3582411,8.8],"rotation":{"angle":-45.0,"axis":"x","origin":[17.472528,0.55824137,8.0]},"faces":{"east":{"uv":[10.4375,6.5625,10.625,6.75],"rotation":0,"texture":"#0","tintindex":0},"south":{"uv":[0.5,10.625,0.5625,10.8125],"rotation":0,"texture":"#0","tintindex":0},"north":{"uv":[0.4375,10.625,0.5,10.8125],"rotation":0,"texture":"#0","tintindex":0},"west":{"uv":[6.75,10.4375,6.9375,10.625],"rotation":0,"texture":"#0","tintindex":0},"up":{"uv":[0.625,10.8125,0.5625,10.625],"rotation":0,"texture":"#0","tintindex":0},"down":{"uv":[0.6875,10.625,0.625,10.8125],"rotation":0,"texture":"#0","tintindex":0}}},{"from":[14.272528,-0.24175835,2.3999996],"to":[15.872528,1.3582411,3.1999998],"rotation":{"angle":-45.0,"axis":"z","origin":[15.072527,0.55824137,2.7999997]},"faces":{"east":{"uv":[0.6875,10.625,0.75,10.8125],"rotation":0,"texture":"#0","tintindex":0},"south":{"uv":[7.125,10.4375,7.3125,10.625],"rotation":0,"texture":"#0","tintindex":0},"north":{"uv":[6.9375,10.4375,7.125,10.625],"rotation":0,"texture":"#0","tintindex":0},"west":{"uv":[0.75,10.625,0.8125,10.8125],"rotation":0,"texture":"#0","tintindex":0},"up":{"uv":[1.0,10.6875,0.8125,10.625],"rotation":0,"texture":"#0","tintindex":0},"down":{"uv":[1.1875,10.625,1.0,10.6875],"rotation":0,"texture":"#0","tintindex":0}}},{"from":[13.072527,-1.4417591,3.1999998],"to":[17.072529,2.5582414,12.8],"rotation":{"angle":0.0,"axis":"y","origin":[-4.5274725,-17.44176,8.0]},"faces":{"east":{"uv":[0.4375,9.9375,1.5,10.375],"rotation":0,"texture":"#0","tintindex":0},"south":{"uv":[3.875,10.4375,4.3125,10.875],"rotation":0,"texture":"#0","tintindex":0},"north":{"uv":[3.4375,10.4375,3.875,10.875],"rotation":0,"texture":"#0","tintindex":0},"west":{"uv":[1.5,9.9375,2.5625,10.375],"rotation":0,"texture":"#0","tintindex":0},"up":{"uv":[10.375,10.25,9.9375,9.1875],"rotation":0,"texture":"#0","tintindex":0},"down":{"uv":[3.0,10.0,2.5625,11.0625],"rotation":0,"texture":"#0","tintindex":0}}},{"from":[10.672527,4.9582415,3.1999998],"to":[17.072529,11.358242,12.8],"rotation":{"angle":0.0,"axis":"y","origin":[-4.5274725,-17.44176,8.0]},"faces":{"east":{"uv":[9.3125,2.25,10.375,2.9375],"rotation":0,"texture":"#0","tintindex":0},"south":{"uv":[9.75,6.1875,10.4375,6.875],"rotation":0,"texture":"#0","tintindex":0},"north":{"uv":[9.6875,8.5,10.375,9.1875],"rotation":0,"texture":"#0","tintindex":0},"west":{"uv":[9.3125,2.9375,10.375,3.625],"rotation":0,"texture":"#0","tintindex":0},"up":{"uv":[4.6875,10.4375,4.0,9.375],"rotation":0,"texture":"#0","tintindex":0},"down":{"uv":[5.375,9.375,4.6875,10.4375],"rotation":0,"texture":"#0","tintindex":0}}},{"from":[12.672527,6.9582415,2.3999996],"to":[15.072527,9.358242,3.1999998],"rotation":{"angle":45.0,"axis":"z","origin":[13.872528,8.158242,2.7999997]},"faces":{"east":{"uv":[2.625,7.5625,2.6875,7.8125],"rotation":0,"texture":"#0","tintindex":0},"south":{"uv":[8.5,1.5625,8.75,1.8125],"rotation":0,"texture":"#0","tintindex":0},"north":{"uv":[5.9375,8.25,6.1875,8.5],"rotation":0,"texture":"#0","tintindex":0},"west":{"uv":[2.6875,7.5625,2.75,7.8125],"rotation":0,"texture":"#0","tintindex":0},"up":{"uv":[8.5,1.875,8.25,1.8125],"rotation":0,"texture":"#0","tintindex":0},"down":{"uv":[8.625,6.1875,8.375,6.25],"rotation":0,"texture":"#0","tintindex":0}}},{"from":[17.072529,6.9582415,6.8],"to":[17.872528,9.358242,9.2],"rotation":{"angle":45.0,"axis":"x","origin":[17.472528,8.158242,8.0]},"faces":{"east":{"uv":[8.625,2.375,8.875,2.625],"rotation":0,"texture":"#0","tintindex":0},"south":{"uv":[6.1875,8.25,6.25,8.5],"rotation":0,"texture":"#0","tintindex":0},"north":{"uv":[6.1875,8.0,6.25,8.25],"rotation":0,"texture":"#0","tintindex":0},"west":{"uv":[6.8125,8.8125,7.0625,9.0625],"rotation":0,"texture":"#0","tintindex":0},"up":{"uv":[6.1875,8.75,6.125,8.5],"rotation":0,"texture":"#0","tintindex":0},"down":{"uv":[6.25,8.5,6.1875,8.75],"rotation":0,"texture":"#0","tintindex":0}}},{"from":[14.272528,-0.24175835,12.8],"to":[15.872528,1.3582411,13.6],"rotation":{"angle":-45.0,"axis":"z","origin":[15.072527,0.55824137,13.200001]},"faces":{"east":{"uv":[1.1875,10.625,1.25,10.8125],"rotation":0,"texture":"#0","tintindex":0},"south":{"uv":[8.875,10.4375,9.0625,10.625],"rotation":0,"texture":"#0","tintindex":0},"north":{"uv":[7.3125,10.4375,7.5,10.625],"rotation":0,"texture":"#0","tintindex":0},"west":{"uv":[1.25,10.625,1.3125,10.8125],"rotation":0,"texture":"#0","tintindex":0},"up":{"uv":[1.5,10.6875,1.3125,10.625],"rotation":0,"texture":"#0","tintindex":0},"down":{"uv":[2.375,10.625,2.1875,10.6875],"rotation":0,"texture":"#0","tintindex":0}}},{"from":[13.2153845,-5.5846157,12.8],"to":[14.815385,-3.9846163,13.6],"rotation":{"angle":-45.0,"axis":"z","origin":[13.872528,-4.641759,13.200001]},"faces":{"east":{"uv":[2.375,10.625,2.4375,10.8125],"rotation":0,"texture":"#0","tintindex":0},"south":{"uv":[9.25,10.4375,9.4375,10.625],"rotation":0,"texture":"#0","tintindex":0},"north":{"uv":[9.0625,10.4375,9.25,10.625],"rotation":0,"texture":"#0","tintindex":0},"west":{"uv":[2.4375,10.625,2.5,10.8125],"rotation":0,"texture":"#0","tintindex":0},"up":{"uv":[4.5,10.6875,4.3125,10.625],"rotation":0,"texture":"#0","tintindex":0},"down":{"uv":[4.6875,10.625,4.5,10.6875],"rotation":0,"texture":"#0","tintindex":0}}},{"from":[12.672527,6.9582415,12.8],"to":[15.072527,9.358242,13.6],"rotation":{"angle":45.0,"axis":"z","origin":[13.872528,8.158242,13.200001]},"faces":{"east":{"uv":[7.0625,8.8125,7.125,9.0625],"rotation":0,"texture":"#0","tintindex":0},"south":{"uv":[4.0,8.9375,4.25,9.1875],"rotation":0,"texture":"#0","tintindex":0},"north":{"uv":[8.875,2.375,9.125,2.625],"rotation":0,"texture":"#0","tintindex":0},"west":{"uv":[4.25,8.9375,4.3125,9.1875],"rotation":0,"texture":"#0","tintindex":0},"up":{"uv":[8.75,1.875,8.5,1.8125],"rotation":0,"texture":"#0","tintindex":0},"down":{"uv":[8.875,6.1875,8.625,6.25],"rotation":0,"texture":"#0","tintindex":0}}}],"textures":{"0":"modelengine:entity/ogro"},"display":{"head":{"translation":[0.0,-6.4,0.0],"scale":[4.0,4.0,4.0]}}}