{"elements":[{"from":[5.957143,7.9535713,6.885714],"to":[10.042857,12.410715,9.114285],"rotation":{"angle":0.0,"axis":"y","origin":[7.6285715,3.4964285,8.0]},"faces":{"east":{"uv":[2.25,4.0,3.0,5.5],"rotation":0,"texture":"#0","tintindex":0},"south":{"uv":[1.75,1.5,3.125,3.0],"rotation":0,"texture":"#0","tintindex":0},"north":{"uv":[1.75,0.0,3.125,1.5],"rotation":0,"texture":"#0","tintindex":0},"west":{"uv":[4.5,0.0,5.25,1.5],"rotation":0,"texture":"#0","tintindex":0},"up":{"uv":[5.875,2.25,4.5,1.5],"rotation":0,"texture":"#0","tintindex":0},"down":{"uv":[5.875,3.75,4.5,4.5],"rotation":0,"texture":"#0","tintindex":0}}},{"from":[5.957143,6.467857,6.885714],"to":[5.957143,7.9535713,9.114285],"rotation":{"angle":0.0,"axis":"y","origin":[7.6285715,3.4964285,8.0]},"faces":{"east":{"uv":[6.5,2.25,7.25,2.75],"rotation":0,"texture":"#0","tintindex":0},"south":{"uv":[0.0,0.0,0.0,0.5],"rotation":0,"texture":"#0","tintindex":0},"north":{"uv":[0.0,0.0,0.0,0.5],"rotation":0,"texture":"#0","tintindex":0},"west":{"uv":[4.0,6.5,4.75,7.0],"rotation":0,"texture":"#0","tintindex":0},"up":{"uv":[0.0,0.75,0.0,0.0],"rotation":0,"texture":"#0","tintindex":0},"down":{"uv":[0.0,0.0,0.0,0.75],"rotation":0,"texture":"#0","tintindex":0}}},{"from":[5.957143,6.467857,6.885714],"to":[10.042857,7.9535713,6.885714],"rotation":{"angle":0.0,"axis":"y","origin":[7.6285715,3.4964285,8.0]},"faces":{"east":{"uv":[0.0,0.0,0.0,0.5],"rotation":0,"texture":"#0","tintindex":0},"south":{"uv":[5.5,5.0,6.875,5.5],"rotation":0,"texture":"#0","tintindex":0},"north":{"uv":[1.0,5.5,2.375,6.0],"rotation":0,"texture":"#0","tintindex":0},"west":{"uv":[0.0,0.0,0.0,0.5],"rotation":0,"texture":"#0","tintindex":0},"up":{"uv":[1.375,0.0,0.0,0.0],"rotation":0,"texture":"#0","tintindex":0},"down":{"uv":[1.375,0.0,0.0,0.0],"rotation":0,"texture":"#0","tintindex":0}}},{"from":[5.957143,6.467857,9.114285],"to":[10.042857,7.9535713,9.114285],"rotation":{"angle":0.0,"axis":"y","origin":[7.6285715,3.4964285,8.0]},"faces":{"east":{"uv":[0.0,0.0,0.0,0.5],"rotation":0,"texture":"#0","tintindex":0},"south":{"uv":[5.75,0.0,7.125,0.5],"rotation":0,"texture":"#0","tintindex":0},"north":{"uv":[5.5,5.5,6.875,6.0],"rotation":0,"texture":"#0","tintindex":0},"west":{"uv":[0.0,0.0,0.0,0.5],"rotation":0,"texture":"#0","tintindex":0},"up":{"uv":[1.375,0.0,0.0,0.0],"rotation":0,"texture":"#0","tintindex":0},"down":{"uv":[1.375,0.0,0.0,0.0],"rotation":0,"texture":"#0","tintindex":0}}},{"from":[10.042857,6.467857,6.885714],"to":[10.042857,7.9535713,9.114285],"rotation":{"angle":0.0,"axis":"y","origin":[7.6285715,3.4964285,8.0]},"faces":{"east":{"uv":[4.75,6.5,5.5,7.0],"rotation":0,"texture":"#0","tintindex":0},"south":{"uv":[0.0,0.0,0.0,0.5],"rotation":0,"texture":"#0","tintindex":0},"north":{"uv":[0.0,0.0,0.0,0.5],"rotation":0,"texture":"#0","tintindex":0},"west":{"uv":[0.75,6.75,1.5,7.25],"rotation":0,"texture":"#0","tintindex":0},"up":{"uv":[0.0,0.75,0.0,0.0],"rotation":0,"texture":"#0","tintindex":0},"down":{"uv":[0.0,0.0,0.0,0.75],"rotation":0,"texture":"#0","tintindex":0}}},{"from":[6.885714,12.410715,7.257143],"to":[9.114285,13.896429,8.742857],"rotation":{"angle":0.0,"axis":"y","origin":[7.6285715,4.2392855,8.0]},"faces":{"east":{"uv":[1.75,5.25,2.25,5.5],"rotation":0,"texture":"#0","tintindex":0},"south":{"uv":[6.25,4.75,7.0,5.0],"rotation":0,"texture":"#0","tintindex":0},"north":{"uv":[1.0,5.25,1.75,5.5],"rotation":0,"texture":"#0","tintindex":0},"west":{"uv":[6.75,1.75,7.25,2.0],"rotation":0,"texture":"#0","tintindex":0},"up":{"uv":[7.5,1.75,6.75,1.25],"rotation":0,"texture":"#0","tintindex":0},"down":{"uv":[2.25,6.75,1.5,7.25],"rotation":0,"texture":"#0","tintindex":0}}}],"textures":{"0":"modelengine:entity/goblin"},"display":{"head":{"translation":[0.0,-6.4,0.0],"scale":[4.0,4.0,4.0]}}}