{"elements":[{"from":[6.5142856,4.1,7.257143],"to":[8.0,8.557143,8.742857],"rotation":{"angle":0.0,"axis":"y","origin":[9.671429,-0.3571434,8.0]},"faces":{"east":{"uv":[4.5,5.0,5.0,6.5],"rotation":0,"texture":"#0","tintindex":0},"south":{"uv":[5.0,5.0,5.5,6.5],"rotation":0,"texture":"#0","tintindex":0},"north":{"uv":[4.0,5.0,4.5,6.5],"rotation":0,"texture":"#0","tintindex":0},"west":{"uv":[5.25,0.0,5.75,1.5],"rotation":0,"texture":"#0","tintindex":0},"up":{"uv":[7.75,2.75,7.25,2.25],"rotation":0,"texture":"#0","tintindex":0},"down":{"uv":[3.75,7.25,3.25,7.75],"rotation":0,"texture":"#0","tintindex":0}}},{"from":[6.5142856,8.557143,7.257143],"to":[8.3714285,8.928572,8.742857],"rotation":{"angle":0.0,"axis":"y","origin":[9.671429,-0.3571434,8.0]},"faces":{"east":{"uv":[6.5,7.5,7.0,7.625],"rotation":0,"texture":"#0","tintindex":0},"south":{"uv":[7.5,7.25,8.125,7.375],"rotation":0,"texture":"#0","tintindex":0},"north":{"uv":[7.25,4.25,7.875,4.375],"rotation":0,"texture":"#0","tintindex":0},"west":{"uv":[7.75,0.5,8.25,0.625],"rotation":0,"texture":"#0","tintindex":0},"up":{"uv":[7.625,6.75,7.0,6.25],"rotation":0,"texture":"#0","tintindex":0},"down":{"uv":[7.625,6.75,7.0,7.25],"rotation":0,"texture":"#0","tintindex":0}}}],"textures":{"0":"modelengine:entity/goblin"},"display":{"head":{"translation":[0.0,-6.4,0.0],"scale":[4.0,4.0,4.0]}}}