{"elements":[{"from":[7.6285715,8.557143,7.1879663],"to":[9.485714,8.928572,8.673681],"rotation":{"angle":0.0,"axis":"y","origin":[5.5857143,-0.3571434,7.930824]},"faces":{"east":{"uv":[0.75,7.75,1.25,7.875],"rotation":0,"texture":"#0","tintindex":0},"south":{"uv":[0.0,7.75,0.625,7.875],"rotation":0,"texture":"#0","tintindex":0},"north":{"uv":[7.5,7.5,8.125,7.625],"rotation":0,"texture":"#0","tintindex":0},"west":{"uv":[7.75,0.75,8.25,0.875],"rotation":0,"texture":"#0","tintindex":0},"up":{"uv":[7.875,0.5,7.25,0.0],"rotation":0,"texture":"#0","tintindex":0},"down":{"uv":[1.125,7.25,0.5,7.75],"rotation":0,"texture":"#0","tintindex":0}}},{"from":[8.0,4.1,7.1879663],"to":[9.485714,8.557143,8.673681],"rotation":{"angle":0.0,"axis":"y","origin":[5.5857143,-0.3571434,7.930824]},"faces":{"east":{"uv":[0.0,4.75,0.5,6.25],"rotation":0,"texture":"#0","tintindex":0},"south":{"uv":[0.5,4.75,1.0,6.25],"rotation":0,"texture":"#0","tintindex":0},"north":{"uv":[3.0,4.0,3.5,5.5],"rotation":0,"texture":"#0","tintindex":0},"west":{"uv":[3.5,5.0,4.0,6.5],"rotation":0,"texture":"#0","tintindex":0},"up":{"uv":[1.75,7.75,1.25,7.25],"rotation":0,"texture":"#0","tintindex":0},"down":{"uv":[2.25,7.25,1.75,7.75],"rotation":0,"texture":"#0","tintindex":0}}},{"from":[8.3714285,4.4714284,8.673681],"to":[9.114285,5.214286,9.416538],"rotation":{"angle":0.0,"axis":"y","origin":[5.5857143,-0.3571434,7.930824]},"faces":{"east":{"uv":[7.25,1.0,7.5,1.25],"rotation":0,"texture":"#0","tintindex":0},"south":{"uv":[7.25,1.75,7.5,2.0],"rotation":0,"texture":"#0","tintindex":0},"north":{"uv":[0.5,7.0,0.75,7.25],"rotation":0,"texture":"#0","tintindex":0},"west":{"uv":[1.25,7.75,1.5,8.0],"rotation":0,"texture":"#0","tintindex":0},"up":{"uv":[1.75,8.0,1.5,7.75],"rotation":0,"texture":"#0","tintindex":0},"down":{"uv":[2.0,7.75,1.75,8.0],"rotation":0,"texture":"#0","tintindex":0}}},{"from":[8.445714,4.5457144,9.416538],"to":[9.04,5.14,9.602252],"rotation":{"angle":0.0,"axis":"y","origin":[5.5857143,-0.3571434,7.930824]},"faces":{"east":{"uv":[7.75,5.75,7.875,6.0],"rotation":0,"texture":"#0","tintindex":0},"south":{"uv":[7.75,2.0,8.0,2.25],"rotation":0,"texture":"#0","tintindex":0},"north":{"uv":[2.0,7.75,2.25,8.0],"rotation":0,"texture":"#0","tintindex":0},"west":{"uv":[7.75,6.0,7.875,6.25],"rotation":0,"texture":"#0","tintindex":0},"up":{"uv":[8.0,6.375,7.75,6.25],"rotation":0,"texture":"#0","tintindex":0},"down":{"uv":[6.75,7.75,6.5,7.875],"rotation":0,"texture":"#0","tintindex":0}}},{"from":[8.3714285,3.7285714,6.6308236],"to":[9.114285,5.957143,7.1879663],"rotation":{"angle":0.0,"axis":"y","origin":[5.5857143,-0.3571434,7.930824]},"faces":{"east":{"uv":[5.25,7.0,5.5,7.75],"rotation":0,"texture":"#0","tintindex":0},"south":{"uv":[3.75,7.25,4.0,8.0],"rotation":0,"texture":"#0","tintindex":0},"north":{"uv":[3.25,5.5,3.5,6.25],"rotation":0,"texture":"#0","tintindex":0},"west":{"uv":[4.5,7.5,4.75,8.25],"rotation":0,"texture":"#0","tintindex":0},"up":{"uv":[2.5,8.0,2.25,7.75],"rotation":0,"texture":"#0","tintindex":0},"down":{"uv":[8.0,2.25,7.75,2.5],"rotation":0,"texture":"#0","tintindex":0}}},{"from":[8.445714,4.4714284,5.887966],"to":[9.04,5.214286,6.6308236],"rotation":{"angle":0.0,"axis":"y","origin":[5.5857143,-0.3571434,8.116538]},"faces":{"east":{"uv":[7.75,2.5,8.0,2.75],"rotation":0,"texture":"#0","tintindex":0},"south":{"uv":[2.75,7.75,3.0,8.0],"rotation":0,"texture":"#0","tintindex":0},"north":{"uv":[2.5,7.75,2.75,8.0],"rotation":0,"texture":"#0","tintindex":0},"west":{"uv":[3.0,7.75,3.25,8.0],"rotation":0,"texture":"#0","tintindex":0},"up":{"uv":[3.5,8.0,3.25,7.75],"rotation":0,"texture":"#0","tintindex":0},"down":{"uv":[3.75,7.75,3.5,8.0],"rotation":0,"texture":"#0","tintindex":0}}},{"from":[8.445714,4.842857,5.5165377],"to":[9.04,5.362857,6.036538],"rotation":{"angle":45.0,"axis":"x","origin":[8.742857,4.842857,5.5165377]},"faces":{"east":{"uv":[7.75,7.0,7.875,7.125],"rotation":0,"texture":"#0","tintindex":0},"south":{"uv":[6.75,7.75,7.0,7.875],"rotation":0,"texture":"#0","tintindex":0},"north":{"uv":[7.75,6.5,8.0,6.625],"rotation":0,"texture":"#0","tintindex":0},"west":{"uv":[7.25,7.75,7.375,7.875],"rotation":0,"texture":"#0","tintindex":0},"up":{"uv":[8.0,6.875,7.75,6.75],"rotation":0,"texture":"#0","tintindex":0},"down":{"uv":[7.25,7.75,7.0,7.875],"rotation":0,"texture":"#0","tintindex":0}}},{"from":[8.557143,4.1,2.1736808],"to":[8.928572,5.5857143,6.6308236],"rotation":{"angle":0.0,"axis":"y","origin":[5.5857143,-0.3571434,8.116538]},"faces":{"east":{"uv":[4.75,2.75,6.25,3.25],"rotation":0,"texture":"#0","tintindex":0},"south":{"uv":[4.0,7.75,4.125,8.25],"rotation":0,"texture":"#0","tintindex":0},"north":{"uv":[7.75,3.75,7.875,4.25],"rotation":0,"texture":"#0","tintindex":0},"west":{"uv":[4.75,3.25,6.25,3.75],"rotation":0,"texture":"#0","tintindex":0},"up":{"uv":[4.875,9.0,4.75,7.5],"rotation":0,"texture":"#0","tintindex":0},"down":{"uv":[5.125,7.5,5.0,9.0],"rotation":0,"texture":"#0","tintindex":0}}},{"from":[8.557143,4.322857,1.6536808],"to":[8.928572,5.362857,2.6936808],"rotation":{"angle":45.0,"axis":"x","origin":[8.742857,4.842857,2.1736808]},"faces":{"east":{"uv":[5.5,7.5,5.875,7.875],"rotation":0,"texture":"#0","tintindex":0},"south":{"uv":[7.75,4.75,7.875,5.125],"rotation":0,"texture":"#0","tintindex":0},"north":{"uv":[4.25,7.75,4.375,8.125],"rotation":0,"texture":"#0","tintindex":0},"west":{"uv":[6.0,7.5,6.375,7.875],"rotation":0,"texture":"#0","tintindex":0},"up":{"uv":[5.375,8.125,5.25,7.75],"rotation":0,"texture":"#0","tintindex":0},"down":{"uv":[7.875,5.25,7.75,5.625],"rotation":0,"texture":"#0","tintindex":0}}}],"textures":{"0":"modelengine:entity/goblin"},"display":{"head":{"translation":[0.0,-6.4,0.0],"scale":[4.0,4.0,4.0]}}}